,res_start,res_final,kind,size,label,pdbid,chain,seq,c_mean,t_mean,w_mean,c_std,t_std,w_std,c_raw,t_raw,w_raw,cs_raw,ts_raw,ws_raw,cs_mean,ts_mean,ws_mean,c_std_s,t_std_s,ws_std,phi,psi,ss,ss_pp2,ho1_en_mean,ho1_A_mean,ho1_en_std,ho1_A_std,ho1_en_median,ho1_A_median,ho1_en_vals,ho1_A_vals,ho2_en_mean,ho2_A_mean,ho2_en_std,ho2_A_std,ho2_en_median,ho2_en_vals,ho2_A_vals,hn1_en_mean,hn1_A_mean,hn1_en_std,hn1_A_std,hn1_en_median,hn1_A_median,hn1_en_vals,hn1_A_vals,hn2_en_mean,hn2_A_mean,hn2_en_std,hn2_A_std,hn2_en_median,hn2_A_median,hn2_en_vals,hn2_A_vals,ss_major,grp_frag_clusters,membership_vec,is_at_core,ssx_label
1575,673,676,labels,4,1-p,3no0,C,['L' 'L' 'V' 'I'],0.939725,-0.093475,-0.0214672498404979,0.19014317,0.0049748523,0.008972132816433,[0.7385 0.9327 1.1959 0.8918],[-0.0987 -0.0967 -0.0886 -0.0899],[-0.023107 -0.031583 -0.021394 -0.009785],[0.31915295 0.46700185 0.4919718  0.436559  ],[0.55524827 0.43687946 0.44312059 0.4173759 ],[0.46655666 0.4577311  0.46513221 0.46615331],0.428671399752299,0.4631560544172923,0.4638933191696803,0.076447517198031,0.0623663319360463,0.0041516568463951,['-128.4' '-96.2' '-72.7' '-124.3'],['135.7' '112.8' '126.3' '127.6'],['E' 'E' 'E' 'E'],['E' 'E' 'E' 'E'],-2.5,23.5,0.0816496580927726,15.758595538097085,-2.5,-2.0,[-2.5 -2.5 -2.6 -2.4],[12 39  8 35],-0.4499999999999999,-2.0,0.1732050807568877,0.0,-0.4,[-0.3 -0.4 -0.7 -0.4],[-2 -2 -2 -2],-2.25,23.25,0.5066228051190221,15.521490478258416,-2.45,23.0,[-2.5 -2.4 -1.5 -2.6],[12 39  8 34],-0.825,10.25,0.6652067347825036,16.5,-0.55,2.0,[-0.7 -0.4 -0.4 -1.8],[ 2  2  2 35],E,1,[0.11420491 0.18245384 0.1397128  0.16725502 0.18936841],True,Beta
1809,257,260,labels,4,1-p,7kc3,C,['Y' 'I' 'I' 'G'],0.96935004,-0.051875,-0.0089017499703913,0.15634237,0.009675183,0.0021676506045758,[1.0984 0.7554 1.0722 0.9514],[-0.0548 -0.0599 -0.055  -0.0378],[-0.005713 -0.009845 -0.010533 -0.009516],[0.42888723 0.47659565 0.45265184 0.39468178],[0.52113477 0.51794328 0.53000001 0.57148937],[0.48615724 0.48550501 0.48339223 0.48369834],0.4382041245698929,0.5351418604453405,0.4846882050236066,0.0349458847012311,0.0247626727635981,0.0013521129329356,['-118.4' '-120.3' '-114.2' '-110.6'],['123.5' '134.2' '115.2' '128.8'],['E' 'E' 'E' 'E'],['E' 'E' 'E' 'E'],-2.85,2.0,0.2081665999466132,28.867513459481287,-2.85,-2.0,[-2.6 -2.9 -3.1 -2.8],[-23  27 -23  27],-0.45,-2.0,0.0577350269189625,0.0,-0.45,[-0.5 -0.4 -0.4 -0.5],[-2 -2 -2 -2],-2.7749999999999995,4.0,0.125830573921179,28.867513459481287,-2.8,4.0,[-2.9 -2.8 -2.6 -2.8],[-21  29 -21  29],-0.4499999999999999,2.0,0.0577350269189625,0.0,-0.45,2.0,[-0.4 -0.5 -0.5 -0.4],[2 2 2 2],E,1,[0.10988609 0.17468058 0.13253128 0.1587239  0.18134971],True,Beta
2193,7,10,labels,4,1-p,1mdq,A,['L' 'V' 'I' 'W'],0.933525,-0.058324996,-0.0099090001895092,0.135309,0.0068723476,0.0066899146955101,[0.9026 1.0739 0.7599 0.9977],[-0.0677 -0.0587 -0.0552 -0.0517],[-0.017548 -0.011531 -0.009177 -0.00138 ],[0.38860625 0.44571302 0.4612032  0.37321381],[0.59368796 0.50950357 0.5208511  0.4876596 ],[0.4886161  0.47874667 0.48772889 0.48863222],0.4171840697526932,0.5279255583882333,0.485930971801281,0.042823905004974,0.0459545368140845,0.0048080952849003,['-128.1' '-100.0' '-127.0' '-122.5'],['116.3' '132.7' '140.2' '125.9'],['E' 'E' 'E' 'E'],['E' 'E' 'E' 'E'],-1.6,25.25,0.9626352718795768,20.91849261618373,-1.65,-2.0,[-2.7 -0.4 -1.9 -1.4],[27 -2 27 49],-0.325,5.25,0.0957427107756338,14.5,-0.35,[-0.3 -0.2 -0.4 -0.4],[-2 27 -2 -2],-2.35,40.0,0.9746794344808964,12.701705922171769,-1.95,40.0,[-2.  -1.9 -3.8 -1.7],[29 51 29 51],-0.725,14.0,0.7182153808805082,24.0,-0.4,2.0,[-0.4 -1.8 -0.4 -0.3],[ 2 50  2  2],E,1,[0.11925756 0.19380347 0.14626113 0.17448894 0.19776216],True,Beta
2241,160,164,labels,5,1-p,8k2m,A,['I' 'D' 'L' 'C' 'F'],0.94148004,-0.071820006,-0.0106718000955879,0.15276387,0.008690052,0.0050187516385549,[1.0921 0.9857 0.9955 0.6851 0.949 ],[-0.0833 -0.0699 -0.0769 -0.0686 -0.0604],[-0.014415 -0.014042 -0.013282 -0.009073 -0.002547],[0.46796285 0.50058832 0.43429495 0.42831714 0.35715355],[0.45397165 0.47510641 0.48553194 0.49226953 0.46666669],[0.47253445 0.47681168 0.47977946 0.48616557 0.48853391],0.4376633624235789,0.4747092425823213,0.4807650148868562,0.0535213420875977,0.0151689010400833,0.00659287969848,['-125.5' '-104.1' '-108.0' '-124.9' '-111.7'],['116.7' '122.7' '134.3' '133.9' '129.2'],['E' 'E' 'E' 'E' 'E'],['E' 'E' 'E' 'E' 'E'],-2.64,-27.4,0.2073644135332772,55.41028785343025,-2.7,-2.0,[-2.7 -2.3 -2.8 -2.8 -2.6],[ 17 -86  13 -90   9],-0.38,-2.0,0.1095445115010332,0.0,-0.4,[-0.2 -0.4 -0.5 -0.4 -0.4],[-2 -2 -2 -2 -2],-2.4400000000000004,-27.6,0.4774934554525328,55.24762438331625,-2.5,8.0,[-2.9 -2.5 -1.9 -2.  -2.9],[ 17 -86  13 -90   8],-0.68,3.4,0.5718391382198319,3.130495168499705,-0.4,2.0,[-0.5 -0.4 -0.4 -0.4 -1.7],[2 2 2 2 9],E,1,[0.13312387 0.2287049  0.16253781 0.19567487 0.2240793 ],True,Beta
2879,176,180,labels,5,1-p,4nwu,L,['S' 'S' 'T' 'L' 'T'],1.00602,-0.068840005,-0.0126650000922381,0.13097382,0.009680806,0.0047960777999032,[0.911  1.1736 0.9226 1.1221 0.9008],[-0.0725 -0.0646 -0.0687 -0.0823 -0.0561],[-0.01178  -0.011646 -0.013533 -0.01985  -0.006516],[0.44268342 0.48982175 0.52420634 0.47977185 0.41491185],[0.47546104 0.49234047 0.4853901  0.49141847 0.46517734],[0.48179889 0.47946722 0.47498388 0.47783388 0.47991554],0.4702790419260661,0.4819574813048046,0.4787998815377554,0.0424477009209266,0.0115420596844592,0.0025582756903228,['-112.1' '-116.4' '-113.6' '-94.6' '-112.3'],['132.5' '120.1' '118.3' '126.3' '126.8'],['E' 'E' 'E' 'E' 'E'],['E' 'E' 'E' 'E' 'E'],-2.66,-28.8,0.2073644135332772,15.122830422906947,-2.6,-2.0,[-2.5 -2.5 -2.7 -3.  -2.6],[-14 -43 -18 -47 -22],-0.48,-2.0,0.0836660026534075,0.0,-0.5,[-0.4 -0.4 -0.5 -0.6 -0.5],[-2 -2 -2 -2 -2],-2.06,-24.0,1.0597169433391165,20.627651344736268,-2.4,-18.0,[-2.4 -2.9 -1.9 -2.8 -0.3],[-14 -43 -18 -47   2],-0.4600000000000001,-8.2,0.151657508881031,22.80789337049785,-0.5,2.0,[-0.5 -0.6 -0.5 -0.5 -0.2],[  2   2   2   2 -49],E,1,[0.12574591 0.21223547 0.14912411 0.17866934 0.20520969],True,Beta
3400,41,44,labels,4,1-p,6fux,A,['Y' 'A' 'K' 'C'],0.78927505,-0.056725003,-0.0076499998685903,0.19746128,0.008078109,0.0029129373699023,[0.7532 0.6431 1.0775 0.6833],[-0.0449 -0.0584 -0.0609 -0.0627],[-0.007707 -0.009462 -0.009911 -0.00352 ],[0.27455558 0.40293997 0.39155445 0.36076956],[0.62843972 0.52184399 0.50921988 0.43843976],[0.495085   0.48495556 0.48728167 0.48420223],0.3574548885226249,0.5244858389099439,0.4878811140855154,0.0580659215512227,0.0784227163375736,0.0049782329068885,['-118.1' '-137.8' '-116.8' '-128.4'],['159.0' '145.0' '129.2' '147.9'],['E' 'E' 'E' 'E'],['E' 'E' 'E' 'E'],-2.6,16.5,0.3366501646120692,31.83813227352802,-2.6,-2.0,[-3.  -2.5 -2.2 -2.7],[ 46  -9  42 -13],-0.35,-2.0,0.1,0.0,-0.3,[-0.3 -0.3 -0.3 -0.5],[-2 -2 -2 -2],-2.075,16.5,0.9178779875342912,31.83813227352802,-2.5,16.5,[-2.5 -2.6 -2.5 -0.7],[ 46  -9  42 -13],-0.45,-2.0,0.1290994448735805,8.0,-0.45,2.0,[-0.3 -0.5 -0.4 -0.6],[  2   2   2 -14],E,1,[0.09583839 0.13853207 0.12667334 0.15235464 0.1662191 ],True,Beta
4051,34,37,labels,4,1-p,5jop,H,['I' 'H' 'W' 'V'],0.8458251,-0.091800004,-0.0157350001391023,0.1622168,0.003742547,0.0060474038703507,[1.0319 0.7552 0.9237 0.6725],[-0.0954 -0.0902 -0.0943 -0.0873],[-0.02438  -0.014798 -0.013363 -0.010399],[0.43287788 0.44154324 0.38300309 0.40388469],[0.42297874 0.43978725 0.44553193 0.4528369 ],[0.4567478  0.47081057 0.47857778 0.47833777],0.4153272236386935,0.4402837057908376,0.4711184824506442,0.0269015894652635,0.0127126572153413,0.0102367094340988,['-105.2' '-104.3' '-119.8' '-138.3'],['124.3' '149.0' '137.3' '136.9'],['E' 'E' 'E' 'E'],['E' 'E' 'E' 'E'],-2.6,36.5,0.469041575982343,24.93324420661432,-2.55,-2.0,[-2.4 -3.2 -2.1 -2.7],[17 60 13 56],-0.3249999999999999,14.0,0.1707825127659933,32.0,-0.35,[-0.1 -0.5 -0.3 -0.4],[62 -2 -2 -2],-2.675,36.25,0.4349329450233297,25.25041253788408,-2.65,36.5,[-2.3 -2.3 -3.  -3.1],[17 60 12 56],-0.525,4.75,0.3201562118716424,5.5,-0.4,2.0,[-0.3 -0.4 -1.  -0.4],[ 2  2 13  2],E,1,[0.14510245 0.23645474 0.18207366 0.21213376 0.22423539],True,Beta
4067,179,182,labels,4,1-p,5jop,H,['S' 'S' 'V' 'T'],0.77975005,-0.072325,-0.0083349999040365,0.100301094,0.009697894,0.0026552304292391,[0.7128 0.7163 0.7638 0.9261],[-0.0862 -0.0718 -0.066  -0.0653],[-0.009887 -0.007355 -0.011017 -0.005081],[0.33110856 0.35718614 0.39192908 0.3412236 ],[0.46113478 0.47943266 0.49425535 0.46085109],[0.48513721 0.48430054 0.48697055 0.48588334],0.3553618453443051,0.4739184727271398,0.485572911798954,0.0266370822711869,0.0161056325501553,0.0011340955848098,['-145.7' '-117.3' '-135.9' '-124.0'],['136.2' '152.7' '143.1' '126.3'],['E' 'E' 'E' 'E'],['E' 'E' 'E' 'E'],-1.95,-29.5,0.6454972243679029,13.47837774610382,-1.95,-2.0,[-1.7 -2.2 -2.7 -1.2],[-39 -16 -43 -20],-0.3,-2.0,0.0,0.0,-0.3,[-0.3 -0.3 -0.3 -0.3],[-2 -2 -2 -2],-1.9,-35.75,1.2192894105447922,13.400870618483465,-2.1500000000000004,-41.0,[-2.1 -2.2 -3.1 -0.2],[-39 -16 -43 -45],-0.275,-3.5,0.1258305739211791,11.0,-0.3,2.0,[-0.3 -0.3 -0.4 -0.1],[  2   2   2 -20],E,1,[0.09410695 0.13560986 0.125381   0.15149967 0.16584517],True,Beta
5901,500,503,labels,4,1-p,8opr,A,['D' 'V' 'K' 'F'],0.9589,-0.088625,-0.0166852499824017,0.17311163,0.0050275093,0.0051366785659431,[0.9858 0.9949 1.1347 0.7202],[-0.0895 -0.0813 -0.0913 -0.0924],[-0.017685 -0.019203 -0.020655 -0.009198],[0.45180487 0.50744569 0.46418397 0.43144449],[0.44985818 0.45241136 0.45035464 0.43680854],[0.46854666 0.46803165 0.47274665 0.47231832],0.4637197529276212,0.4473581785957019,0.4704108213384946,0.032123878492523,0.0071194190556495,0.0024651024191263,['-94.7' '-118.2' '-84.1' '-105.9'],['125.2' '111.4' '113.9' '154.5'],['E' 'E' 'E' 'E'],['E' 'E' 'E' 'E'],-1.625,-7.5,1.359840676942217,6.557438524302,-1.6,-5.5,[-0.4 -2.9 -0.5 -2.7],[ -2 -11  -2 -15],-0.375,-6.5,0.206155281280883,5.446711546122731,-0.35,[-0.2 -0.5 -0.2 -0.6],[ -9  -2 -13  -2],-1.4249999999999998,-5.5,1.2685293322058684,8.812869377601524,-1.2,-4.5,[-0.5 -3.  -0.3 -1.9],[  2 -11   2 -15],-0.35,-4.5,0.1914854215512676,7.681145747868608,-0.3,-3.5,[-0.2 -0.6 -0.2 -0.4],[ -9   2 -13   2],E,1,[0.11514724 0.18622006 0.1395289  0.1671596  0.19088854],True,Beta
6842,49,52,labels,4,1-p,1rl6,A,['I' 'T' 'V' 'T'],0.9289,-0.08575,-0.0164422497618943,0.15880916,0.007857271,0.0060090227256148,[1.1173 0.7347 0.9667 0.8969],[-0.0961 -0.0778 -0.0821 -0.087 ],[-0.025444 -0.013357 -0.013115 -0.013853],[0.35650202 0.45911832 0.42321891 0.43773178],[0.55304967 0.45673761 0.46319151 0.4412057 ],[0.47131276 0.47115778 0.47759722 0.46422278],0.4191427566111088,0.4785461227099101,0.4710726340611776,0.0442872215886345,0.0505188470831204,0.0054636863719971,['-97.9' '-115.8' '-116.5' '-119.2'],['129.9' '143.6' '126.0' '122.1'],['E' 'E' 'E' 'E'],['E' 'E' 'E' 'E'],-2.325,-15.25,1.3817259737975065,17.55704986607944,-2.85,-2.0,[-2.6 -3.3 -0.3 -3.1],[-41  -7  -2 -11],-0.375,-3.75,0.15,3.5,-0.4,[-0.3 -0.5 -0.2 -0.5],[-2 -2 -9 -2],-2.05,-14.25,1.0847426730181986,18.64358692240668,-2.35,-9.0,[-3.  -2.2 -0.5 -2.5],[-41  -7   2 -11],-0.25,-1.75,0.2081665999466132,5.188127472091127,-0.25,0.0,[-0.3 -0.5 -0.2 -0. ],[ 2  2 -9 -2],E,1,[0.1292025  0.21732138 0.15882546 0.19092309 0.21668322],True,Beta
7379,213,216,labels,4,1-p,3fpn,B,['R' 'V' 'E' 'F'],0.92472506,-0.081525,-0.0131574998376891,0.14438045,0.0055853236,0.0042227617584281,[1.0255 1.0104 0.9491 0.7139],[-0.089  -0.0773 -0.0826 -0.0772],[-0.016693 -0.014281 -0.014628 -0.007028],[0.47214897 0.48620578 0.43545142 0.39692958],[0.43609931 0.46177308 0.47014188 0.45475181],[0.46641667 0.47466555 0.48003499 0.46190943],0.4476839378476144,0.4556915188829105,0.4707566599051158,0.0400337743456525,0.0144975389006297,0.0081337928011076,['-104.2' '-109.6' '-105.5' '-99.5'],['119.2' '117.5' '123.2' '146.2'],['E' 'E' 'E' 'E'],['E' 'E' 'E' 'E'],-3.0250000000000004,-3.0,0.275378527364305,15.18771433319269,-3.05,-2.0,[-3.3 -3.2 -2.9 -2.7],[ 12 -14   8 -18],-0.5750000000000001,-2.0,0.0499999999999999,0.0,-0.6,[-0.5 -0.6 -0.6 -0.6],[-2 -2 -2 -2],-2.075,1.75,1.1644025649805714,11.265729744080792,-2.4,4.5,[-2.4 -2.4 -3.1 -0.4],[ 12 -14   7   2],-0.7,4.25,0.5033222956847165,2.8722813232690143,-0.6,3.5,[-0.6 -0.6 -1.4 -0.2],[2 2 8 5],E,1,[0.13241532 0.22472839 0.16310483 0.19621847 0.22247351],True,Beta
8973,34,37,labels,4,1-p,6ias,H,['I' 'N' 'W' 'V'],0.85632503,-0.092800006,-0.0154762496240437,0.14726962,0.0062593925,0.0051970825334152,[0.9361 0.6977 1.0191 0.7724],[-0.0994 -0.0923 -0.095  -0.0845],[-0.022586 -0.014458 -0.014764 -0.010097],[0.40139258 0.43211231 0.40544836 0.42002638],[0.41709221 0.43496457 0.44553194 0.45758868],[0.45927501 0.47121778 0.47815611 0.47978666],0.4147449061274529,0.4387943521142006,0.4721088906129201,0.014073983497794,0.0171684988269915,0.009327731130025,['-103.6' '-106.3' '-120.4' '-129.5'],['127.2' '153.5' '129.6' '131.2'],['E' 'E' 'E' 'E'],['E' 'E' 'E' 'E'],-2.725,37.5,0.4272001872658765,26.083200212652844,-2.6,-2.0,[-2.4 -3.3 -2.4 -2.8],[17 62 13 58],-0.35,-2.0,0.1290994448735805,0.0,-0.35,[-0.2 -0.5 -0.3 -0.4],[-2 -2 -2 -2],-2.625,37.25,0.5315072906367325,26.399179280172078,-2.65,37.5,[-2.4 -2.  -2.9 -3.2],[17 62 12 58],-0.575,4.75,0.4193248541803041,5.5,-0.4,2.0,[-0.3 -0.4 -1.2 -0.4],[ 2  2 13  2],E,1,[0.13174737 0.21820177 0.16783774 0.20107671 0.22289942],True,Beta
11908,34,37,labels,4,1-p,2pce,A,['T' 'I' 'V' 'S'],0.9164,-0.073375,-0.0100612498354166,0.13305642,0.009055154,0.0018162992084112,[1.0613 0.9283 0.7388 0.9372],[-0.0743 -0.0612 -0.0749 -0.0831],[-0.010983 -0.007769 -0.009552 -0.011941],[0.42952248 0.44440998 0.42419619 0.41675244],[0.48560287 0.48907804 0.48283691 0.46588656],[0.48378668 0.48427557 0.48374335 0.48100834],0.428720273077488,0.4808510964115461,0.483203485608101,0.0116976737155096,0.0102979401511182,0.0014831942726395,['-118.0' '-124.5' '-117.2' '-123.2'],['127.5' '129.5' '146.3' '138.9'],['E' 'E' 'E' 'E'],['E' 'E' 'E' 'E'],-2.2,-7.0,0.6164414002968976,24.358434541926812,-2.1500000000000004,-2.0,[-1.5 -2.1 -3.  -2.2],[ 16 -26  12 -30],-0.375,-2.0,0.0957427107756338,0.0,-0.35,[-0.3 -0.5 -0.4 -0.3],[-2 -2 -2 -2],-2.45,-7.0,0.4795831523312719,24.358434541926812,-2.4000000000000004,-7.0,[-2.7 -3.  -2.1 -2. ],[ 16 -26  12 -30],-0.375,2.0,0.05,0.0,-0.4,2.0,[-0.4 -0.3 -0.4 -0.4],[2 2 2 2],E,1,[0.13232456 0.22423013 0.16365299 0.1966278  0.22275622],True,Beta
12167,197,200,labels,4,1-p,5ihz,F,['S' 'Y' 'L' 'S'],0.905625,-0.072325,-0.0116167499218136,0.14893773,0.008359973,0.00371374981975,[0.7855 0.7701 1.0566 1.0103],[-0.0836 -0.0714 -0.0709 -0.0634],[-0.010345 -0.009609 -0.017152 -0.009361],[0.36151882 0.42548297 0.46209907 0.41533536],[0.46652484 0.47808513 0.49241137 0.46134754],[0.48356665 0.47938553 0.47993221 0.48171332],0.4161090527971586,0.4745922187964122,0.4811494300762813,0.0415677906596248,0.0137867874932728,0.0018933120394264,['-135.6' '-122.6' '-115.3' '-95.0'],['139.4' '131.3' '117.2' '130.6'],['E' 'E' 'E' 'E'],['E' 'E' 'E' 'E'],-2.45,-31.5,0.3109126351029604,14.617341299520463,-2.45,-2.0,[-2.6 -2.8 -2.1 -2.3],[-42 -17 -46 -21],-0.4,-2.0,0.0816496580927726,0.0,-0.4,[-0.3 -0.4 -0.4 -0.5],[-2 -2 -2 -2],-2.125,-25.75,1.239287429668087,22.51480994071828,-2.65,-29.5,[-2.9 -2.4 -2.9 -0.3],[-42 -17 -46   2],-0.3999999999999999,-10.5,0.1414213562373095,25.0,-0.45,2.0,[-0.4 -0.5 -0.5 -0.2],[  2   2   2 -48],E,1,[0.1397298  0.24151498 0.1737371  0.20888121 0.23613692],True,Beta
13266,122,126,labels,5,1-p,3s9d,D,['N' 'V' 'M' 'V' 'K'],1.03538,-0.081819996,-0.0178520003333687,0.08641542,0.009612594,0.0062594842278546,[1.1325 0.949  1.0926 0.9406 1.0622],[-0.0866 -0.0688 -0.0831 -0.094  -0.0766],[-0.02205  -0.012307 -0.014274 -0.026773 -0.013856],[0.44129892 0.51700693 0.48574967 0.50418803 0.45602353],[0.45617023 0.46914896 0.46390074 0.45836883 0.46560286],[0.46597668 0.47298278 0.47035889 0.46949834 0.47303167],0.4808534185091654,0.4626383264859518,0.4703696707884471,0.0318458610123022,0.0053112018575704,0.0029142901884436,['-95.8' '-107.0' '-105.3' '-105.9' '-89.2'],['115.4' '122.4' '122.2' '125.2' '97.3'],['E' 'E' 'E' 'E' 'E'],['E' 'E' 'E' 'E' 'E'],-2.88,8.2,0.5495452665613634,26.48018126826174,-3.2,-2.0,[-2.5 -3.3 -3.2 -3.3 -2.1],[ -7  39 -11  35 -15],-0.54,-2.0,0.1140175425099137,0.0,-0.5,[-0.4 -0.7 -0.5 -0.6 -0.5],[-2 -2 -2 -2 -2],-2.04,8.2,0.9423375191511796,26.48018126826174,-2.4,-7.0,[-1.6 -2.8 -2.4 -2.8 -0.6],[ -7  39 -11  35 -15],-0.5800000000000001,8.2,0.3271085446759226,13.863621460498695,-0.5,2.0,[-0.5 -0.6 -0.5 -1.1 -0.2],[ 2  2  2  2 33],E,1,[0.10576949 0.1664447  0.12410607 0.14749008 0.16895041],True,Beta
14396,791,794,labels,4,1-p,6xux,A,['L' 'S' 'C' 'A'],0.892425,-0.0845,-0.0143817502539604,0.1569472,0.0023280892,0.0059043990975481,[0.9163 0.6775 0.9213 1.0546],[-0.0874 -0.0817 -0.0844 -0.0845],[-0.01174  -0.008581 -0.01484  -0.022366],[0.39640836 0.40966703 0.43219375 0.46674122],[0.45460997 0.45851068 0.4605674  0.4644681 ],[0.48095055 0.48046611 0.47456277 0.46991222],0.4262525886297227,0.4595390384395918,0.4764729142189027,0.0307700390415265,0.0041112221245034,0.0052499581914067,['-100.6' '-131.7' '-135.3' '-93.7'],['148.4' '149.7' '111.4' '120.1'],['E' 'E' 'E' 'E'],['E' 'E' 'E' 'E'],-2.375,-356.0,0.4112987559751021,479.2062882169501,-2.3,-2.0,[-2.5 -2.  -2.1 -2.9],[  61 -769   57 -773],-0.375,-2.0,0.0957427107756338,0.0,-0.35,[-0.5 -0.3 -0.3 -0.4],[-2 -2 -2 -2],-2.225,-356.0,0.2362907813126304,479.2062882169501,-2.3,-356.0,[-2.4 -2.2 -1.9 -2.4],[  61 -769   57 -773],-0.4249999999999999,2.0,0.1258305739211791,0.0,-0.4,2.0,[-0.3 -0.4 -0.6 -0.4],[2 2 2 2],E,1,[0.13655022 0.2344318  0.17093094 0.2065377  0.23403133],True,Beta
15415,231,234,labels,4,1-p,1o75,B,['A' 'S' 'V' 'M'],1.0007501,-0.0892,-0.0205262503586709,0.18398632,0.0061741383,0.0019282238578569,[0.7364 1.1594 1.0322 1.075 ],[-0.0891 -0.0951 -0.0807 -0.0919],[-0.018306 -0.021694 -0.019585 -0.02252 ],[0.40896664 0.47692143 0.53207362 0.43716169],[0.42900711 0.45042555 0.44843974 0.4512057 ],[0.47239222 0.46689722 0.4645561  0.47184609],0.4637808452049891,0.444769524037838,0.4689229081074397,0.0533846228206416,0.0105725905575396,0.0038189699087363,['-121.1' '-109.6' '-93.5' '-88.4'],['135.6' '108.3' '114.0' '136.2'],['E' 'E' 'E' 'E'],['E' 'E' 'E' 'E'],-3.1,23.5,0.1632993161855451,45.669099691877726,-3.1,-2.0,[-3.3 -2.9 -3.1 -3.1],[ 65 -14  61 -18],-0.5249999999999999,-2.0,0.206155281280883,0.0,-0.55,[-0.3 -0.4 -0.7 -0.7],[-2 -2 -2 -2],-2.725,23.25,0.5377421934967225,45.97372437962073,-2.8,23.5,[-2.8 -2.8 -2.  -3.3],[ 65 -14  61 -19],-0.7,-3.0,0.2449489742783178,10.0,-0.7,2.0,[-0.7 -0.7 -0.4 -1. ],[  2   2   2 -18],E,1,[0.11254422 0.18021034 0.13402096 0.15915881 0.18151615],True,Beta
17355,51,54,labels,4,1-p,8k8f,A,['T' 'I' 'V' 'L'],0.94005,-0.08275,-0.0136717497371137,0.18535544,0.0014294506,0.0045326446761387,[0.7535 0.9058 0.9043 1.1966],[-0.0848 -0.0825 -0.0822 -0.0815],[-0.008894 -0.012049 -0.019673 -0.014071],[0.40184864 0.41756685 0.4897403  0.44952449],[0.44822698 0.46134754 0.46368798 0.45624118],[0.47686835 0.47743558 0.47455947 0.47020223],0.4396700710058213,0.4573759188254674,0.4747664059201877,0.0388293298304449,0.0068460837255486,0.0032872079420254,['-129.4' '-125.2' '-104.1' '-101.5'],['134.8' '126.4' '126.6' '113.8'],['E' 'E' 'E' 'E'],['E' 'E' 'E' 'E'],-2.675,9.0,0.4645786621588783,42.72391992003231,-2.6,-2.0,[-2.2 -2.5 -2.7 -3.3],[ 46 -28  46 -28],-0.375,-2.0,0.1258305739211791,0.0,-0.4,[-0.2 -0.4 -0.4 -0.5],[-2 -2 -2 -2],-2.6,11.0,0.4690415759823429,42.72391992003231,-2.8,11.0,[-1.9 -2.8 -2.9 -2.8],[ 48 -26  48 -26],-0.45,2.0,0.1290994448735805,0.0,-0.45,2.0,[-0.4 -0.5 -0.6 -0.3],[2 2 2 2],E,1,[0.12973231 0.21916274 0.15861499 0.19063709 0.2168983 ],True,Beta
26598,371,375,labels,5,1-p,8sa9,A,['I' 'R' 'L' 'H' 'I'],1.00284,-0.08902,-0.0176357999444007,0.1974426,0.007643101,0.0071412662289813,[0.9016 1.04   0.7169 1.2032 1.1525],[-0.0897 -0.0878 -0.0768 -0.0947 -0.0961],[-0.015094 -0.014793 -0.009225 -0.027965 -0.021102],[0.4489544  0.43302445 0.48214996 0.50047431 0.4602585 ],[0.43085109 0.45794329 0.45439718 0.44851066 0.42432626],[0.46887666 0.4782711  0.47112054 0.46761553 0.46204166],0.4649723241726557,0.4432056963443757,0.46958509683609,0.0267157408827,0.014829514174869,0.0058967941844175,['-115.3' '-101.6' '-115.4' '-104.1' '-93.3'],['124.1' '130.3' '136.1' '121.0' '113.0'],['E' 'E' 'E' 'E' ''],['E' 'E' 'E' 'E' ''],-2.66,-47.6,0.2880972058177587,19.969977466186585,-2.5,-2.0,[-3.1 -2.8 -2.5 -2.5 -2.4],[-58 -24 -62 -28 -66],-0.48,-2.0,0.0836660026534075,0.0,-0.5,[-0.4 -0.5 -0.5 -0.4 -0.6],[-2 -2 -2 -2 -2],-1.7399999999999998,-55.4,0.9208691546577072,32.585272747055534,-1.8,-58.0,[-2.5 -1.8 -2.4 -1.8 -0.2],[ -58  -24  -62  -28 -105],-0.4600000000000001,-4.4,0.2302172886644267,14.310835055998655,-0.5,2.0,[-0.5 -0.4 -0.6 -0.7 -0.1],[  2   2   2   2 -30],E,1,[0.11543428 0.18787394 0.13717758 0.16368008 0.18768153],True,Beta
28578,5,8,labels,4,1-p,1uxo,A,['V' 'Y' 'I' 'I'],0.88287497,-0.077099994,-0.0133859997149556,0.077016294,0.005318522,0.0019726907226221,[0.9155 0.9163 0.9318 0.7679],[-0.0694 -0.0798 -0.0779 -0.0813],[-0.012047 -0.015993 -0.01382  -0.011684],[0.42769819 0.45014346 0.42610192 0.36677993],[0.50148937 0.47723407 0.46879436 0.43943266],[0.48117445 0.47674445 0.47694612 0.47572611],0.4176808744668961,0.4717376132806142,0.4776477813720703,0.035665041722888,0.0256102245323915,0.0024109854058272,['-120.7' '-108.0' '-119.7' '-125.4'],['129.9' '139.6' '126.3' '124.6'],['E' 'E' 'E' 'E'],['E' 'E' 'E' 'E'],-2.475,44.0,0.4645786621588784,18.475208614068023,-2.55,-2.0,[-1.9 -2.9 -2.3 -2.8],[28 60 28 60],-0.425,-2.0,0.0957427107756338,0.0,-0.45,[-0.3 -0.5 -0.4 -0.5],[-2 -2 -2 -2],-2.675,46.0,0.3500000000000001,18.475208614068023,-2.65,46.0,[-2.3 -2.8 -3.1 -2.5],[30 62 30 62],-0.3999999999999999,17.75,0.1414213562373095,31.5,-0.45,2.0,[-0.4 -0.5 -0.5 -0.2],[ 2  2  2 65],E,1,[0.13199944 0.22143826 0.16599993 0.19931949 0.22379764],True,Beta
28731,64,67,labels,4,1-p,8r7a,B,['M' 'V' 'R' 'V'],0.94699997,-0.101624995,-0.0199019998544827,0.15784627,0.0050281715,0.009238163915797,[1.0126 0.9911 1.0689 0.7154],[-0.1084 -0.1017 -0.0964 -0.1   ],[-0.021111 -0.027344 -0.02457  -0.006583],[0.45905314 0.50047429 0.45206548 0.37121036],[0.38872342 0.42092201 0.42687947 0.39680855],[0.44875501 0.45943057 0.46750168 0.46999334],0.4457008180518946,0.4083333636323611,0.4614201486110687,0.0540609383003642,0.0184373075767226,0.009571641528936,['-95.6' '-101.1' '-76.5' '-119.4'],['114.2' '118.2' '121.7' '162.0'],['E' 'E' 'E' 'E'],['E' 'E' 'E' 'E'],-1.75,-9.0,1.3868429375143143,8.246211251235321,-1.75,-7.0,[-0.5 -2.9 -0.6 -3. ],[ -2 -14  -2 -18],-0.3999999999999999,-8.0,0.2449489742783178,7.118052168020874,-0.35,[-0.2 -0.7 -0.2 -0.5],[-12  -2 -16  -2],-1.4250000000000005,-7.0,1.212091855705114,10.519822558706334,-1.4,-6.0,[-0.6 -2.7 -0.2 -2.2],[  2 -14   2 -18],-0.3249999999999999,-6.0,0.15,9.38083151964686,-0.3,-5.0,[-0.2 -0.5 -0.2 -0.4],[-12   2 -16   2],E,1,[0.09463291 0.14208452 0.11529468 0.13873229 0.1582696 ],True,Beta
28938,295,298,labels,4,1-p,2v5t,A,['F' 'L' 'Q' 'V'],0.93235004,-0.0989,-0.0191720002330839,0.15467733,0.0075916625,0.0024985656310963,[0.7279 0.9819 1.0979 0.9217],[-0.1087 -0.1008 -0.0915 -0.0946],[-0.017703 -0.020759 -0.021763 -0.016463],[0.41103525 0.4573266  0.48889332 0.43558172],[0.41588655 0.42482271 0.43482272 0.42581563],[0.47080945 0.46654168 0.46723056 0.46451444],0.4482092236479124,0.4253369023402532,0.4672740325331688,0.0330639802681474,0.0077413052329249,0.0026237845356045,['-121.0' '-104.5' '-89.2' '-111.8'],['133.7' '118.2' '126.4' '122.3'],['E' 'E' 'E' 'E'],['E' 'E' 'E' 'E'],-2.325,-44.75,1.25,40.1528330258277,-2.75,-2.0,[-2.9 -2.6 -3.3 -0.5],[-79 -19 -79  -2],-0.3749999999999999,-21.25,0.1707825127659933,38.5,-0.35,[-0.3 -0.4 -0.6 -0.2],[ -2  -2  -2 -79],-1.7500000000000002,-62.5,1.0785793124908958,29.0,-2.05,-77.0,[-2.1 -2.7 -2.  -0.2],[-77 -19 -77 -77],-0.45,2.0,0.1732050807568877,0.0,-0.5,2.0,[-0.6 -0.5 -0.5 -0.2],[2 2 2 2],E,1,[0.10128956 0.15486596 0.12431394 0.14895183 0.16897701],True,Beta
31921,269,273,labels,5,1-p,2p9w,A,['S' 'V' 'L' 'V' 'G'],0.8601,-0.08552,-0.0151266001164913,0.13294592,0.0092548365,0.0047047647830214,[0.7695 1.0282 0.928  0.885  0.6898],[-0.0846 -0.0787 -0.0849 -0.0783 -0.1011],[-0.013549 -0.018222 -0.020739 -0.008435 -0.014688],[0.35225077 0.44397019 0.46278317 0.40766356 0.39002334],[0.5515603  0.46226953 0.46673762 0.4508511  0.46758869],[0.48442055 0.47082779 0.47366889 0.47563222 0.48825166],0.4113382081190745,0.4798014501730601,0.4785602211952209,0.043790928591995,0.0406652146491373,0.0074255663471517,['-110.4' '-116.8' '-93.2' '-134.4' '-109.1'],['134.4' '125.3' '145.1' '119.9' '154.5'],['E' 'E' 'E' 'E' 'E'],['E' 'E' 'E' 'E' 'E'],-2.22,-0.4,1.130044246921332,9.262828941527529,-2.5,-2.0,[-0.3 -2.6 -2.4 -2.5 -3.3],[ -2  -7  11 -11   7],-0.38,-2.6,0.1303840481040529,1.3416407864998738,-0.4,[-0.2 -0.5 -0.5 -0.3 -0.4],[-5 -2 -2 -2 -2],-2.16,0.4,1.035857133006285,9.262828941527529,-2.3,2.0,[-0.5 -3.2 -2.3 -2.  -2.8],[  2  -7  11 -11   7],-0.38,11.6,0.0836660026534075,15.274161188098022,-0.4,2.0,[-0.4 -0.3 -0.4 -0.3 -0.5],[15  2  2 37  2],E,1,[0.13779758 0.23581832 0.17548185 0.21216302 0.23873924],True,Beta
32159,26,29,labels,4,1-p,2e4l,A,['I' 'V' 'M' 'N'],0.88035,-0.03765,-0.0042407499568071,0.12675628,0.0037,0.002572656433509,[0.7196 1.0272 0.8686 0.906 ],[-0.0328 -0.037  -0.0414 -0.0394],[-0.002798 -0.005434 -0.007222 -0.001509],[0.41385313 0.4260042  0.4563656  0.38844338],[0.54574472 0.55943265 0.55475177 0.52531915],[0.49166278 0.49141445 0.49213055 0.48223666],0.4211665764451027,0.5463120713829995,0.4893611098329227,0.0282055999315804,0.0151041133531731,0.0047589006320794,['-137.0' '-127.1' '-127.6' '-117.9'],['137.2' '132.6' '130.3' '130.9'],['E' 'E' 'E' 'E'],['E' 'E' 'E' 'E'],-2.575,-5.0,0.2986078811194819,16.32993161855452,-2.6,-2.0,[-2.5 -2.2 -2.9 -2.7],[ 11 -17   7 -21],-0.425,-2.0,0.0499999999999999,0.0,-0.4,[-0.4 -0.4 -0.4 -0.5],[-2 -2 -2 -2],-2.6,-5.0,0.1414213562373094,16.32993161855452,-2.55,-5.0,[-2.5 -2.5 -2.8 -2.6],[ 11 -17   7 -21],-0.4499999999999999,2.0,0.0577350269189625,0.0,-0.45,2.0,[-0.4 -0.5 -0.5 -0.4],[2 2 2 2],E,1,[0.09740765 0.14491118 0.1226535  0.14769475 0.1652654 ],True,Beta
35843,145,149,labels,5,l3(10),2v17,L,['N' 'V' 'K' 'W' 'K'],0.85626,-0.06908,-0.0111060000024735,0.014650187,0.0058512385,0.0029036621340261,[0.864  0.8667 0.8464 0.8688 0.8354],[-0.0756 -0.0675 -0.0742 -0.0668 -0.0613],[-0.015196 -0.009524 -0.012324 -0.010985 -0.007501],[0.38129281 0.41976578 0.42054761 0.41544938 0.36428782],[0.54652485 0.48418441 0.49042556 0.49482273 0.5331206 ],[0.48786112 0.47942001 0.48175946 0.48288333 0.47142946],0.4002686818440756,0.5098156313101451,0.4806706746419271,0.0258676026413216,0.0280553468498661,0.0060155639876012,['-120.7' '-118.4' '-128.0' '-99.1' '-128.3'],['139.7' '140.1' '130.0' '138.3' '142.7'],['E' 'E' 'E' 'E' 'E'],['E' 'E' 'E' 'E' 'E'],-1.44,29.8,0.8792041856133307,25.28240494889677,-1.8,-2.0,[-2.1 -0.4 -1.8 -0.6 -2.3],[52 -2 48  7 44],-0.34,8.4,0.0894427190999916,23.25510696599781,-0.4,[-0.3 -0.2 -0.4 -0.4 -0.4],[-2 50 -2 -2 -2],-2.06,30.6,0.9423375191511796,24.05826261391292,-2.5,44.0,[-2.6 -0.4 -2.6 -2.2 -2.5],[52  2 48  7 44],-0.38,11.6,0.1095445115010332,21.46625258399798,-0.4,2.0,[-0.4 -0.2 -0.4 -0.4 -0.5],[ 2 50  2  2  2],E,1,[0.1397394  0.22976965 0.1761744  0.20300359 0.22003527],True,Beta
38011,52,56,labels,5,1-p,9dms,G,['H' 'W' 'Y' 'Q' 'Q'],0.82623994,-0.091079995,-0.0129475999623537,0.07156394,0.0046537067,0.0008598117538352,[0.7859 0.7763 0.7617 0.8933 0.914 ],[-0.0958 -0.0936 -0.0888 -0.0841 -0.0931],[-0.013753 -0.011805 -0.01226  -0.01341  -0.01351 ],[0.39056087 0.3785238  0.39601743 0.41844641 0.3948121 ],[0.44687946 0.44099294 0.4492908  0.44964541 0.40503548],[0.47748445 0.47899002 0.47918056 0.47823335 0.45886556],0.3956721206506094,0.438368817170461,0.4745507895946503,0.0144889367623134,0.0189530996793261,0.0087939684036247,['-114.8' '-128.0' '-115.4' '-111.4' '-124.9'],['148.6' '126.8' '141.6' '131.6' '112.7'],['E' 'E' 'E' 'E' 'E'],['E' 'E' 'E' 'E' 'E'],-2.7,34.8,0.3391164991562635,22.432119828495924,-2.7,-2.0,[-2.7 -2.8 -2.5 -3.2 -2.3],[55 13 51  8 47],-0.38,-2.0,0.0447213595499958,0.0,-0.4,[-0.4 -0.3 -0.4 -0.4 -0.4],[-2 -2 -2 -2 -2],-2.54,34.6,0.3435112807463533,22.678183348760545,-2.7,47.0,[-2.  -2.8 -2.4 -2.8 -2.7],[55 12 51  8 47],-0.7,4.8,0.7968688725254613,4.764451699828639,-0.4,2.0,[-0.4 -2.1 -0.4 -0.5 -0.1],[ 2 13  2  2  5],E,1,[0.12485022 0.1856273  0.15497915 0.17652872 0.18288742],True,Beta
38025,194,199,labels,6,1-p,9dms,G,['L' 'S' 'S' 'T' 'L' 'T'],0.91201663,-0.059599996,-0.0088498331994439,0.1720913,0.009202175,0.0037850732974019,[0.6841 0.7776 1.0256 0.8915 1.166  0.9273],[-0.0662 -0.0679 -0.0647 -0.0574 -0.0585 -0.0429],[-0.005528 -0.009273 -0.010407 -0.01046  -0.013977 -0.003454],[0.36971182 0.40513887 0.43892082 0.50218458 0.48617317 0.41566112],[0.48624116 0.49730499 0.50354611 0.51021278 0.52567379 0.48751776],[0.48734334 0.48599556 0.48325557 0.48064223 0.48450501 0.48645277],0.4362983960244391,0.5017494310935339,0.4846990787320668,0.0503307965566268,0.0148998721961922,0.00246283733021,['-133.8' '-135.8' '-117.0' '-116.3' '-106.2' '-110.5'],['148.5' '131.4' '124.1' '123.6' '117.8' '128.4'],['E' 'E' 'E' 'E' 'E' 'E'],['E' 'E' 'E' 'E' 'E' 'E'],-2.316666666666667,-30.5,0.4750438576243952,14.152738250953416,-2.55,-2.0,[-2.5 -2.2 -2.6 -2.6 -2.6 -1.4],[-39 -14 -43 -18 -47 -22],-0.4333333333333333,-2.0,0.1211060141638996,0.0,-0.45,[-0.3 -0.3 -0.4 -0.5 -0.5 -0.6],[-2 -2 -2 -2 -2 -2],-2.15,-26.5,0.9396807968666808,19.43965020261424,-2.45,-28.5,[-2.9 -2.2 -2.6 -2.3 -2.6 -0.3],[-39 -14 -43 -18 -47   2],-0.45,-6.5,0.1378404875209022,20.82066281365701,-0.5,2.0,[-0.4 -0.5 -0.5 -0.6 -0.5 -0.2],[  2   2   2   2   2 -49],E,1,[0.12353247 0.20309396 0.15311916 0.18385862 0.20772663],True,Beta
38169,9,12,labels,4,1-p,6yir,A,['I' 'Y' 'K' 'F'],0.876375,-0.037225,-0.0030077499977778,0.1434374,0.0057933154,0.002801913522005,[1.0113 0.6918 0.9653 0.8371],[-0.0443 -0.0392 -0.0344 -0.031 ],[-0.004961 -0.004323 -0.00389   0.001143],[0.42709552 0.434637   0.40626279 0.37469606],[0.5296454  0.55468088 0.56411352 0.51829793],[0.47075665 0.4926811  0.49607222 0.48624779],0.4106728409727415,0.5416844338178636,0.4864394391576449,0.0268189176961315,0.021321650233406,0.0112210428434675,['-79.1' '-132.6' '-133.5' '-116.5'],['139.6' '149.5' '122.8' '143.8'],['E' 'E' 'E' ''],['E' 'E' 'E' ''],-1.9,17.25,1.0392304845413265,21.56192632087093,-2.3,2.0,[-2.6 -2.6 -2.  -0.4],[14 48  9 -2],-0.225,13.25,0.0957427107756338,25.447658700425336,-0.25,[-0.1 -0.2 -0.3 -0.3],[51 -2 -2  6],-1.65,18.75,1.2369316876852985,19.92276754536545,-1.7,11.5,[-3.1 -1.5 -1.9 -0.1],[14 48  9  4],-0.875,14.75,0.7932002689527194,21.68524844220144,-0.85,5.0,[-0.3 -1.4 -1.7 -0.1],[ 2 47  8  2],E,1,[0.09617069 0.14217836 0.12133019 0.14568272 0.16282132],True,Beta
38705,140,144,labels,5,1-p,6twl,A,['A' 'V' 'D' 'F' 'H'],0.95967996,-0.04334,-0.0075880001299083,0.13113055,0.009191193,0.0061451725922606,[0.922  1.0997 1.0567 0.9561 0.7639],[-0.036  -0.04   -0.0588 -0.0443 -0.0376],[-0.007629 -0.00803  -0.014906 -0.00947   0.002095],[0.39117981 0.50141902 0.50697333 0.45227721 0.36366887],[0.60553195 0.54269507 0.53680855 0.53851066 0.50546102],[0.49296446 0.48301945 0.48199669 0.48762169 0.47983224],0.4431036462386449,0.5458014488220215,0.4850869059562683,0.0643625318723572,0.0365334118295615,0.0052420483449022,['-121.4' '-117.2' '-114.4' '-81.7' '-120.1'],['128.8' '116.5' '108.9' '128.1' '167.6'],['E' 'E' 'E' '' ''],['E' 'E' 'E' 'P' ''],-1.82,-8.0,0.8258329128825032,72.57754473664703,-2.0,-2.0,[-2.4 -1.9 -2.4 -2.  -0.4],[ 63 -82  63 -82  -2],-0.3999999999999999,11.0,0.1581138830084189,29.068883707497267,-0.4,[-0.3 -0.4 -0.5 -0.6 -0.2],[-2 -2 -2 -2 63],-1.42,23.4,0.7014271166700072,63.91635158549023,-1.5,65.0,[-2.1 -1.9 -1.3 -0.3 -1.5],[ 65 -80  65   2  65],-0.42,-14.2,0.1303840481040529,36.22430123549659,-0.4,2.0,[-0.5 -0.6 -0.4 -0.3 -0.3],[  2   2   2 -79   2],E,1,[0.09598835 0.14476852 0.11628785 0.13959845 0.15911912],True,Beta
39956,79,82,labels,4,1-p,4a57,B,['N' 'V' 'F' 'L'],0.8464,-0.077975,-0.0107400000561028,0.14636032,0.009027872,0.0046439319049692,[0.9072 0.9463 0.6288 0.9033],[-0.0843 -0.0732 -0.0677 -0.0867],[-0.016757 -0.011949 -0.006447 -0.007807],[0.43305703 0.40432447 0.40368923 0.33863375],[0.44609932 0.47858159 0.47687946 0.45078017],[0.47309221 0.48047055 0.48544279 0.48474002],0.3949261183540027,0.463085134824117,0.4809363906582197,0.0399496296149333,0.0170328441361443,0.005672254259196,['-135.6' '-101.7' '-120.6' '-118.9'],['119.6' '126.2' '154.5' '144.7'],['E' 'E' 'E' 'E'],['E' 'E' 'E' 'E'],-2.475,4.25,1.20381338531629,20.08938359764513,-2.7,-2.0,[-0.9 -3.6 -3.2 -2.2],[-11  24 -15  19],-0.35,5.0,0.1290994448735805,14.0,-0.35,[-0.2 -0.4 -0.5 -0.3],[26 -2 -2 -2],-2.625,4.0,0.5678908345800272,19.76528944049813,-2.45,4.0,[-2.7 -3.4 -2.2 -2.2],[-11  23 -15  19],-0.6749999999999999,7.5,0.5560275772537426,11.0,-0.45,2.0,[-0.5 -1.5 -0.4 -0.3],[ 2 24  2  2],E,1,[0.13806598 0.23419139 0.17700982 0.21324464 0.23748816],True,Beta
42502,19,22,labels,4,1-p,2i25,O,['T' 'I' 'N' 'C'],0.824375,-0.0762,-0.0093910001451149,0.118864946,0.0078046974,0.0025015659104349,[0.7218 0.9147 0.7218 0.9392],[-0.0848 -0.0808 -0.0691 -0.0701],[-0.009429 -0.012426 -0.00941  -0.006299],[0.36721971 0.38412697 0.41953773 0.39847697],[0.45078016 0.47184401 0.48226954 0.48056741],[0.48324444 0.48263056 0.48436946 0.47968334],0.3923403446873029,0.4713652779658636,0.482481949031353,0.0221800364664331,0.0144632651515481,0.0019998647109142,['-135.2' '-119.2' '-116.6' '-131.6'],['136.6' '138.2' '143.8' '129.8'],['E' 'E' 'E' 'E'],['E' 'E' 'E' 'E'],-2.0250000000000004,18.75,1.1954775893619531,31.95178659584885,-2.4000000000000004,-2.0,[-0.3 -2.6 -3.  -2.2],[ -2  48 -15  44],-0.325,11.0,0.0957427107756338,26.0,-0.35,[-0.2 -0.4 -0.4 -0.3],[50 -2 -2 -2],-1.925,19.75,1.0242883708539634,31.138133106102128,-2.35,23.0,[-0.4 -2.3 -2.4 -2.6],[  2  48 -15  44],-0.325,14.0,0.0957427107756338,24.0,-0.35,2.0,[-0.2 -0.3 -0.4 -0.4],[50  2  2  2],E,1,[0.11658652 0.18408876 0.15133869 0.18284918 0.20252189],True,Beta
42811,140,143,labels,4,1-p,4v03,A,['A' 'L' 'I' 'V'],0.958025,-0.085549995,-0.0181087497621774,0.12723768,0.0052265343,0.0054262691742098,[0.7736 0.9952 0.9975 1.0658],[-0.0875 -0.0827 -0.0919 -0.0801],[-0.013114 -0.018932 -0.025391 -0.014998],[0.33728182 0.45058324 0.49817765 0.43548398],[0.52134752 0.45241137 0.45765961 0.44943266],[0.47638168 0.46809056 0.46704391 0.47463168],0.4303816730777423,0.470212792356809,0.4715369567275048,0.0675722158260792,0.0342590491885627,0.0046588179862179,['-120.6' '-108.2' '-105.4' '-87.4'],['132.6' '127.7' '118.2' '127.0'],['E' 'E' 'E' 'E'],['E' 'E' 'E' 'E'],-2.825,-49.0,0.4031128874149274,88.91194145520237,-2.8,-2.0,[-2.4 -3.3 -2.6 -3. ],[  28 -126   28 -126],-0.4499999999999999,-2.0,0.1290994448735805,0.0,-0.45,[-0.3 -0.4 -0.5 -0.6],[-2 -2 -2 -2],-1.9,-47.0,0.9626352718795766,88.91194145520237,-2.05,-47.0,[-1.9 -2.9 -2.2 -0.6],[  30 -124   30 -124],-0.475,2.0,0.1258305739211791,0.0,-0.5,2.0,[-0.5 -0.6 -0.5 -0.3],[2 2 2 2],E,1,[0.12150293 0.19969546 0.14736006 0.175678   0.19976837],True,Beta
42843,184,187,labels,4,1-p,5az2,H,['S' 'S' 'V' 'T'],0.781875,-0.072125,-0.0082242500502616,0.10453595,0.008623368,0.0027125415754148,[0.7284 0.7228 0.7379 0.9384],[-0.0839 -0.0731 -0.0668 -0.0647],[-0.010265 -0.007303 -0.010531 -0.004798],[0.34273841 0.35656717 0.3907726  0.33974136],[0.45879435 0.47957449 0.49319151 0.46326244],[0.48396501 0.48438944 0.48742667 0.48603833],0.3574548860390982,0.473705696562926,0.4854548623164495,0.0233894696173628,0.0157644084609793,0.0015898876148499,['-136.1' '-118.2' '-137.3' '-117.6'],['139.6' '151.3' '140.8' '128.8'],['E' 'E' 'E' 'E'],['E' 'E' 'E' 'E'],-2.2750000000000004,-29.5,0.767571929311297,13.47837774610382,-2.35,-2.0,[-2.1 -3.1 -2.6 -1.3],[-39 -16 -43 -20],-0.35,-2.0,0.0577350269189625,0.0,-0.35,[-0.3 -0.4 -0.3 -0.4],[-2 -2 -2 -2],-1.975,-35.75,1.2446552400832396,13.400870618483465,-2.3,-41.0,[-2.2 -2.4 -3.1 -0.2],[-39 -16 -43 -45],-0.325,-3.5,0.1707825127659933,11.0,-0.35,2.0,[-0.3 -0.4 -0.5 -0.1],[  2   2   2 -20],E,1,[0.09330577 0.13331815 0.1237943  0.14842343 0.16170529],True,Beta
45448,90,94,labels,5,1-p,3wbm,A,['I' 'E' 'I' 'A' 'I'],0.90688,-0.05154,-0.0071936000604182,0.16769068,0.0035281722,0.004161353538262,[0.7048 0.9619 0.9862 1.114  0.7675],[-0.0544 -0.0454 -0.0527 -0.0522 -0.053 ],[-0.004184 -0.005704 -0.012009 -0.011204 -0.002867],[0.3790939  0.43211231 0.49876403 0.46709957 0.37805143],[0.50709222 0.53014187 0.53170216 0.52631209 0.47957449],[0.49009834 0.487835   0.48393501 0.4855111  0.48418944],0.4310242464145025,0.5149645666281383,0.4863137781620025,0.0533717406336475,0.0221003124831543,0.0026197635299594,['-134.9' '-133.6' '-122.1' '-90.1' '-117.8'],['145.4' '124.7' '108.8' '119.4' '152.2'],['E' 'E' 'E' 'E' 'E'],['E' 'E' 'E' 'E' 'E'],-2.5,-34.6,0.2236067977499788,17.271363582531635,-2.5,-2.0,[-2.6 -2.2 -2.4 -2.8 -2.5],[-43 -14 -47 -18 -51],-0.42,-2.0,0.130384048104053,0.0,-0.4,[-0.3 -0.3 -0.4 -0.5 -0.6],[-2 -2 -2 -2 -2],-2.66,-34.8,0.3507135583350038,17.035257556021865,-2.7,-43.0,[-2.4 -2.7 -2.7 -3.2 -2.3],[-43 -14 -47 -19 -51],-0.74,-2.0,0.658027355054484,8.94427190999916,-0.5,2.0,[-0.4 -0.5 -0.6 -1.9 -0.3],[  2   2   2 -18   2],E,1,[0.11599229 0.18673168 0.14411667 0.17350903 0.19681363],True,Beta
45621,51,54,labels,4,1-p,2voc,A,['K' 'I' 'V' 'K'],0.967575,-0.061575003,-0.0130757500883191,0.10634556,0.0030598205,0.0076101301302003,[1.1162 0.9723 0.8855 0.8963],[-0.0626 -0.0614 -0.0575 -0.0648],[-0.02305  -0.014984 -0.007039 -0.00723 ],[0.4134622  0.48441404 0.44859607 0.42522237],[0.60375889 0.50957449 0.50801422 0.50042557],[0.47986109 0.47495942 0.48374831 0.48125331],0.4429236700137456,0.5304432933529218,0.4799555316567421,0.0312780074533656,0.0490401566137844,0.0036986205235626,['-98.6' '-104.9' '-125.9' '-104.1'],['125.5' '130.7' '126.8' '141.5'],['E' 'E' 'E' 'E'],['E' 'E' 'E' 'E'],-2.2,-29.0,1.2569805089976536,19.8997487421324,-2.55,-2.0,[-2.  -0.5 -3.1 -3.2],[-32  -2 -32 -50],-0.45,-14.0,0.0577350269189625,24.0,-0.45,[-0.4 -0.4 -0.5 -0.5],[ -2 -50  -2  -2],-2.95,-39.0,0.1914854215512676,10.392304845413264,-3.0,-39.0,[-2.7 -3.1 -2.9 -3.1],[-30 -48 -30 -48],-0.4499999999999999,2.0,0.0577350269189625,0.0,-0.45,2.0,[-0.5 -0.5 -0.4 -0.4],[2 2 2 2],E,1,[0.11821041 0.19102462 0.14287809 0.16939354 0.19157281],True,Beta
46017,196,199,labels,4,1-p,4r2k,A,['G' 'A' 'Y' 'P'],0.974175,-0.076574996,-0.0137885001022368,0.07179307,0.009219678,0.0038786475260857,[1.0795 0.9366 0.9221 0.9585],[-0.0631 -0.0796 -0.0796 -0.084 ],[-0.010797 -0.016534 -0.017694 -0.010129],[0.45753835 0.47858283 0.458874   0.37977801],[0.50085108 0.48063831 0.46581562 0.42127663],[0.48266446 0.47498612 0.47535722 0.47638777],0.443693295121193,0.4671454106767972,0.4773488913973173,0.0436828826929085,0.033782856316598,0.0035929758799941,['-113.7' '-94.3' '-125.5' '-78.7'],['119.2' '142.5' '104.2' '144.7'],['E' 'E' 'E' ''],['E' 'E' 'E' 'P'],-1.25,23.5,1.1902380714238083,28.30194339616981,-1.25,-2.0,[-2.5 -0.5 -2.   0. ],[48 -2 48  0],-0.3,-10.25,0.2160246899469286,17.858238061652855,-0.35,[-0.4 -0.5 -0.3  0. ],[ -2 -37  -2   0],-1.2,16.75,1.003327796219494,41.2583324917525,-1.1,26.0,[-1.8 -0.4 -2.3 -0.3],[ 50 -35  50   2],-0.175,25.5,0.1258305739211791,27.14774392099645,-0.2,25.0,[-0.3 -0.2 -0.2 -0. ],[ 2 50  2 48],E,1,[0.12177687 0.20138804 0.14657539 0.17556118 0.20041539],True,Beta
48818,104,107,labels,4,1-p,1i1n,A,['K' 'V' 'I' 'G'],0.831775,-0.06115,-0.0103065001312643,0.15140662,0.0089760795,0.0016012155671595,[0.7063 0.705  0.9072 1.0086],[-0.062  -0.0674 -0.067  -0.0482],[-0.01044  -0.008692 -0.012456 -0.009638],[0.31221414 0.37764423 0.42688376 0.44015872],[0.59914896 0.49900712 0.50879434 0.54517732],[0.50113667 0.48245111 0.48289666 0.48766276],0.3892252122362455,0.5380319332083068,0.4885367999474208,0.0579574949858314,0.0453288751697878,0.0087248211989361,['-137.2' '-132.4' '-121.6' '-111.9'],['143.9' '142.7' '128.6' '134.7'],['E' 'E' 'E' 'E'],['E' 'E' 'E' 'E'],-2.45,2.0,0.3415650255319865,31.176914536239792,-2.5,-2.0,[-2.  -2.6 -2.4 -2.8],[-25  29 -25  29],-0.325,-2.0,0.0957427107756338,0.0,-0.35,[-0.2 -0.3 -0.4 -0.4],[-2 -2 -2 -2],-2.45,4.0,0.544671154612273,31.176914536239792,-2.6,4.0,[-2.4 -1.7 -2.9 -2.8],[-23  31 -23  31],-0.4,2.0,0.0,0.0,-0.4,2.0,[-0.4 -0.4 -0.4 -0.4],[2 2 2 2],E,1,[0.11762138 0.18644313 0.15202349 0.18386465 0.20368524],True,Beta
49211,180,183,labels,4,1-p,8k8g,A,['V' 'V' 'T' 'I'],1.01565,-0.066975,-0.0111890002153813,0.10325497,0.0072646975,0.0041474142854036,[1.0958 0.907  1.1116 0.9482],[-0.064  -0.0581 -0.0724 -0.0734],[-0.008308 -0.00963  -0.017347 -0.009471],[0.46488438 0.50728283 0.48324129 0.41727367],[0.4864539  0.50035462 0.49368797 0.46170216],[0.48058334 0.48039722 0.47975111 0.47835277],0.4681705435117086,0.4855496610204379,0.4797711099187534,0.0381146916593917,0.016881348930663,0.0010105837557282,['-113.2' '-127.4' '-93.5' '-111.5'],['128.1' '111.0' '128.1' '127.9'],['E' 'E' 'E' 'E'],['E' 'E' 'E' 'E'],-2.775,-108.5,0.3774917217635375,54.84827557301445,-2.8,-2.0,[-3.1 -3.1 -2.4 -2.5],[-156  -61 -156  -61],-0.5,-2.0,0.0,0.0,-0.5,[-0.5 -0.5 -0.5 -0.5],[-2 -2 -2 -2],-2.05,-106.5,1.1387127235025816,54.84827557301445,-2.4,-106.5,[-3.  -2.3 -2.5 -0.4],[-154  -59 -154  -59],-0.475,2.0,0.0499999999999999,0.0,-0.5,2.0,[-0.5 -0.5 -0.5 -0.4],[2 2 2 2],E,1,[0.12625541 0.21313481 0.14922474 0.17808012 0.20428945],True,Beta
49315,151,154,labels,4,1-p,1h8n,A,['L' 'S' 'C' 'K'],0.91805,-0.08035,-0.0153252496384084,0.17780137,0.0056335297,0.0064585027317932,[0.8983 0.6872 0.9735 1.1132],[-0.0854 -0.0814 -0.0823 -0.0723],[-0.01163  -0.00888  -0.017352 -0.023439],[0.39960086 0.41681761 0.45182115 0.46957539],[0.45333336 0.46163123 0.470922   0.51560285],[0.47978111 0.47896557 0.47240503 0.47219891],0.434453750650088,0.4753723591566087,0.4758376553654671,0.0319422034474353,0.0277658907045608,0.0040970754029253,['-106.2' '-124.7' '-146.7' '-84.0'],['144.6' '157.8' '103.1' '116.9'],['E' 'E' 'E' 'E'],['E' 'E' 'E' 'E'],-2.675,21.5,0.5377421934967225,43.3628104870214,-2.6,-2.0,[-3.4 -2.6 -2.1 -2.6],[ 61 -14  57 -18],-0.4,-2.0,0.0816496580927726,0.0,-0.4,[-0.5 -0.4 -0.3 -0.4],[-2 -2 -2 -2],-2.275,21.5,0.2217355782608344,43.3628104870214,-2.3,21.5,[-2.2 -2.  -2.4 -2.5],[ 61 -14  57 -18],-0.3999999999999999,2.0,0.1414213562373095,0.0,-0.35,2.0,[-0.3 -0.4 -0.6 -0.3],[2 2 2 2],E,1,[0.12906492 0.21583692 0.15951449 0.19131284 0.21604844],True,Beta
50519,124,127,labels,4,1-p,5oq3,A,['F' 'H' 'A' 'W'],0.921875,-0.103424996,-0.0225382500793784,0.10141127,0.008176134,0.0099712429999328,[0.7882 0.9248 1.0343 0.9402],[-0.1052 -0.1033 -0.1125 -0.0927],[-0.014708 -0.023426 -0.036307 -0.015712],[0.41737139 0.44748846 0.47224667 0.42315374],[0.38744684 0.41063833 0.41950357 0.44163124],[0.4598461  0.45864387 0.45808611 0.46497223],0.4400650635361672,0.4148049950599671,0.4603870784242948,0.0251114714627761,0.0224169101967671,0.0031437481856654,['-127.6' '-109.0' '-80.7' '-100.2'],['117.2' '123.0' '119.0' '128.9'],['E' 'E' 'E' 'E'],['E' 'E' 'E' 'E'],-2.125,-22.0,1.2867918764638413,58.0,-2.7,-2.0,[-0.2 -2.7 -2.7 -2.9],[-51 -51  65 -51],-0.4499999999999999,-2.0,0.1732050807568877,0.0,-0.5,[-0.2 -0.5 -0.5 -0.6],[-2 -2 -2 -2],-2.3000000000000003,8.75,0.4898979485566357,66.6852057555997,-2.4000000000000004,8.5,[-2.7 -2.1 -2.7 -1.7],[ 66 -49  67 -49],-1.0,5.75,0.5354126134736337,47.14781719938545,-0.95,2.0,[-1.3 -0.6 -0.5 -1.6],[ 67   2   2 -48],E,1,[0.09267898 0.13687661 0.11432833 0.13723586 0.155264  ],True,Beta
51187,95,100,labels,6,1-p,2dd7,A,['L' 'E' 'V' 'N' 'F' 'R'],0.95076674,-0.04498333,-0.0063416666428868,0.12411975,0.0095773535,0.0040498711123199,[1.0429 1.103  0.7647 1.0073 0.9152 0.8715],[-0.0485 -0.038  -0.0422 -0.0627 -0.037  -0.0415],[-0.008925 -0.005125 -0.004345 -0.013059 -0.005061 -0.001535],[0.49259078 0.47408727 0.46828864 0.4376992  0.4550951  0.38951841],[0.54255323 0.54702131 0.53695039 0.53765961 0.53815605 0.5341135 ],[0.48602723 0.48978057 0.4874839  0.48751944 0.48908056 0.49305167],0.4528798990779453,0.5394090132580863,0.4888238939974043,0.0360948045262708,0.0046162927999452,0.0024565697056028,['-119.5' '-112.5' '-134.1' '-118.9' '-109.6' '-128.5'],['122.2' '129.7' '132.6' '126.1' '125.2' '145.9'],['E' 'E' 'E' 'E' 'E' 'E'],['E' 'E' 'E' 'E' 'E' 'E'],-2.6666666666666665,1.5,0.463321342770508,15.215124054702938,-2.6,-2.0,[-2.5 -2.9 -2.6 -2.6 -3.4 -2. ],[ -8  19 -12  15 -16  11],-0.4666666666666666,-2.0,0.0516397779494322,0.0,-0.5,[-0.4 -0.5 -0.5 -0.4 -0.5 -0.5],[-2 -2 -2 -2 -2 -2],-2.6666666666666665,1.5,0.5391351098441527,15.215124054702938,-2.8,1.5,[-2.9 -3.  -3.3 -2.3 -1.8 -2.7],[ -8  19 -12  15 -16  11],-0.4333333333333333,2.0,0.0816496580927726,0.0,-0.45,2.0,[-0.5 -0.4 -0.5 -0.5 -0.4 -0.3],[2 2 2 2 2 2],E,1,[0.09844489 0.14983698 0.11974654 0.1436938  0.16387223],True,Beta
51788,50,53,labels,4,1-p,2dct,A,['D' 'K' 'V' 'Y'],0.9199,-0.071225,-0.0129330002237111,0.12523933,0.004582122,0.0048930954456386,[1.0061 0.7497 0.9022 1.0216],[-0.0684 -0.0663 -0.0745 -0.0757],[-0.020058 -0.009057 -0.011925 -0.010692],[0.35728387 0.43294302 0.4354677  0.45610497],[0.60539008 0.4899291  0.48475179 0.46872343],[0.48411389 0.4772     0.48240334 0.47481833],0.4204498901963234,0.5121985996762912,0.4796338900923729,0.0433698969062976,0.0627800419060877,0.0043533014330141,['-97.3' '-133.5' '-129.7' '-103.3'],['149.3' '140.2' '128.2' '138.7'],['E' 'E' 'E' 'E'],['E' 'E' 'E' 'E'],-2.825,38.0,0.3403429642777022,14.047538337136986,-2.75,-2.0,[-3.3 -2.5 -2.7 -2.8],[52 28 48 24],-0.375,-2.0,0.05,0.0,-0.4,[-0.4 -0.3 -0.4 -0.4],[-2 -2 -2 -2],-3.025,38.0,0.5965176722724426,14.047538337136986,-2.8,38.0,[-2.6 -3.9 -2.7 -2.9],[52 28 48 24],-0.4,2.0,0.0,0.0,-0.4,2.0,[-0.4 -0.4 -0.4 -0.4],[2 2 2 2],E,1,[0.13182862 0.22442706 0.1627099  0.19620048 0.22358809],True,Beta
51829,35,39,labels,5,1-p,9ua9,F,['S' 'W' 'Y' 'Q' 'Q'],0.78948003,-0.09242,-0.0120921999216079,0.11532499,0.007509128,0.0019218069733858,[0.7496 0.7856 0.6866 0.7398 0.9858],[-0.1049 -0.0873 -0.094  -0.0887 -0.0872],[-0.015363 -0.011604 -0.010388 -0.011972 -0.011134],[0.34032773 0.36189345 0.36029719 0.39290638 0.3767158 ],[0.40886527 0.43531918 0.44680854 0.44687946 0.41751776],[0.47420222 0.47924722 0.48113112 0.48139223 0.46603445],0.3664281090100607,0.431078040599823,0.4764014482498169,0.0196616147809286,0.0172656356331673,0.0064747079688785,['-117.3' '-124.2' '-121.6' '-117.5' '-129.5'],['146.8' '130.5' '148.9' '139.1' '107.2'],['E' 'E' 'E' 'E' 'E'],['E' 'E' 'E' 'E' 'E'],-2.46,34.8,0.1516575088810311,22.432119828495924,-2.5,-2.0,[-2.6 -2.3 -2.6 -2.3 -2.5],[55 13 51  8 47],-0.38,-2.0,0.0447213595499958,0.0,-0.4,[-0.4 -0.4 -0.4 -0.3 -0.4],[-2 -2 -2 -2 -2],-2.22,34.6,0.2387467277262664,22.678183348760545,-2.2,47.0,[-2.1 -2.5 -2.4 -1.9 -2.2],[55 12 51  8 47],-0.7,5.0,0.7968688725254613,4.795831523312719,-0.4,2.0,[-0.4 -2.1 -0.4 -0.5 -0.1],[ 2 13  2  2  6],E,1,[0.08908904 0.12550082 0.11773047 0.14146933 0.15440935],True,Beta
51912,826,829,labels,4,1-p,8xxa,A,['V' 'V' 'V' 'V'],0.86214995,-0.043449998,-0.0058820000849664,0.19298737,0.009617171,0.003332406591417,[0.5893 0.9457 1.0355 0.8781],[-0.0502 -0.0526 -0.0388 -0.0322],[-0.004221 -0.009189 -0.008081 -0.002037],[0.3832474  0.41869074 0.46573135 0.40445478],[0.51156031 0.53787237 0.55063834 0.54510641],[0.48584444 0.48806055 0.48927389 0.49034835],0.4180310666561127,0.5362943584720294,0.4883818080027899,0.0349760482756722,0.0172980274173104,0.0019325726076172,['-135.7' '-129.7' '-103.5' '-126.8'],['142.3' '124.8' '131.6' '143.4'],['E' 'E' 'E' 'E'],['E' 'E' 'E' 'E'],-2.6,19.5,0.2160246899469287,32.98989744351039,-2.6500000000000004,-2.0,[-2.6 -2.3 -2.7 -2.8],[ -7  50 -11  46],-0.375,-2.0,0.05,0.0,-0.4,[-0.4 -0.3 -0.4 -0.4],[-2 -2 -2 -2],-2.625,19.5,0.51234753829798,32.98989744351039,-2.6,19.5,[-2.9 -3.2 -2.1 -2.3],[ -7  50 -11  46],-0.375,2.0,0.05,0.0,-0.4,2.0,[-0.4 -0.4 -0.4 -0.3],[2 2 2 2],E,1,[0.10341696 0.15759999 0.13153455 0.15900663 0.1782661 ],True,Beta
53299,116,120,labels,5,1-p,2qim,A,['T' 'I' 'K' 'I' 'E'],1.03072,-0.0632,-0.0111231997609138,0.10772581,0.00968504,0.0037921605878722,[1.1886 0.9453 1.0653 0.9169 1.0375],[-0.0761 -0.0662 -0.0579 -0.0503 -0.0655],[-0.016088 -0.014257 -0.008973 -0.008756 -0.007542],[0.47806159 0.52109527 0.47683996 0.49185778 0.39733678],[0.49978727 0.4963121  0.51460997 0.51510643 0.47581564],[0.4800161  0.47815665 0.48222998 0.48596053 0.48167165],0.4730382740497589,0.5003262837727865,0.4816069821516674,0.0459185438883519,0.0161218186092502,0.0029060897252382,['-106.1' '-105.8' '-115.6' '-114.8' '-109.0'],['125.4' '125.8' '119.1' '127.7' '128.9'],['E' 'E' 'E' 'E' 'E'],['E' 'E' 'E' 'E' 'E'],-2.88,-57.6,0.0836660026534076,51.58294291720859,-2.9,-2.0,[-2.8 -2.9 -2.9 -3.  -2.8],[ -16 -112  -20 -116  -24],-0.48,-2.0,0.0447213595499957,0.0,-0.5,[-0.4 -0.5 -0.5 -0.5 -0.5],[-2 -2 -2 -2 -2],-2.36,-57.8,0.167332005306815,51.42178526655798,-2.4,-25.0,[-2.4 -2.2 -2.2 -2.4 -2.6],[ -16 -112  -20 -116  -25],-0.76,-3.2,0.5813776741499453,11.627553482998907,-0.5,2.0,[-0.5 -0.5 -0.5 -0.5 -1.8],[  2   2   2   2 -24],E,1,[0.11066688 0.17633455 0.13023195 0.1541239  0.17592895],True,Beta
53768,149,153,labels,5,1-p,3soy,A,['E' 'S' 'Q' 'V' 'W'],0.8641,-0.073400006,-0.010163599718362,0.1808177,0.008606975,0.0054757804154306,[0.6292 0.8992 0.7493 1.0979 0.9449],[-0.0685 -0.0625 -0.0749 -0.0855 -0.0756],[-0.005819 -0.006046 -0.013107 -0.01841  -0.007436],[0.34987269 0.37099861 0.44734188 0.45478563 0.43291044],[0.45702132 0.49226954 0.48021279 0.470922   0.446383  ],[0.48447555 0.48612666 0.47913166 0.47835943 0.47198222],0.4111818492412568,0.4693617284297944,0.4800151050090789,0.0475775015800605,0.0182020284324533,0.0055967776194991,['-136.8' '-119.7' '-131.2' '-105.1' '-106.3'],['138.1' '143.5' '137.6' '120.5' '139.9'],['E' 'E' 'E' 'E' 'E'],['E' 'E' 'E' 'E' 'E'],-2.72,-9.0,0.2387467277262664,22.13594362117865,-2.6,-2.0,[-2.8 -2.5 -2.6 -2.6 -3.1],[-21  17 -25  13 -29],-0.44,-2.0,0.0894427190999915,0.0,-0.4,[-0.4 -0.4 -0.4 -0.4 -0.6],[-2 -2 -2 -2 -2],-2.9200000000000004,-9.2,0.3768288736283353,21.890637268019404,-2.9,-21.0,[-2.5 -2.6 -2.9 -3.3 -3.3],[-21  17 -25  12 -29],-0.6399999999999999,4.2,0.4335896677735759,4.919349550499538,-0.4,2.0,[-0.4 -0.4 -0.6 -1.4 -0.4],[ 2  2  2 13  2],E,1,[0.13877299 0.23652659 0.17621519 0.21179357 0.23669165],True,Beta
54135,44,47,labels,4,1-p,1f3u,E,['R' 'I' 'A' 'K'],0.957675,-0.053125,-0.0075919999508187,0.09784378,0.006864583,0.0035247842989785,[0.8895 1.096  0.8874 0.9578],[-0.0593 -0.046  -0.0485 -0.0587],[-0.012274 -0.006039 -0.008033 -0.004022],[0.46814202 0.46794656 0.47907147 0.40833138],[0.50191492 0.52921989 0.52964542 0.48127664],[0.47765666 0.48536333 0.48994778 0.47711167],0.455872858564059,0.5105142171184223,0.4825198600689571,0.0321178761185942,0.0234143037220728,0.0062225000439327,['-113.2' '-121.3' '-114.1' '-118.3'],['129.0' '115.2' '130.0' '112.6'],['E' 'E' 'E' 'E'],['E' 'E' 'E' 'E'],-1.7000000000000002,3.5,1.3952299690970902,6.557438524302,-1.6,1.5,[-2.7 -0.5 -3.1 -0.5],[11 -2  7 -2],-0.35,2.5,0.1732050807568877,5.446711546122731,-0.35,[-0.5 -0.2 -0.5 -0.2],[-2  9 -2  5],-1.35,5.5,1.173314393786536,4.358898943540674,-1.15,4.5,[-1.8 -0.5 -2.8 -0.3],[11  2  7  2],-0.3749999999999999,4.5,0.206155281280883,3.3166247903554,-0.35,3.5,[-0.5 -0.2 -0.6 -0.2],[2 9 2 5],E,1,[0.11720417 0.17453864 0.14051572 0.16122387 0.17109436],True,Beta
54160,35,38,labels,4,1-p,4ut7,L,['W' 'Y' 'Q' 'Q'],0.8813,-0.089975,-0.0134819999802857,0.17132679,0.009464097,0.0017048268041981,[0.7653 0.7174 0.9558 1.0867],[-0.1007 -0.0947 -0.0798 -0.0847],[-0.016017 -0.012857 -0.012725 -0.012329],[0.3759991  0.39719018 0.44954078 0.43561429],[0.45588655 0.4431206  0.4544681  0.42425534],[0.47617669 0.47688946 0.47893834 0.46219445],0.4145860895514488,0.444432648519675,0.4735497360428174,0.0339391065872657,0.0146144612732207,0.007660160397186,['-118.3' '-128.2' '-103.8' '-126.4'],['141.7' '136.4' '130.8' '101.1'],['E' 'E' 'E' 'E'],['E' 'E' 'E' 'E'],-2.575,29.75,0.2217355782608344,22.381167678802345,-2.5,-2.0,[-2.4 -2.5 -2.5 -2.9],[13 51  8 47],-0.4,-2.0,0.0816496580927726,0.0,-0.4,[-0.3 -0.4 -0.4 -0.5],[-2 -2 -2 -2],-2.475,29.5,0.6652067347825035,22.63478149515328,-2.45,29.5,[-3.3 -2.3 -1.7 -2.6],[12 51  8 47],-0.6,5.0,0.5033222956847166,5.354126134736337,-0.5,2.5,[-1.3 -0.5 -0.5 -0.1],[13  2  2  3],E,1,[0.12274083 0.19846029 0.15439922 0.18454922 0.20562602],True,Beta
54520,3,6,labels,4,1-p,6bzy,L,['V' 'L' 'T' 'Q'],0.94025004,-0.076475,-0.0187004995532333,0.14984667,0.00946445,0.0020192565784698,[0.9389 0.9226 1.1326 0.7669],[-0.0823 -0.0847 -0.0753 -0.0636],[-0.021269 -0.019192 -0.016574 -0.017767],[0.44612023 0.48768798 0.4596721  0.36231694],[0.48375889 0.46645392 0.47971633 0.59418443],[0.46570556 0.46831389 0.47025944 0.47169944],0.4389493130147457,0.5060283914208412,0.4689945826927821,0.0539408123701267,0.0592336645472838,0.0025946790625123,['-90.7' '-104.9' '-110.0' '-104.4'],['130.1' '126.9' '113.7' '136.7'],['' 'E' 'E' 'E'],['P' 'E' 'E' 'E'],-1.2,3.25,1.2110601416389968,10.5,-0.7,56.0,[-0.8 -0.4 -3.  -0.6],[-2 -2 19 -2],-0.275,51.25,0.2217355782608345,51.11017511220246,-0.3,[-0.  -0.4 -0.5 -0.2],[95 95 -2 17],-1.275,15.25,1.043631480296885,9.17877987534291,-1.25,18.0,[-1.9 -0.6 -2.4 -0.2],[23  2 19 17],-0.325,49.0,0.1707825127659933,54.27706698044764,-0.35,48.5,[-0.5 -0.3 -0.4 -0.1],[ 2 97  2 95],E,1,[0.13160692 0.22274373 0.16094144 0.19250907 0.21832286],True,Beta
56032,273,276,labels,4,1-p,5n4b,A,['L' 'Y' 'L' 'Y'],0.89505,-0.0657,-0.0126037499867379,0.12943646,0.008051915,0.0025293467947487,[1.0492 0.7324 0.9013 0.8973],[-0.0545 -0.0688 -0.0734 -0.0661],[-0.01564  -0.013736 -0.010563 -0.010476],[0.33483859 0.4369988  0.41225688 0.42802395],[0.61794329 0.49879437 0.49056741 0.49992911],[0.48311833 0.47781167 0.48068057 0.48357945],0.403029556075732,0.5268085425098739,0.4812975029150645,0.0465967853057682,0.0608995334505195,0.0026491682117794,['-115.6' '-111.7' '-120.3' '-105.6'],['130.8' '139.2' '126.5' '142.3'],['E' 'E' 'E' 'E'],['E' 'E' 'E' 'E'],-2.75,2.0,0.2886751345948129,15.18771433319269,-2.75,-2.0,[-2.4 -3.1 -2.7 -2.8],[ 17  -9  13 -13],-0.425,-2.0,0.0499999999999999,0.0,-0.4,[-0.4 -0.4 -0.4 -0.5],[-2 -2 -2 -2],-2.25,2.0,0.6244997998398398,15.18771433319269,-2.3,2.0,[-2.9 -1.5 -2.6 -2. ],[ 17  -9  13 -13],-0.425,2.0,0.0499999999999999,0.0,-0.4,2.0,[-0.4 -0.5 -0.4 -0.4],[2 2 2 2],E,1,[0.13974196 0.24033502 0.17465985 0.2095262  0.23573698],True,Beta
56449,22,25,labels,4,1-p,7e2p,B,['Q' 'V' 'E' 'V'],0.908575,-0.069625005,-0.0097779999487102,0.09830834,0.0028814052,0.002297925376549,[0.9713 0.7641 0.97   0.9289],[-0.0691 -0.066  -0.0729 -0.0705],[-0.006694 -0.009466 -0.011959 -0.010993],[0.37878442 0.44066368 0.43375743 0.44502894],[0.45985821 0.49078018 0.48978727 0.45808514],[0.48283611 0.48437835 0.48199001 0.48002667],0.4245586171746254,0.4746277009447416,0.4823077842593193,0.0308669326307634,0.0180970486985019,0.0018139102623699,['-117.9' '-125.0' '-119.9' '-110.1'],['138.9' '139.7' '125.5' '131.9'],['E' 'E' 'E' 'E'],['E' 'E' 'E' 'E'],-2.575,-2.0,0.1707825127659932,14.047538337136986,-2.55,-2.0,[-2.4 -2.5 -2.6 -2.8],[-12  12 -16   8],-0.425,-2.0,0.0499999999999999,0.0,-0.4,[-0.4 -0.4 -0.4 -0.5],[-2 -2 -2 -2],-2.45,-2.0,0.1732050807568879,14.047538337136986,-2.45,-2.0,[-2.6 -2.3 -2.6 -2.3],[-12  12 -16   8],-0.425,2.0,0.0499999999999999,0.0,-0.4,2.0,[-0.4 -0.5 -0.4 -0.4],[2 2 2 2],E,1,[0.13392148 0.22736348 0.16627938 0.20011514 0.22595794],True,Beta
57964,19,22,labels,4,1-p,6z1z,B,['R' 'L' 'S' 'C'],0.917925,-0.083975,-0.0148509999271482,0.1622719,0.008099127,0.0060725125255279,[1.1159 0.926  0.7187 0.9111],[-0.0933 -0.0769 -0.0775 -0.0882],[-0.022829 -0.012924 -0.008293 -0.015358],[0.44133149 0.44965481 0.41629635 0.4037055 ],[0.45078017 0.46262414 0.46624116 0.46255321],[0.47130223 0.47553001 0.47968056 0.47762945],0.4277470360199611,0.4605496724446615,0.4760355626543363,0.0213978304956919,0.0067368083471227,0.0035817356029887,['-114.8' '-80.2' '-129.3' '-142.7'],['103.6' '147.1' '156.6' '113.4'],['E' 'E' 'E' 'E'],['E' 'E' 'E' 'E'],-1.775,25.5,1.0688779163215971,39.02563260217571,-2.05,-2.0,[-0.3 -2.7 -2.4 -1.7],[ -2  61 -14  57],-0.35,11.0,0.1732050807568877,32.28002478313795,-0.3,[-0.3 -0.6 -0.2 -0.3],[-11  -2  59  -2],-1.725,41.75,1.0468205831628137,37.25027964100851,-2.1,59.0,[-0.2 -2.5 -2.3 -1.9],[ 63  61 -14  57],-0.3,2.0,0.0816496580927726,0.0,-0.3,2.0,[-0.2 -0.3 -0.4 -0.3],[2 2 2 2],E,1,[0.12711744 0.21233684 0.15707565 0.1887026  0.2141858 ],True,Beta
58825,146,149,labels,4,1-p,1ado,D,['K' 'W' 'R' 'C'],0.8428,-0.065525,-0.0089805001625791,0.14131543,0.0031531749,0.0016495750312594,[0.6886 0.9211 0.7643 0.9972],[-0.0662 -0.0697 -0.0634 -0.0628],[-0.006715 -0.01037  -0.00882  -0.010017],[0.35358642 0.38668424 0.43694994 0.41424405],[0.47049649 0.49695037 0.49936171 0.51014187],[0.48412555 0.48560834 0.48377389 0.48535999],0.3978661596775056,0.4942376092076302,0.484716941912969,0.035969932003643,0.0168345076987956,0.0009031771862737,['-132.1' '-140.4' '-111.4' '-112.7'],['141.1' '126.7' '125.9' '143.0'],['E' 'E' 'E' 'E'],['E' 'E' 'E' 'E'],-1.475,8.5,0.997914491994847,37.429934544425805,-1.4,-2.0,[-1.8 -1.  -0.4 -2.7],[-40  38  -2  38],-0.3249999999999999,8.0,0.1707825127659933,20.0,-0.35,[-0.3 -0.4 -0.1 -0.5],[-2 -2 38 -2],-1.625,11.0,1.007885575516057,37.25587202039432,-1.7999999999999998,21.0,[-2.4 -1.2 -0.4 -2.5],[-38  40   2  40],-0.45,-17.5,0.2886751345948129,22.516660498395403,-0.45,-17.5,[-0.8 -0.5 -0.1 -0.4],[-37   2 -37   2],E,1,[0.11987816 0.19219374 0.15400771 0.18559246 0.20671876],True,Beta
58941,20,23,labels,4,1-p,8gbz,L,['T' 'L' 'S' 'C'],0.899175,-0.06885,-0.0082110001239925,0.15746099,0.0073876022,0.0012683172133308,[1.0229 0.8994 0.6769 0.9975],[-0.0582 -0.0724 -0.0749 -0.0699],[-0.006601 -0.00968  -0.0081   -0.008463],[0.44892183 0.42336549 0.41922828 0.41421148],[0.48687947 0.49255322 0.48425534 0.47049648],[0.4834311  0.48645499 0.48542055 0.48189777],0.4264317701260249,0.483546127875646,0.4843011051416397,0.0154534850465886,0.0093636771405906,0.0020351350044505,['-123.3' '-112.9' '-119.1' '-137.3'],['113.3' '138.5' '145.2' '115.3'],['E' 'E' 'E' 'E'],['E' 'E' 'E' 'E'],-2.075,21.25,1.1870832602082582,34.79822792423009,-2.35,-2.0,[-0.4 -3.2 -2.3 -2.4],[ -2  53 -15  49],-0.35,12.25,0.1290994448735805,28.5,-0.35,[-0.2 -0.5 -0.4 -0.3],[55 -2 -2 -2],-1.825,22.25,1.004572877727976,33.95462658705978,-2.1,25.5,[-0.4 -2.7 -1.9 -2.3],[  2  53 -15  49],-0.35,15.25,0.1290994448735805,26.5,-0.35,2.0,[-0.2 -0.3 -0.4 -0.5],[55  2  2  2],E,1,[0.14047591 0.24086954 0.17518615 0.20921031 0.23425809],True,Beta
59490,3,6,labels,4,1-p,5w24,L,['V' 'L' 'T' 'Q'],0.932275,-0.076425,-0.0188167500309646,0.13387841,0.0042664376,0.0038161432562285,[0.9523 1.0445 0.9927 0.7396],[-0.0808 -0.0792 -0.0718 -0.0739],[-0.024174 -0.017766 -0.015145 -0.018182],[0.46200133 0.48693871 0.45229351 0.33656514],[0.48106386 0.47390075 0.47879437 0.57624118],[0.46327    0.46828611 0.47161499 0.47295166],0.4344496739407381,0.5025000373522441,0.4690306882063548,0.0668679726903972,0.0492515426855135,0.0043124845209002,['-96.4' '-108.5' '-105.0' '-99.0'],['128.2' '117.1' '117.6' '146.2'],['' 'E' 'E' 'E'],['P' 'E' 'E' 'E'],-1.125,3.25,1.2526638282742368,10.5,-0.55,56.0,[-0.4 -0.5 -3.  -0.6],[-2 -2 19 -2],-0.325,51.25,0.2217355782608345,51.11017511220246,-0.3,[-0.1 -0.4 -0.6 -0.2],[95 95 -2 17],-1.175,15.25,0.9810708435174292,9.17877987534291,-1.05,18.0,[-1.5 -0.6 -2.4 -0.2],[23  2 19 17],-0.375,26.0,0.2872281323269014,47.33568069296845,-0.4499999999999999,2.5,[-0.6 -0.6 -0.3 -0. ],[ 2 97  2  3],E,1,[0.12842729 0.2152285  0.15763166 0.18887532 0.21418139],True,Beta
60055,88,91,labels,4,1-p,3vxq,D,['Y' 'L' 'C' 'A'],0.8065,-0.0715,-0.009185999748297,0.16193944,0.0084715225,0.0055543773628579,[0.9742 0.7128 0.9092 0.6298],[-0.0833 -0.0714 -0.0637 -0.0676],[-0.016745 -0.009137 -0.00733  -0.003532],[0.40891776 0.42287684 0.36677994 0.35866837],[0.43326244 0.48340429 0.49453904 0.46765961],[0.46623389 0.4815489  0.48888946 0.48503667],0.389310730000337,0.4697163452704748,0.4804272279143334,0.0313991010093718,0.0266873479324792,0.0099258126098477,['-108.0' '-116.9' '-111.6' '-141.2'],['122.1' '140.1' '139.0' '146.5'],['E' 'E' 'E' 'E'],['E' 'E' 'E' 'E'],-1.775,-23.5,0.9742518497116988,37.31398308052,-2.0,-2.0,[-2.7 -2.  -0.4 -2. ],[ 18 -53  -2 -57],-0.4,-15.25,0.1414213562373095,26.5,-0.45,[-0.5 -0.5 -0.2 -0.4],[ -2  -2 -55  -2],-2.625,-19.75,0.4349329450233296,40.787048597972046,-2.75,-20.0,[-2.  -2.8 -3.  -2.7],[ 18 -53  13 -57],-0.375,2.0,0.05,0.0,-0.4,2.0,[-0.4 -0.4 -0.3 -0.4],[2 2 2 2],E,1,[0.10455464 0.15711481 0.13695871 0.16492707 0.18125308],True,Beta
60417,5,8,labels,4,1-p,8oqk,A,['I' 'A' 'E' 'S'],0.89202505,-0.036925003,-0.0046197498886613,0.16665827,0.007011598,0.0032550167105699,[1.0272 0.7397 1.045  0.7562],[-0.0417 -0.0355 -0.0429 -0.0276],[-0.005081 -0.00418  -0.00857  -0.000648],[0.41634524 0.4580107  0.41386941 0.37008646],[0.53368798 0.55312061 0.56312062 0.51709225],[0.48585388 0.4900939  0.49255668 0.48589447],0.4145779522756735,0.5417553658286731,0.4885997325181961,0.0359143537080551,0.0204857283579609,0.0033039426048625,['-120.9' '-123.0' '-132.3' '-118.4'],['123.6' '142.2' '120.0' '131.1'],['E' 'E' 'E' 'E'],['E' 'E' 'E' 'E'],-2.6,33.0,0.2449489742783178,27.76088375154269,-2.65,-2.0,[-2.5 -2.8 -2.3 -2.8],[11 57  7 57],-0.425,-2.0,0.0499999999999999,0.0,-0.4,[-0.4 -0.5 -0.4 -0.4],[-2 -2 -2 -2],-2.375,34.0,0.7088723439378912,28.91366458960192,-2.6,35.0,[-2.9 -2.3 -2.9 -1.4],[11 59  7 59],-0.35,2.75,0.1,1.5,-0.4,2.0,[-0.4 -0.4 -0.4 -0.2],[2 2 2 5],E,1,[0.09645854 0.14389528 0.12076253 0.14536902 0.16379896],True,Beta
60759,92,95,labels,4,1-p,1eyq,A,['L' 'I' 'R' 'G'],1.0174,-0.0617,-0.0092717498773708,0.07495931,0.009389712,0.0026988993719383,[0.9923 0.974  0.9742 1.1291],[-0.075  -0.0596 -0.0529 -0.0593],[-0.013029 -0.009291 -0.007933 -0.006834],[0.45522539 0.47895744 0.50123984 0.48503299],[0.47893621 0.50531917 0.51645392 0.48602839],[0.47884222 0.48319278 0.48663445 0.47954056],0.4801139136155447,0.4966844220956167,0.4820525025328001,0.0190724757427519,0.0172621175896496,0.0036014025931346,['-121.9' '-111.5' '-115.2' '-105.4'],['120.6' '123.9' '118.6' '125.0'],['E' 'E' 'E' 'E'],['E' 'E' 'E' 'E'],-2.75,8.0,0.2081665999466132,56.62743740155179,-2.75,-2.0,[-2.7 -3.  -2.5 -2.8],[-39  59 -43  55],-0.5,-2.0,0.0816496580927725,0.0,-0.5,[-0.4 -0.5 -0.5 -0.6],[-2 -2 -2 -2],-2.7750000000000004,8.0,0.8655441448399189,56.62743740155179,-2.75,8.0,[-3.8 -3.1 -1.8 -2.4],[-39  59 -43  55],-0.525,2.0,0.0499999999999999,0.0,-0.5,2.0,[-0.5 -0.6 -0.5 -0.5],[2 2 2 2],E,1,[0.11339375 0.18289318 0.13403763 0.15928384 0.18227504],True,Beta
60816,5,9,labels,5,1-p,3cne,B,['V' 'A' 'V' 'L' 'A'],0.96278,-0.08936,-0.0182315999642014,0.190475,0.0077280654,0.0037132747665735,[0.6729 1.1987 0.9435 1.0339 0.9649],[-0.0851 -0.099  -0.0839 -0.0824 -0.0964],[-0.017313 -0.023988 -0.019579 -0.0148   -0.015478],[0.39652237 0.45853193 0.51733269 0.47925065 0.42541782],[0.46475181 0.44822698 0.45014187 0.45198585 0.41255322],[0.46743666 0.46617777 0.46757387 0.47230165 0.46040831],0.4554110924402873,0.4455319444338481,0.466779653231303,0.0468503637501652,0.0195394911987848,0.0042576750581502,['-110.2' '-95.2' '-98.9' '-103.6' '-112.6'],['133.6' '115.9' '125.3' '121.9' '121.6'],['E' 'E' 'E' 'E' 'E'],['E' 'E' 'E' 'E' 'E'],-2.84,40.8,0.3646916505762093,20.26573462769115,-2.8,-2.0,[-2.4 -2.9 -2.8 -3.4 -2.7],[26 63 26 63 26],-0.52,-2.0,0.1303840481040529,0.0,-0.5,[-0.4 -0.4 -0.7 -0.5 -0.6],[-2 -2 -2 -2 -2],-2.68,42.8,0.5069516742254631,20.26573462769115,-2.9,28.0,[-2.  -2.3 -3.2 -3.  -2.9],[28 65 28 65 28],-0.48,14.6,0.2280350850198275,28.17445651649735,-0.5,2.0,[-0.7 -0.5 -0.6 -0.5 -0.1],[ 2  2  2  2 65],E,1,[0.11098164 0.1779142  0.13413512 0.16100149 0.18482299],True,Beta
61186,21,25,labels,5,1-p,4hbq,B,['R' 'Q' 'L' 'T' 'C'],0.87972003,-0.067200005,-0.0099842000752687,0.16287664,0.004350287,0.0041194857540019,[0.6838 0.7383 0.977  0.931  1.0685],[-0.0605 -0.0659 -0.0708 -0.0712 -0.0676],[-0.004056 -0.007814 -0.012265 -0.014611 -0.011175],[0.33571815 0.39077261 0.43103729 0.48482126 0.46301123],[0.48539012 0.49843975 0.49085108 0.48964541 0.49397166],[0.48769333 0.48659168 0.48072778 0.47886055 0.48108832],0.4210721075534821,0.4916596035162609,0.4829923311869304,0.0594253850250617,0.0048819334262805,0.0039012740227794,['-157.6' '-127.7' '-125.3' '-109.0' '-108.7'],['144.3' '135.6' '124.2' '123.7' '121.1'],['E' 'E' 'E' 'E' 'E'],['E' 'E' 'E' 'E' 'E'],-2.1,16.6,1.120267825120404,24.57234217570641,-2.8,-2.0,[-1.7 -0.3 -2.9 -2.8 -2.8],[ 38  -2  34 -17  30],-0.36,5.6,0.1140175425099138,16.994116628998402,-0.4,[-0.3 -0.2 -0.4 -0.4 -0.5],[-2 36 -2 -2 -2],-2.08,17.4,0.9884331034521254,23.870483866063545,-2.3,30.0,[-2.2 -0.4 -3.  -2.3 -2.5],[ 38   2  34 -17  30],-0.4,8.8,0.1224744871391589,15.20526224699857,-0.4,2.0,[-0.4 -0.2 -0.5 -0.5 -0.4],[ 2 36  2  2  2],E,1,[0.13944315 0.2385205  0.1756187  0.21058694 0.23583071],True,Beta
61289,19,23,labels,5,1-p,7lvu,A,['R' 'L' 'S' 'C' 'A'],0.84814006,-0.08772,-0.0144360000267624,0.12602083,0.008398631,0.0046814107934221,[0.9556 0.9015 0.6919 0.957  0.7347],[-0.0915 -0.0785 -0.0788 -0.0946 -0.0952],[-0.018907 -0.011155 -0.008684 -0.014127 -0.019307],[0.4069306  0.41518877 0.41541681 0.38824793 0.42167151],[0.45184399 0.461844   0.45964542 0.44780145 0.43134755],[0.47629722 0.47847443 0.48113    0.47660112 0.47096557],0.4094911217689514,0.4504964808622996,0.4766936699549357,0.0129785245920978,0.0121267243418791,0.0037359395767691,['-127.7' '-87.2' '-135.1' '-130.8' '-109.5'],['110.9' '151.0' '150.9' '124.0' '145.5'],['E' 'E' 'E' 'E' 'E'],['E' 'E' 'E' 'E' 'E'],-2.08,15.0,0.9284395510748128,40.26785318340177,-2.4,-2.0,[-0.5 -2.9 -2.5 -2.1 -2.4],[-11  61 -14  57 -18],-0.32,-2.0,0.0836660026534075,0.0,-0.3,[-0.3 -0.4 -0.2 -0.3 -0.4],[-2 -2 -2 -2 -2],-1.8,17.6,0.9565563234854496,38.55256152319844,-2.1,2.0,[-0.2 -2.6 -2.1 -2.4 -1.7],[  2  61 -14  57 -18],-0.34,14.2,0.0894427190999916,27.280029325497438,-0.4,2.0,[-0.2 -0.3 -0.4 -0.4 -0.4],[63  2  2  2  2],E,1,[0.13893938 0.23452876 0.17773462 0.2131799  0.23561734],True,Beta
62162,141,144,labels,4,1-p,8bec,C,['V' 'L' 'T' 'Q'],0.9126,-0.090349995,-0.0210232501849532,0.10763932,0.007615992,0.0049159202846223,[0.9433 1.0066 0.943  0.7575],[-0.1002 -0.0906 -0.0817 -0.0889],[-0.027483 -0.01873  -0.016039 -0.021841],[0.46397222 0.47120423 0.44094057 0.33544125],[0.41659577 0.44503549 0.45304967 0.54070924],[0.45059168 0.46541556 0.46855    0.4683311 ],0.4278895668685437,0.4638475403189659,0.4632220839460691,0.06296861289149,0.0535752986888875,0.0085406289187418,['-93.3' '-102.0' '-111.8' '-96.5'],['125.6' '125.3' '120.6' '140.4'],['P' 'E' 'E' 'E'],['P' 'E' 'E' 'E'],-1.15,3.25,1.2342339054382412,10.5,-0.55,56.0,[-0.5 -0.5 -3.  -0.6],[-2 -2 19 -2],-0.3,51.25,0.1825741858350553,51.11017511220246,-0.3,[-0.1 -0.4 -0.5 -0.2],[95 95 -2 17],-1.225,15.25,0.9878427675158296,9.17877987534291,-1.2,18.0,[-1.8 -0.6 -2.3 -0.2],[23  2 19 17],-0.35,49.0,0.2380476142847616,54.27706698044764,-0.45,48.5,[-0.5 -0.5 -0.4 -0. ],[ 2 97  2 95],E,1,[0.12482342 0.18968572 0.15173447 0.17432831 0.18398293],True,Beta
62165,158,161,labels,4,1-p,8bec,C,['T' 'L' 'S' 'C'],0.874575,-0.063775,-0.0070069999201223,0.12098679,0.0071163545,0.0017572679354963,[0.9623 0.9002 0.6972 0.9386],[-0.0548 -0.0644 -0.0722 -0.0637],[-0.005485 -0.007951 -0.009012 -0.00558 ],[0.43608666 0.41693162 0.41307128 0.39666896],[0.49602839 0.50255322 0.49624117 0.47482274],[0.48484778 0.48752889 0.4874761  0.48491054],0.4156896322965623,0.492411382496357,0.4861908281842868,0.0161887116256552,0.0121101523703579,0.0015149528531286,['-125.1' '-120.3' '-116.6' '-135.6'],['122.4' '136.8' '149.6' '124.4'],['E' 'E' 'E' 'E'],['E' 'E' 'E' 'E'],-2.075,21.25,1.1757976016304847,34.79822792423009,-2.4000000000000004,-2.0,[-0.4 -2.6 -3.1 -2.2],[ -2  53 -15  49],-0.325,12.25,0.0957427107756338,28.5,-0.35,[-0.2 -0.4 -0.4 -0.3],[55 -2 -2 -2],-1.975,22.25,1.090489186863706,33.95462658705978,-2.35,25.5,[-0.4 -2.6 -2.1 -2.8],[  2  53 -15  49],-0.325,15.25,0.0957427107756338,26.5,-0.35,2.0,[-0.2 -0.3 -0.4 -0.4],[55  2  2  2],E,1,[0.13556318 0.22979006 0.17124204 0.20618076 0.23131764],True,Beta
64474,9,15,labels,7,1-p,1t7v,A,['S' 'L' 'T' 'Y' 'I' 'Y' 'T'],0.8819143,-0.044342853,-0.0060219999036884,0.16189167,0.008148181,0.0026552929978811,[0.7002 1.1832 0.7019 0.8912 0.892  0.899  0.9059],[-0.0535 -0.0431 -0.0313 -0.0533 -0.0487 -0.0425 -0.038 ],[-0.008915 -0.006316 -0.001449 -0.007624 -0.007877 -0.006533 -0.00344 ],"[0.44051706 0.42110141 0.45221207 0.40478055 0.43688478 0.43927916
 0.42364239]","[0.53872343 0.54758867 0.54773051 0.54375887 0.53581562 0.54666668
 0.54375889]","[0.49041778 0.49073334 0.49145056 0.49058335 0.48775889 0.49008335
 0.49056889]",0.4312024868669964,0.5434346653166272,0.4902280214286986,0.0157214846520533,0.0045936873162847,0.0011651831419312,['-128.4' '-117.0' '-133.6' '-118.3' '-130.1' '-112.0' '-134.1'],['139.7' '120.9' '135.7' '140.7' '125.0' '139.8' '123.8'],['E' 'E' 'E' 'E' 'E' 'E' 'E'],['E' 'E' 'E' 'E' 'E' 'E' 'E'],-2.3285714285714287,45.142857142857146,0.8845230083954587,41.69903504650346,-2.5,-2.0,[-0.4 -3.  -2.5 -2.9 -2.3 -2.5 -2.7],[-2 93 21 89 17 85 13],-0.3857142857142857,11.857142857142858,0.0899735410842437,36.66255388189504,-0.4,[-0.2 -0.4 -0.5 -0.4 -0.4 -0.4 -0.4],[95 -2 -2 -2 -2 -2 -2],-2.185714285714286,49.0,0.3184785258515422,37.66519171153476,-2.1,25.0,[-2.1 -1.9 -2.7 -2.1 -1.8 -2.5 -2.2],[25 93 21 89 17 85 13],-0.4142857142857142,2.0,0.0377964473009227,0.0,-0.4,2.0,[-0.5 -0.4 -0.4 -0.4 -0.4 -0.4 -0.4],[2 2 2 2 2 2 2],E,1,[0.11371883 0.17954462 0.14307869 0.17180914 0.19257765],True,Beta
66606,382,385,labels,4,1-p,2p3y,A,['K' 'L' 'H' 'V'],0.974075,-0.09945,-0.022216249955818,0.19580469,0.008546929,0.0079738207253398,[0.7428 0.974  1.2216 0.9579],[-0.0976 -0.0904 -0.0988 -0.111 ],[-0.011772 -0.021266 -0.025099 -0.030728],[0.37855637 0.47861541 0.51365154 0.45980243],[0.44865251 0.43489364 0.42539008 0.36226953],[0.4785011  0.46770165 0.45717054 0.43963276],0.4576564381519953,0.4178014397621155,0.4607515136400859,0.0572600966077334,0.0382331094399331,0.0165547306258974,['-134.3' '-118.9' '-85.6' '-92.8'],['134.2' '112.7' '106.1' '111.0'],['E' 'E' 'E' 'E'],['E' 'E' 'E' 'E'],-2.2,48.0,1.095445115010332,40.85747585611883,-2.6,-2.0,[-2.4 -2.8 -0.6 -3. ],[98 50 -2 46],-0.5,22.0,0.270801280154532,48.0,-0.4,[-0.3 -0.4 -0.4 -0.9],[-2 -2 94 -2],-2.0500000000000003,60.5,1.2449899597988732,25.053276565484737,-2.55,49.0,[-2.9 -2.5 -0.2 -2.6],[98 50 48 46],-0.4,1.5,0.4242640687119285,2.516611478423583,-0.35,2.0,[-0.6 -0.9 -0.  -0.1],[ 2  2 -2  4],E,1,[0.09303355 0.13831261 0.11207393 0.13356868 0.15180674],True,Beta
66694,64,67,labels,4,1-p,8jab,A,['I' 'A' 'Q' 'V'],0.89204997,-0.102625,-0.0207582497969269,0.104885854,0.0074028703,0.0022161982201901,[0.9262 0.9335 0.971  0.7375],[-0.0994 -0.097  -0.1006 -0.1135],[-0.023036 -0.022083 -0.019764 -0.01815 ],[0.3956428  0.4610729  0.43033689 0.38539747],[0.38893619 0.4276596  0.4176596  0.38659577],[0.4606589  0.46395389 0.46666834 0.46722443],0.4181125164031983,0.4052127897739411,0.4646263892451922,0.0344973060725781,0.0205775254210785,0.0030062492133297,['-95.1' '-120.5' '-72.6' '-134.7'],['133.0' '108.8' '140.4' '132.1'],['E' 'E' 'E' 'E'],['E' 'E' 'E' 'E'],-1.4249999999999998,-16.0,1.0719919153924,16.165807537309522,-1.45,-7.5,[-0.4 -2.4 -0.6 -2.3],[ -2 -30  -2 -30],-0.3,-11.75,0.1414213562373095,13.225606476327153,-0.25,[-0.3 -0.5 -0.2 -0.2],[-13  -2 -30  -2],-1.4,-13.0,1.0424330514074591,17.320508075688775,-1.45,-13.0,[-0.6 -2.3 -0.4 -2.3],[  2 -28   2 -28],-0.2,-13.0,0.0,17.320508075688775,-0.2,-13.0,[-0.2 -0.2 -0.2 -0.2],[-28   2 -28   2],E,1,[0.09960404 0.14924541 0.12461711 0.14858809 0.16637979],True,Beta
67371,195,198,labels,4,1-p,7n4n,D,['W' 'V' 'R' 'Q'],0.78945,-0.0681,-0.006334000150673,0.12285551,0.0051568723,0.0023177300170954,[0.9672 0.7292 0.691  0.7704],[-0.0706 -0.0623 -0.0739 -0.0656],[-0.008724 -0.004857 -0.007853 -0.003902],[0.37547788 0.38886686 0.35681149 0.34454641],[0.48297874 0.49163123 0.49517733 0.44042555],[0.4875361  0.48809221 0.49077111 0.47611056],0.3664256607492765,0.4775532136360804,0.485627497235934,0.0196357166902113,0.0252764670377078,0.006499911333273,['-102.1' '-126.2' '-131.8' '-149.2'],['135.9' '156.4' '154.6' '116.7'],['E' 'E' 'E' 'E'],['E' 'E' 'E' 'E'],-2.6,33.25,0.3559026084010438,26.399179280172078,-2.55,-2.0,[-2.8 -3.  -2.3 -2.3],[13 58  8 54],-0.35,-2.0,0.0577350269189625,0.0,-0.35,[-0.4 -0.4 -0.3 -0.3],[-2 -2 -2 -2],-2.675,33.0,0.2061552812808829,26.65833203084294,-2.65,33.0,[-2.5 -2.8 -2.9 -2.5],[12 58  8 54],-0.5750000000000001,5.75,0.6898067362191627,5.188127472091127,-0.3,4.0,[-1.6 -0.3 -0.3 -0.1],[13  2  2  6],E,1,[0.10137917 0.15037678 0.13426793 0.16237914 0.17801921],True,Beta
67408,487,490,labels,4,1-p,1jfq,H,['S' 'S' 'V' 'T'],0.77905,-0.080125004,-0.0091005001449957,0.16675909,0.0023414742,0.0028444834359241,[0.6758 0.7013 0.7109 1.0282],[-0.0816 -0.0771 -0.0795 -0.0823],[-0.008177 -0.007017 -0.013302 -0.007906],[0.31524377 0.34009971 0.39749967 0.37290434],[0.46645391 0.46936172 0.46886528 0.43652486],[0.48787388 0.48416889 0.48431946 0.47971113],0.3564368734757105,0.4603014414509138,0.4840183382232984,0.0361529405459771,0.0159018523906783,0.0033431841007869,['-147.1' '-128.6' '-142.0' '-118.6'],['144.7' '157.5' '141.9' '116.3'],['E' 'E' 'E' 'E'],['E' 'E' 'E' 'E'],-1.825,-25.0,1.062622541953005,19.40790217067952,-2.2,-2.0,[-1.9 -2.6 -2.5 -0.3],[-39 -16 -43  -2],-0.3,-6.75,0.0,9.5,-0.3,[-0.3 -0.3 -0.3 -0.3],[ -2  -2  -2 -21],-1.9,-35.75,1.2832251036613438,13.400870618483465,-2.05,-41.0,[-1.9 -2.2 -3.3 -0.2],[-39 -16 -43 -45],-0.275,-3.25,0.206155281280883,10.5,-0.3,2.0,[-0.3 -0.3 -0.5 -0. ],[  2   2   2 -19],E,1,[0.08828858 0.12394734 0.11744497 0.14101725 0.15393725],True,Beta
68174,68,72,labels,5,1-p,2p5q,D,['I' 'L' 'A' 'F' 'P'],1.04124,-0.07642,-0.0170644000172615,0.09292899,0.0073489463,0.0046897443273862,[0.9535 1.1802 1.0253 0.9659 1.0813],[-0.0809 -0.072  -0.0688 -0.0869 -0.0735],[-0.017168 -0.013986 -0.011145 -0.022907 -0.020116],[0.48566823 0.5145474  0.51656715 0.50045802 0.46134981],[0.49078017 0.48106386 0.47680854 0.4757447  0.51695039],[0.47642335 0.47650058 0.47331224 0.46990668 0.47438111],0.4957181215286256,0.4882695337136587,0.474104791879654,0.0228794217731781,0.0170956297818137,0.0027131247151903,['-110.7' '-107.2' '-96.4' '-114.6' '-62.3'],['120.7' '106.3' '123.1' '107.7' '139.4'],['E' 'E' 'E' 'E' 'E'],['E' 'E' 'E' 'E' 'E'],-1.44,-7.6,1.2340988615179904,26.425366601052104,-1.7,-2.0,[-0.4 -1.7 -2.1 -3.   0. ],[ -2 -33  30 -33   0],-0.42,-7.8,0.303315017762062,14.11382301150188,-0.6,[-0.2 -0.6 -0.7 -0.6  0. ],[-33  -2  -2  -2   0],-2.0,1.0,0.8944271909999159,31.756889016400837,-2.3,2.0,[-0.7 -2.3 -2.6 -1.5 -2.9],[  2 -31  32 -31  33],-0.28,-5.0,0.1923538406167134,26.89795531262553,-0.2,2.0,[-0.2 -0.6 -0.2 -0.1 -0.3],[-31   2 -31  33   2],E,1,[0.10384587 0.16294666 0.12146256 0.1441292  0.16570569],True,Beta
69682,332,335,labels,4,1-p,1f9f,D,['I' 'L' 'T' 'V'],0.91637504,-0.07235,-0.0126657499931752,0.14612287,0.00792822,0.0032954478583925,[0.7078 1.0475 0.9417 0.9685],[-0.0782 -0.0801 -0.0646 -0.0665],[-0.010948 -0.016899 -0.013475 -0.009341],[0.38520201 0.43929545 0.48175905 0.44028904],[0.46992911 0.4802128  0.48851067 0.47964541],[0.47864056 0.47704333 0.47793611 0.481175  ],0.4366363883018495,0.4795744965473811,0.4786987478534381,0.0395894027746173,0.0076004632112652,0.0017755011390861,['-138.1' '-119.1' '-103.6' '-117.6'],['134.8' '128.7' '127.6' '136.3'],['E' 'E' 'E' 'E'],['E' 'E' 'E' 'E'],-1.875,-25.0,0.9394147114027968,21.24460715883759,-2.2,-2.0,[-2.1 -2.6 -0.5 -2.3],[-12 -41  -2 -45],-0.4,-5.5,0.0816496580927726,7.0,-0.4,[-0.3 -0.4 -0.4 -0.5],[ -2  -2 -16  -2],-2.525,-28.75,0.7588368291888141,16.660832312142553,-2.75,-29.0,[-3.1 -3.1 -2.4 -1.5],[-12 -41 -17 -45],-0.425,2.0,0.0957427107756338,0.0,-0.45,2.0,[-0.5 -0.5 -0.4 -0.3],[2 2 2 2],E,1,[0.13383033 0.2262182  0.16554659 0.19807002 0.2228702 ],True,Beta
70931,165,170,labels,6,1-p,5ej9,D,['H' 'I' 'N' 'C' 'P' 'F'],1.0433832,-0.063666664,-0.0118176666243622,0.18041413,0.0068348134,0.004032828456027,[1.1283 1.2111 1.1853 0.9615 1.0478 0.7263],[-0.0638 -0.0609 -0.0727 -0.0607 -0.0539 -0.07  ],[-0.012661 -0.01287  -0.018373 -0.01178  -0.006858 -0.008364],[0.51907553 0.57411371 0.54694482 0.52034603 0.44558272 0.39971487],[0.48347521 0.49829791 0.50049649 0.50546102 0.50737591 0.45248229],[0.47402943 0.47560888 0.47609833 0.47943833 0.4849989  0.47430168],0.5009629444943534,0.4912648035420313,0.4774125913778941,0.0655549829712981,0.0207872536903479,0.0041895102706227,['-96.7' '-111.5' '-83.5' '-126.7' '-68.8' '-138.8'],['114.1' '103.3' '130.3' '87.1' '140.0' '133.2'],['E' 'E' 'E' 'E' 'E' ''],['E' 'E' 'E' 'E' 'E' ''],-2.1666666666666665,-43.0,1.123684415957909,25.96921254100709,-2.55,-2.0,[-2.2 -2.9 -2.9 -2.9  0.  -2.1],[-33 -64 -33 -64   0 -64],-0.3833333333333333,-1.6666666666666667,0.2926886855802025,0.816496580927726,-0.4,[-0.4 -0.7 -0.7 -0.4  0.  -0.1],[-2 -2 -2 -2  0 -2],-1.7666666666666668,-30.33333333333333,1.2500666648889838,28.62632820790446,-2.1,-31.0,[-3.5 -2.3 -2.1 -2.1 -0.3 -0.3],[-31 -62 -31 -62   2   2],-0.2833333333333334,-19.0,0.231660671385254,33.31666249791537,-0.2,2.0,[-0.7 -0.4 -0.2 -0.1 -0.2 -0.1],[  2   2 -62   2 -62   4],E,1,[0.09736298 0.15024346 0.11353477 0.1357878  0.15691757],True,Beta
71738,670,674,labels,5,1-p,7cwi,A,['L' 'E' 'A' 'V' 'A'],0.99208003,-0.0766,-0.0140370000153779,0.19011816,0.00919429,0.004805233561324,[1.147  0.6721 1.0555 1.11   0.9758],[-0.0691 -0.0662 -0.084  -0.0762 -0.0875],[-0.010345 -0.008114 -0.015532 -0.020152 -0.016042],[0.37081942 0.46822345 0.46219681 0.51166437 0.42289314],[0.47546103 0.482766   0.47773052 0.46262413 0.42269504],[0.48041054 0.48111611 0.47566777 0.47126334 0.47457333],0.4471594393253326,0.4642553448677063,0.4766062180201214,0.0530267675414049,0.0243911453326369,0.004134355298014,['-100.4' '-132.6' '-106.8' '-107.5' '-85.0'],['128.3' '134.9' '119.1' '111.2' '138.4'],['E' 'E' 'E' 'E' 'E'],['E' 'E' 'E' 'E' 'E'],-2.88,-10.6,0.0836660026534076,32.46998614105032,-2.9,-2.0,[-2.9 -2.8 -2.8 -2.9 -3. ],[ 17 -44  13 -48   9],-0.5,-2.0,0.0707106781186547,0.0,-0.5,[-0.5 -0.5 -0.4 -0.5 -0.6],[-2 -2 -2 -2 -2],-2.62,-10.8,0.4381780460041329,32.32181925572879,-2.6,8.0,[-2.5 -3.2 -2.  -2.6 -2.8],[ 17 -44  13 -48   8],-0.64,3.4,0.3781534080237808,3.130495168499705,-0.5,2.0,[-0.4 -0.5 -0.6 -0.4 -1.3],[2 2 2 2 9],E,1,[0.13634506 0.20897241 0.16140416 0.17801222 0.18625068],True,Beta
71746,785,788,labels,4,1-p,7cwi,A,['L' 'H' 'A' 'S'],0.920475,-0.04495,-0.0060407500568544,0.17527278,0.009889557,0.0041635854741738,[1.0405 1.0432 0.928  0.6702],[-0.0572 -0.0443 -0.033  -0.0453],[-0.010111 -0.00868  -0.004413 -0.000959],[0.48159618 0.49055474 0.43023916 0.35471031],[0.51695039 0.54290783 0.55134753 0.48120569],[0.48255778 0.4871089  0.49219333 0.48112388],0.4392750983436903,0.5231028621395429,0.4857459738850594,0.0623258299359986,0.0315342364032116,0.0049984745327784,['-113.4' '-102.7' '-129.3' '-119.8'],['119.4' '133.0' '122.9' '158.8'],['E' 'E' 'E' 'E'],['E' 'E' 'E' 'E'],-2.675,-20.5,0.298607881119482,35.29400326778852,-2.7,-2.0,[-3.  -2.6 -2.8 -2.3],[ 12 -49   8 -53],-0.4499999999999999,-2.0,0.0577350269189625,0.0,-0.45,[-0.5 -0.5 -0.4 -0.4],[-2 -2 -2 -2],-2.5,-20.5,0.4690415759823429,35.29400326778852,-2.7,-20.5,[-1.8 -2.7 -2.8 -2.7],[ 12 -49   8 -53],-0.35,2.0,0.0577350269189625,0.0,-0.35,2.0,[-0.4 -0.4 -0.3 -0.3],[2 2 2 2],E,1,[0.10653456 0.15251612 0.12924023 0.14835915 0.15675059],True,Beta
71748,798,801,labels,4,l3(10),7cwi,A,['T' 'I' 'F' 'T'],0.87329996,-0.095275,-0.0198364998213946,0.022125546,0.0080619985,0.0025488002291103,[0.8743 0.8512 0.9033 0.8644],[-0.0957 -0.0986 -0.1028 -0.084 ],[-0.016768 -0.019954 -0.023001 -0.019623],[0.39518673 0.42818682 0.42657428 0.38815019],[0.44971635 0.42758868 0.43588656 0.46631209],[0.47467167 0.46682055 0.46523444 0.46541832],0.4095245053370794,0.4448759208122889,0.4680362443129222,0.0208279478883194,0.0169567719409747,0.0044799726248273,['-110.0' '-111.1' '-99.9' '-111.9'],['131.1' '136.2' '133.1' '129.9'],['E' 'E' 'E' 'E'],['E' 'E' 'E' 'E'],-2.225,-33.75,1.2971121771072849,42.86704250742444,-2.8,-2.0,[-0.3 -3.  -2.6 -3. ],[ -2 -16 -97 -20],-0.35,-5.0,0.1,6.0,-0.4,[-0.2 -0.4 -0.4 -0.4],[-14  -2  -2  -2],-1.7,-32.25,0.9309493362512627,42.91367303474888,-1.9,-18.0,[-0.4 -2.6 -2.  -1.8],[  2 -16 -95 -20],-0.325,-2.0,0.0957427107756338,8.0,-0.35,2.0,[-0.2 -0.4 -0.4 -0.3],[-14   2   2   2],E,1,[0.11913584 0.19183575 0.150608   0.18185554 0.20396554],True,Beta
73772,149,152,labels,4,1-p,8biy,D,['V' 'S' 'V' 'G'],0.86200005,-0.047650002,-0.0063400000799447,0.1465153,0.009726424,0.0036853283220337,[0.9063 0.9347 0.9621 0.6449],[-0.0576 -0.0377 -0.0411 -0.0542],[-0.01169  -0.005656 -0.004627 -0.003387],[0.38303566 0.45657735 0.41399974 0.39790689],[0.49127663 0.54156033 0.54397168 0.50815607],[0.48094666 0.48779278 0.49240555 0.48585001],0.4128799103200437,0.5212411781152091,0.4867487500111263,0.0317573647668626,0.0258110937759315,0.0047455738790684,['-112.8' '-123.1' '-125.5' '-122.2'],['130.6' '127.7' '126.6' '149.0'],['E' 'E' 'E' 'E'],['E' 'E' 'E' 'E'],-2.475,-39.5,0.4193248541803042,28.384267943117127,-2.55,-2.0,[-2.6 -2.9 -2.5 -1.9],[-13 -62 -17 -66],-0.375,-2.0,0.05,0.0,-0.4,[-0.3 -0.4 -0.4 -0.4],[-2 -2 -2 -2],-2.7750000000000004,-39.75,0.25,28.69814163553685,-2.75,-39.5,[-2.5 -3.1 -2.7 -2.8],[-13 -62 -17 -67],-0.575,-15.0,0.4193248541803041,34.0,-0.4,2.0,[-0.4 -0.4 -0.3 -1.2],[  2   2   2 -66],E,1,[0.109115   0.16902342 0.13872479 0.1670283  0.18652733],True,Beta
73845,269,272,labels,4,1-p,5od2,A,['T' 'H' 'L' 'E'],0.84107506,-0.10249999,-0.0170177503023296,0.17147057,0.007413949,0.0060663072807442,[0.7085 0.6864 0.9325 1.0369],[-0.1117 -0.1046 -0.0993 -0.0944],[-0.01168  -0.012449 -0.019525 -0.024417],[0.35585049 0.3790939  0.43258468 0.45393864],[0.37914897 0.41446812 0.42673762 0.42078016],[0.46509167 0.47574778 0.46867167 0.4669    ],0.4053669273853302,0.4102837170163791,0.4691027800242107,0.0456149382838207,0.0213525006953091,0.0046648761465377,['-123.2' '-130.6' '-102.4' '-102.4'],['146.0' '132.3' '124.1' '118.2'],['E' 'E' 'E' 'E'],['E' 'E' 'E' 'E'],-1.825,-15.0,1.0372238588334408,31.84336665618132,-2.2,-2.0,[-0.3 -2.1 -2.6 -2.3],[ -2 -41  24 -41],-0.375,-11.75,0.1258305739211791,19.5,-0.4,[-0.2 -0.4 -0.4 -0.5],[-41  -2  -2  -2],-1.85,-6.75,1.1445523142259597,37.24133008723865,-2.05,-7.0,[-1.8 -3.  -2.3 -0.3],[ 25 -39  26 -39],-0.7750000000000001,14.0,0.6499999999999999,13.856406460551018,-0.6,14.0,[-1.7 -0.5 -0.7 -0.2],[26  2  2 26],E,1,[0.11070965 0.1708129  0.14219308 0.1707349  0.18870542],True,Beta
74146,177,180,labels,4,1-p,3tv3,L,['S' 'Y' 'L' 'S'],0.8866,-0.075875,-0.0122987502254545,0.16926718,0.008318803,0.0055911486302746,[0.7651 0.7174 1.0444 1.0195],[-0.0799 -0.0799 -0.0803 -0.0634],[-0.007899 -0.010648 -0.020491 -0.010157],[0.34668017 0.41158904 0.45302647 0.41479783],[0.46404257 0.46801421 0.47971633 0.45872343],[0.48521057 0.47831222 0.47705777 0.48011334],0.4065233791867892,0.4676241353154183,0.4801734760403633,0.0441130155356521,0.0089148482587128,0.0035845855922007,['-140.2' '-123.5' '-115.2' '-93.2'],['142.2' '135.6' '118.0' '128.7'],['E' 'E' 'E' 'E'],['E' 'E' 'E' 'E'],-2.5,-31.5,0.4242640687119284,14.617341299520463,-2.45,-2.0,[-2.1 -3.  -2.2 -2.7],[-42 -17 -46 -21],-0.375,-2.0,0.0957427107756338,0.0,-0.35,[-0.3 -0.3 -0.4 -0.5],[-2 -2 -2 -2],-2.075,-25.75,1.25532200384337,22.51480994071828,-2.45,-29.5,[-3.1 -2.1 -2.8 -0.3],[-42 -17 -46   2],-0.3999999999999999,-10.5,0.1414213562373095,25.0,-0.45,2.0,[-0.4 -0.5 -0.5 -0.2],[  2   2   2 -48],E,1,[0.13940688 0.23912823 0.17499617 0.21032155 0.23614717],True,Beta
74925,53,56,labels,4,1-p,9h4r,X,['M' 'H' 'W' 'I'],0.8362,-0.093225,-0.0151005003135651,0.13281775,0.004463464,0.0049876631983922,[0.9722 0.7436 0.9261 0.7029],[-0.0996 -0.0896 -0.0929 -0.0908],[-0.02239  -0.013929 -0.01288  -0.011203],[0.3884108  0.43032059 0.3864562  0.40416158],[0.40985818 0.43822697 0.44446811 0.44056739],[0.46129721 0.47266721 0.47888221 0.47927389],0.4023372928301494,0.4332801625132562,0.4730301300684612,0.0202694297775859,0.015825445928232,0.0083869818392486,['-117.3' '-98.8' '-121.5' '-129.9'],['118.6' '150.6' '133.6' '139.5'],['E' 'E' 'E' 'E'],['E' 'E' 'E' 'E'],-2.85,37.5,1.047218538160334,26.083200212652844,-2.45,-2.0,[-2.4 -4.4 -2.1 -2.5],[17 62 13 58],-0.375,14.5,0.0957427107756338,33.0,-0.35,[-0.3 -0.5 -0.3 -0.4],[64 -2 -2 -2],-2.5,37.25,0.4830458915396479,26.399179280172078,-2.6500000000000004,37.5,[-1.8 -2.9 -2.6 -2.7],[17 62 12 58],-0.525,4.75,0.3201562118716424,5.5,-0.4,2.0,[-0.3 -0.4 -1.  -0.4],[ 2  2 13  2],E,1,[0.12240319 0.19592652 0.15751433 0.18828006 0.20771343],True,Beta
75640,44,47,labels,4,1-p,1ryp,T,['A' 'V' 'L' 'V'],0.871925,-0.058375,-0.0077907499508,0.17117743,0.007711626,0.0034825680495449,[0.8895 0.6323 0.9304 1.0355],[-0.0556 -0.0675 -0.061  -0.0494],[-0.011027 -0.008374 -0.008904 -0.002858],[0.29478565 0.3994217  0.42320262 0.41992867],[0.58418443 0.50773052 0.51212768 0.49985817],[0.48537277 0.48427499 0.48881332 0.48705054],0.3843346623082956,0.5259752000371616,0.4863779072960218,0.0606198414973635,0.0391366645492392,0.0019846261146146,['-137.9' '-129.7' '-128.2' '-126.7'],['137.4' '155.2' '131.8' '133.1'],['E' 'E' 'E' 'E'],['E' 'E' 'E' 'E'],-2.725,80.5,0.1499999999999999,103.37149832843996,-2.8,-2.0,[-2.5 -2.8 -2.8 -2.8],[172  -7 168 -11],-0.35,-2.0,0.0577350269189625,0.0,-0.35,[-0.3 -0.4 -0.3 -0.4],[-2 -2 -2 -2],-2.675,80.5,1.0210288928331068,103.37149832843996,-2.4000000000000004,80.5,[-2.1 -1.8 -2.7 -4.1],[172  -7 168 -11],-0.375,2.0,0.05,0.0,-0.4,2.0,[-0.3 -0.4 -0.4 -0.4],[2 2 2 2],E,1,[0.12643859 0.20779737 0.15990812 0.19235098 0.21512761],True,Beta
76041,175,178,labels,4,1-p,6wni,B,['G' 'A' 'L' 'Y'],0.92345,-0.0895,-0.0303855005186051,0.12604426,0.007396848,0.0345402358083716,[1.0697 0.9407 0.9211 0.7623],[-0.0864 -0.0831 -0.0884 -0.1001],[-0.082124 -0.010805 -0.015241 -0.013372],[0.46522641 0.47749151 0.42742128 0.37557562],[0.43418443 0.4553901  0.44567378 0.44340428],[0.35955723 0.43990556 0.4781011  0.44347778],0.436428705851237,0.444663147131602,0.4302604186038176,0.0458246407376379,0.0087077941276605,0.0501843272037292,['71.4' '-55.9' '-114.1' '-109.3'],['16.6' '142.5' '124.2' '152.8'],['T' '' 'E' 'E'],['T' 'P' 'E' 'E'],-2.325,-15.5,1.0210288928331068,27.57414247684474,-2.55,-8.5,[-0.9 -2.7 -2.4 -3.3],[-12  -3   8 -55],-0.225,-5.5,0.1892969448600091,12.7148207485071,-0.15,[-0.2 -0.1 -0.1 -0.5],[ 11 -15 -16  -2],-1.125,-11.25,1.3225606476327152,28.02825954877208,-0.55,0.5,[-0.3 -0.5 -3.1 -0.6],[ -1   2   7 -53],-0.475,1.75,0.45,10.404326023342406,-0.35,5.0,[-0.1 -0.2 -1.1 -0.5],[-13  10   8   2],,1,[0.10011931 0.15187135 0.12340347 0.14756273 0.1668689 ],True,Beta
76997,258,261,labels,4,1-p,3g4h,A,['M' 'Y' 'V' 'T'],0.837075,-0.087775,-0.0142469999846071,0.13296808,0.0064546503,0.006499354804673,[0.9329 0.9562 0.6723 0.7869],[-0.0973 -0.0851 -0.083  -0.0857],[-0.02282  -0.015464 -0.010735 -0.007969],[0.38373606 0.41720851 0.39342759 0.31846883],[0.54638301 0.45007096 0.4582979  0.43276597],[0.48300222 0.47276721 0.48101778 0.48582166],0.3782102490464847,0.4718794599175454,0.4806522180636724,0.0422374371714983,0.050796043526327,0.0056140474692416,['-115.8' '-104.8' '-126.0' '-89.2'],['134.3' '132.6' '129.1' '156.2'],['E' 'E' 'E' 'E'],['E' 'E' 'E' 'E'],-2.35,6.0,0.4795831523312719,20.912516188477497,-2.45,-2.0,[-2.3 -2.8 -2.6 -1.7],[ 26 -10  22 -14],-0.425,-2.0,0.0957427107756338,0.0,-0.45,[-0.3 -0.5 -0.5 -0.4],[-2 -2 -2 -2],-2.45,5.75,0.732575365861197,21.234798484249072,-2.2,6.0,[-3.5 -1.9 -2.  -2.4],[ 26 -10  22 -15],-0.5,-5.5,0.2943920288775949,8.698658900466592,-0.45,-5.0,[-0.5 -0.4 -0.2 -0.9],[  2   2 -12 -14],E,1,[0.13262457 0.22058402 0.17080449 0.20511787 0.22770903],True,Beta
79107,250,254,labels,5,1-p,8r13,A,['A' 'I' 'F' 'F' 'L'],1.0036199,-0.07996,-0.0150981999933719,0.10734241,0.009607446,0.0044854906225116,[0.9422 1.0248 0.8914 0.9859 1.1738],[-0.0898 -0.0752 -0.0742 -0.0699 -0.0907],[-0.020609 -0.012267 -0.012301 -0.011018 -0.019296],[0.44722784 0.46558475 0.47270274 0.49697232 0.45574664],[0.46524826 0.46865251 0.48276598 0.47177307 0.42709222],[0.47164112 0.47490168 0.48022999 0.476325   0.4623111 ],0.4676468590895335,0.4631064077218374,0.4730817774931591,0.0190285886108722,0.0211776888460091,0.0067640684509642,['-94.2' '-116.3' '-112.0' '-114.6' '-105.4'],['130.5' '121.8' '132.8' '114.8' '100.3'],['E' 'E' 'E' 'E' 'E'],['E' 'E' 'E' 'E' 'E'],-3.04,39.2,0.2880972058177586,70.17976916462464,-3.1,-2.0,[-3.2 -2.7 -3.1 -3.4 -2.8],[ -8 118 -12 114 -16],-0.48,-2.0,0.0836660026534075,0.0,-0.5,[-0.4 -0.5 -0.5 -0.4 -0.6],[-2 -2 -2 -2 -2],-2.4,39.2,0.291547594742265,70.17976916462464,-2.5,-8.0,[-2.7 -2.2 -2.6 -2.  -2.5],[ -8 118 -12 114 -16],-0.36,20.8,0.2073644135332772,51.450947513141095,-0.4,2.0,[-0.5 -0.4 -0.6 -0.2 -0.1],[  2   2   2 -14 112],E,1,[0.12594783 0.21198985 0.14964379 0.17870234 0.20470071],True,Beta
79359,87,90,labels,4,1-p,4a8x,C,['F' 'N' 'F' 'A'],0.9382,-0.072100006,-0.0122020002454519,0.19995011,0.008612008,0.0041823898398353,[1.0536 1.133  0.8845 0.6817],[-0.0724 -0.0753 -0.0602 -0.0805],[-0.01295  -0.017825 -0.009065 -0.008968],[0.49798217 0.50022996 0.43965379 0.39950314],[0.48191491 0.49085108 0.4851064  0.4673759 ],[0.47172499 0.47786665 0.48007888 0.47564999],0.459342268606027,0.4813120737671852,0.4763301263252894,0.0487620177955572,0.0099994975315539,0.0035629537325307,['-111.5' '-103.3' '-95.5' '-138.9'],['112.4' '117.2' '134.8' '141.8'],['E' 'E' 'E' 'E'],['E' 'E' 'E' 'E'],-2.6,33.0,0.5597618541248889,15.18771433319269,-2.7,-2.0,[-3.  -2.4 -3.1 -1.9],[22 48 18 44],-0.525,-2.0,0.1499999999999999,0.0,-0.5,[-0.4 -0.6 -0.7 -0.4],[-2 -2 -2 -2],-2.575,32.75,0.69462219947249,15.521490478258416,-2.6,33.0,[-1.8 -2.2 -3.  -3.3],[22 48 17 44],-0.75,6.0,0.4509249752822893,8.0,-0.6,2.0,[-0.7 -0.4 -1.4 -0.5],[ 2  2 18  2],E,1,[0.14208408 0.2345097  0.172944   0.20182794 0.2179912 ],True,Beta
82862,87,90,labels,4,1-p,1ksh,A,['L' 'I' 'W' 'V'],1.0400001,-0.07255,-0.0153117501176893,0.07729261,0.009734304,0.0021945710442811,[0.9675 1.0961 1.1167 0.9797],[-0.0709 -0.0619 -0.0719 -0.0855],[-0.016433 -0.015741 -0.016966 -0.012107],[0.38901346 0.51801682 0.52000399 0.44406794],[0.56496457 0.4931206  0.48276598 0.46078015],[0.47591222 0.47270001 0.47510334 0.47283667],0.4677755522231261,0.5004078273971876,0.4741380612055461,0.0632916852762989,0.045100865608945,0.0016166852876003,['-109.5' '-112.2' '-100.2' '-96.7'],['127.7' '110.8' '111.8' '129.7'],['E' 'E' 'E' 'E'],['E' 'E' 'E' 'E'],-2.95,-18.0,0.4358898943540673,57.735026918962575,-3.05,-2.0,[-3.3 -3.3 -2.8 -2.4],[ 32 -68  32 -68],-0.55,-2.0,0.1290994448735805,0.0,-0.55,[-0.4 -0.5 -0.6 -0.7],[-2 -2 -2 -2],-1.925,-16.0,0.9945685831890462,57.735026918962575,-2.25,-16.0,[-2.7 -2.  -2.5 -0.5],[ 34 -66  34 -66],-0.5499999999999999,2.0,0.1290994448735805,0.0,-0.55,2.0,[-0.6 -0.7 -0.5 -0.4],[2 2 2 2],E,1,[0.10058902 0.15656615 0.11757753 0.14028145 0.16171387],True,Beta
82933,182,185,labels,4,1-p,6x1w,H,['S' 'V' 'V' 'S'],0.858225,-0.074549995,-0.0098087501246482,0.14730167,0.008301203,0.0035285020115173,[0.9001 0.7435 0.7405 1.0488],[-0.0686 -0.0666 -0.0791 -0.0839],[-0.008632 -0.006523 -0.014798 -0.009282],[0.37327897 0.38832935 0.41255004 0.35822856],[0.47368797 0.48631208 0.47546102 0.43319151],[0.48429832 0.48335945 0.48299834 0.48078612],0.3830967297156652,0.4671631430586179,0.4828605577349663,0.0231638514239051,0.0233251069675815,0.0014875373443295,['-127.0' '-121.6' '-132.9' '-105.0'],['131.5' '152.0' '134.7' '126.7'],['E' 'E' 'E' 'E'],['E' 'E' 'E' 'E'],-2.5,-30.5,0.6480740698407861,13.47837774610382,-2.55,-2.0,[-2.3 -2.8 -3.2 -1.7],[-40 -17 -44 -21],-0.35,-2.0,0.0577350269189625,0.0,-0.35,[-0.3 -0.4 -0.3 -0.4],[-2 -2 -2 -2],-2.1,-24.75,1.235583532856709,21.437894797142125,-2.55,-28.5,[-2.8 -3.  -2.3 -0.3],[-40 -17 -44   2],-0.35,-10.0,0.1290994448735805,24.0,-0.35,2.0,[-0.3 -0.4 -0.5 -0.2],[  2   2   2 -46],E,1,[0.13875045 0.23588177 0.17669694 0.21216787 0.23650297],True,Beta
84115,87,91,labels,5,1-p,5drn,B,['Y' 'C' 'L' 'G' 'G'],0.88746005,-0.09992,-0.0173275999724864,0.09472262,0.004379155,0.004273918877034,[0.72   0.9485 0.9348 0.9088 0.9252],[-0.0993 -0.1055 -0.0972 -0.0946 -0.103 ],[-0.012338 -0.019747 -0.020592 -0.020944 -0.013017],[0.40349377 0.42403332 0.45478563 0.45099045 0.37479377],[0.42347521 0.4241135  0.42744684 0.42921988 0.41148939],[0.47200222 0.47073499 0.4659539  0.46969279 0.46946223],0.4216193884611131,0.4231489638487498,0.4695692241191864,0.0335024691196267,0.0069337993503217,0.002256977462633,['-118.7' '-94.0' '-129.3' '-95.5' '-112.1'],['133.0' '148.9' '115.8' '132.9' '135.8'],['E' 'E' 'E' 'E' ''],['E' 'E' 'E' 'E' ''],-2.2,-31.8,1.0559356040971437,32.088938904239264,-2.5,-2.0,[-3.  -0.4 -2.9 -2.5 -2.2],[-51  -2 -55   8 -59],-0.34,-12.2,0.0894427190999916,22.80789337049785,-0.4,[-0.4 -0.2 -0.3 -0.4 -0.4],[ -2 -53  -2  -2  -2],-1.9,-29.0,1.1067971810589328,35.74213200132304,-2.3,-51.0,[-3.1 -2.4 -2.3 -1.5 -0.2],[-51  12 -55   8 -59],-0.3399999999999999,2.0,0.0894427190999916,0.0,-0.4,2.0,[-0.3 -0.4 -0.4 -0.4 -0.2],[2 2 2 2 2],E,1,[0.10556146 0.16143045 0.13241066 0.15887355 0.17741882],True,Beta
84374,35,38,labels,4,1-p,6mj4,C,['W' 'F' 'K' 'Q'],0.916875,-0.09225,-0.0150770004838705,0.15202862,0.006470702,0.0016250291188111,[1.0043 0.7069 1.0492 0.9071],[-0.1015 -0.0874 -0.0919 -0.0882],[-0.016659 -0.013384 -0.016261 -0.014004],[0.38202578 0.44962223 0.43379001 0.41958662],[0.44382982 0.43914898 0.44858161 0.40638302],[0.47590112 0.47427555 0.47575055 0.45605832],0.4212561597426733,0.434485857685407,0.4704963838060697,0.028887954270878,0.0191268937031828,0.0096532729709029,['-106.0' '-108.7' '-104.6' '-124.0'],['127.1' '144.6' '129.5' '107.2'],['E' 'E' 'E' 'E'],['E' 'E' 'E' 'E'],-2.825,30.75,0.4272001872658765,23.52835169180649,-3.0,-2.0,[-2.2 -3.1 -2.9 -3.1],[13 53  8 49],-0.45,-2.0,0.0577350269189625,0.0,-0.45,[-0.4 -0.5 -0.4 -0.5],[-2 -2 -2 -2],-2.7750000000000004,30.5,0.3593976442141303,23.78374795247096,-2.6500000000000004,30.5,[-3.3 -2.6 -2.5 -2.7],[12 53  8 49],-0.55,5.75,0.4123105625617661,5.188127472091127,-0.5,4.0,[-1.1 -0.5 -0.5 -0.1],[13  2  2  6],E,1,[0.11323129 0.17993097 0.14000375 0.16763567 0.18953131],True,Beta
84415,100,103,labels,4,1-p,6x3b,B,['F' 'L' 'Y' 'I'],1.056875,-0.0782,-0.0161459997761994,0.12071116,0.008114595,0.0075030898990549,[0.976  1.1326 0.9341 1.1848],[-0.0692 -0.0779 -0.0889 -0.0768],[-0.009649 -0.015203 -0.02687  -0.012862],[0.44431224 0.4956041  0.52961407 0.44910101],[0.441844   0.470922   0.46553194 0.44617024],[0.47468    0.47126554 0.46948055 0.47803331],0.4796578561266263,0.4561170438925426,0.4733648523688317,0.0405501297635134,0.0142651764595166,0.0037867754527504,['-123.1' '-105.5' '-94.6' '-93.9'],['114.6' '114.1' '129.3' '109.8'],['E' 'E' 'E' 'E'],['E' 'E' 'E' 'E'],-2.625,4.0,0.65,55.42562584220407,-2.8,-2.0,[-2.7 -2.9 -3.2 -1.7],[ 52 -44  52 -44],-0.5,-2.0,0.0816496580927725,0.0,-0.5,[-0.4 -0.5 -0.6 -0.5],[-2 -2 -2 -2],-1.95,30.0,1.1818065267490556,48.0,-2.4,54.0,[-2.8 -2.4 -2.4 -0.2],[ 54 -42  54  54],-0.5,14.5,0.2943920288775949,25.0,-0.55,2.0,[-0.6 -0.5 -0.8 -0.1],[ 2  2  2 52],E,1,[0.09581184 0.14572684 0.11147196 0.13227787 0.15166402],True,Beta
85297,41,45,labels,5,1-p,4h7u,A,['K' 'V' 'L' 'V' 'I'],0.99960005,-0.0619,-0.0125903999432921,0.16542965,0.0088453395,0.0028461153221427,[1.0602 0.7431 1.0018 0.9934 1.1995],[-0.0514 -0.0596 -0.0746 -0.0662 -0.0577],[-0.015294 -0.00901  -0.012451 -0.015521 -0.010676],[0.37945223 0.45690308 0.4460225  0.52036229 0.48369733],[0.61957451 0.50666669 0.49617023 0.49751773 0.52063831],[0.49652558 0.47958057 0.47945446 0.4785289  0.47848556],0.4572874863942465,0.5281134943167369,0.4825150132179261,0.0521087461570774,0.0520514965151624,0.0078485570570524,['-117.1' '-127.7' '-107.7' '-104.8' '-113.1'],['135.4' '128.7' '127.9' '130.2' '119.0'],['' 'E' 'E' 'E' 'E'],['' 'E' 'E' 'E' 'E'],-2.2,66.4,1.1335784048754634,115.04042767653463,-2.6,-2.0,[-0.3 -2.8 -2.1 -2.6 -3.2],[ -2 192 -25 192 -25],-0.38,-6.8,0.1643167672515498,10.73312629199899,-0.4,[-0.1 -0.4 -0.4 -0.5 -0.5],[-26  -2  -2  -2  -2],-2.88,63.6,0.4868264577855234,119.03906921679118,-3.0,-23.0,[-2.1 -3.1 -3.  -3.4 -2.8],[-24 194 -23 194 -23],-0.72,-3.0,0.4969909455915671,11.180339887498947,-0.5,2.0,[-1.6 -0.5 -0.5 -0.6 -0.4],[-23   2   2   2   2],E,1,[0.12612611 0.21149172 0.15023132 0.17891928 0.20421609],True,Beta
87651,93,96,labels,4,1-p,3zhn,A,['L' 'G' 'F' 'V'],0.86609995,-0.063774996,-0.0096444997470825,0.13959122,0.009566739,0.0059507911721443,[0.9594 0.7438 0.7495 1.0117],[-0.0766 -0.0649 -0.0544 -0.0592],[-0.017675 -0.010616 -0.004766 -0.005521],[0.32140073 0.39950312 0.40802191 0.41443951],[0.56780145 0.49936172 0.51170214 0.49858157],[0.47623498 0.481635   0.48838723 0.47886834],0.3858413174748421,0.5193617194890976,0.4812813873092334,0.0433938133344936,0.0328475810640332,0.0052251642718954,['-108.8' '-112.5' '-137.1' '-130.4'],['133.4' '154.4' '132.5' '122.9'],['E' 'E' 'E' 'E'],['E' 'E' 'E' 'E'],-2.5,-21.0,0.3366501646120692,42.78629063925344,-2.5,-2.0,[-2.6 -2.9 -2.4 -2.1],[ 18 -56  14 -60],-0.375,-2.0,0.0957427107756338,0.0,-0.35,[-0.3 -0.5 -0.3 -0.4],[-2 -2 -2 -2],-2.425,-21.0,0.51234753829798,42.78629063925344,-2.4000000000000004,-21.0,[-2.1 -3.  -1.9 -2.7],[ 18 -56  14 -60],-0.4,2.0,0.0816496580927726,0.0,-0.4,2.0,[-0.3 -0.4 -0.4 -0.5],[2 2 2 2],E,1,[0.14008288 0.22650011 0.17418014 0.19640239 0.21078508],True,Beta
87658,273,276,labels,4,1-p,2ree,A,['I' 'L' 'E' 'L'],0.785875,-0.0812,-0.0232677507447078,0.1565624,0.00980102,0.0169897561326908,[0.7385 1.0138 0.7346 0.6566],[-0.0889 -0.0904 -0.0736 -0.0719],[-0.019641 -0.018859 -0.007272 -0.047299],[0.41613349 0.40507373 0.39173362 0.29928123],[0.46687946 0.45893619 0.47099293 0.47836883],[0.47152555 0.4745711  0.45920555 0.36957833],0.3780555178721746,0.4687943533062935,0.4437201321125031,0.0534552616282189,0.0081107839907617,0.0498722637670737,['-110.4' '-106.5' '-108.1' '-126.6'],['137.5' '119.5' '143.5' '99.5'],['E' 'E' 'E' 'E'],['E' 'E' 'E' 'E'],-3.075,-19.25,0.3403429642777022,28.69814163553685,-3.1500000000000004,-2.0,[-3.2 -3.1 -2.6 -3.4],[-42   8 -46   3],-0.425,-2.0,0.1258305739211791,0.0,-0.4,[-0.4 -0.4 -0.6 -0.3],[-2 -2 -2 -2],-1.725,-19.5,1.14418821295566,28.384267943117127,-1.75,-19.5,[-1.7 -3.1 -1.8 -0.3],[-42   7 -46   3],-0.675,-9.0,0.5123475382979799,26.15339366124404,-0.55,2.0,[-0.6 -1.4 -0.5 -0.2],[  2   8   2 -48],E,1,[0.08837237 0.12418635 0.11708474 0.14083106 0.15375348],True,Beta
88565,176,180,labels,5,1-p,9gox,L,['S' 'S' 'T' 'L' 'T'],1.0362399,-0.0619,-0.0111389998812228,0.16651289,0.009701288,0.0042942306146065,[0.9133 1.2101 0.9015 1.2263 0.93  ],[-0.0726 -0.0677 -0.0601 -0.0622 -0.0469],[-0.011785 -0.012835 -0.012546 -0.014808 -0.003721],[0.4524564  0.4927048  0.54368718 0.49806364 0.43152594],[0.48170214 0.49617023 0.50354613 0.51829791 0.48304967],[0.48164889 0.47935223 0.47767279 0.48273612 0.48338001],0.4836875945329667,0.4965532163778941,0.4809580067793528,0.0435435325962249,0.015205093481528,0.0023914598484328,['-107.1' '-116.0' '-116.0' '-92.5' '-115.4'],['132.8' '122.9' '115.3' '119.5' '123.1'],['E' 'E' 'E' 'E' 'E'],['E' 'E' 'E' 'E' 'E'],-2.66,-28.8,0.270185121722126,15.122830422906947,-2.6,-2.0,[-2.5 -2.7 -2.6 -3.1 -2.4],[-14 -43 -18 -47 -22],-0.42,-2.0,0.0836660026534075,0.0,-0.4,[-0.3 -0.4 -0.4 -0.5 -0.5],[-2 -2 -2 -2 -2],-2.14,-24.0,1.1802542099056457,20.627651344736268,-2.1,-18.0,[-2.  -3.4 -2.1 -2.9 -0.3],[-14 -43 -18 -47   2],-0.42,-8.2,0.1303840481040529,22.80789337049785,-0.5,2.0,[-0.4 -0.5 -0.5 -0.5 -0.2],[  2   2   2   2 -49],E,1,[0.10155402 0.15848467 0.11887969 0.14206754 0.16363476],True,Beta
88623,36,39,labels,4,1-p,7k8p,H,['W' 'V' 'R' 'Q'],0.86252505,-0.090125,-0.0122724999673664,0.14361942,0.006757897,0.0033589034510688,[0.9136 0.741  0.7528 1.0427],[-0.096  -0.0851 -0.0835 -0.0959],[-0.013727 -0.008997 -0.010073 -0.016293],[0.37754651 0.39212453 0.41315273 0.39407913],[0.44049648 0.45063832 0.45070925 0.40971634],[0.479955   0.48177945 0.4803539  0.45708446],0.3942257265249889,0.4378900999824207,0.4747932006915411,0.0146157953893117,0.0193855790307758,0.0118317760241666,['-116.7' '-135.8' '-107.5' '-130.5'],['136.1' '135.8' '141.8' '103.5'],['E' 'E' 'E' 'E'],['E' 'E' 'E' 'E'],-2.7,32.25,0.2449489742783178,25.25041253788408,-2.7,-2.0,[-2.4 -2.7 -3.  -2.7],[13 56  8 52],-0.375,-2.0,0.05,0.0,-0.4,[-0.3 -0.4 -0.4 -0.4],[-2 -2 -2 -2],-2.65,32.0,0.443471156521669,25.508168626278653,-2.6,32.0,[-2.8 -3.2 -2.2 -2.4],[12 56  8 52],-0.525,5.75,0.3947573094109003,5.188127472091127,-0.4,4.0,[-1.1 -0.4 -0.4 -0.2],[13  2  2  6],E,1,[0.13432277 0.22511345 0.17054013 0.20361091 0.22695231],True,Beta
88925,181,185,labels,5,1-p,9f1i,M,['S' 'S' 'T' 'L' 'T'],0.94281995,-0.0619,-0.0089510000310838,0.11682713,0.0076147877,0.0038310426834413,[1.0247 0.9551 0.7589 1.058  0.9174],[-0.0657 -0.0562 -0.0665 -0.0695 -0.0516],[-0.008977 -0.007061 -0.009553 -0.014777 -0.004387],[0.42510835 0.44608768 0.45151166 0.44537097 0.40065959],[0.49326245 0.50468088 0.50198584 0.50524824 0.47078015],[0.48629166 0.48578277 0.48256055 0.48404611 0.48418611],0.4337476511796316,0.4951915125052135,0.4845734397570292,0.0210499115714384,0.014465341634773,0.0014911905474859,['-113.2' '-119.9' '-120.8' '-113.9' '-112.0'],['126.7' '130.3' '137.4' '123.6' '128.5'],['E' 'E' 'E' 'E' 'E'],['E' 'E' 'E' 'E' 'E'],-2.78,-28.4,0.3271085446759224,14.587666023048376,-2.8,-2.0,[-2.8 -3.3 -2.8 -2.5 -2.5],[-14 -42 -18 -46 -22],-0.44,-2.0,0.0547722557505166,0.0,-0.4,[-0.4 -0.5 -0.4 -0.4 -0.5],[-2 -2 -2 -2 -2],-2.14,-23.6,1.1282730166054669,20.11964214393487,-2.3,-18.0,[-2.3 -3.1 -2.  -3.  -0.3],[-14 -42 -18 -46   2],-0.4,-8.0,0.1224744871391589,22.360679774997894,-0.4,2.0,[-0.4 -0.4 -0.5 -0.5 -0.2],[  2   2   2   2 -48],E,1,[0.11954831 0.19524323 0.14599366 0.17526069 0.19916663],True,Beta
89023,19,23,labels,5,1-p,6h70,C,['R' 'L' 'S' 'C' 'A'],0.85454,-0.08888,-0.0160493997856974,0.12863041,0.0074129603,0.0065694600912559,[0.9046 0.8958 0.6834 0.773  1.0159],[-0.0844 -0.081  -0.0894 -0.1006 -0.089 ],[-0.015096 -0.012145 -0.008583 -0.018691 -0.025732],[0.39733679 0.40456879 0.38313338 0.40269564 0.42831713],[0.46524826 0.45758868 0.44609932 0.44042556 0.48602839],[0.48035499 0.48009776 0.47810054 0.47055221 0.47051888],0.4032103459040325,0.4590780436992646,0.4759248753388723,0.0163557637530062,0.0179093081258448,0.0049965695779743,['-118.3' '-90.9' '-135.2' '-141.8' '-86.8'],['116.6' '153.4' '153.1' '119.1' '125.4'],['E' 'E' 'E' 'E' 'E'],['E' 'E' 'E' 'E' 'E'],-1.96,16.8,0.9633275663033836,38.99615365648258,-2.3,-2.0,[-0.3 -2.5 -2.3 -2.  -2.7],[ -2  61 -14  57 -18],-0.34,11.0,0.1140175425099137,29.068883707497267,-0.3,[-0.2 -0.5 -0.3 -0.3 -0.4],[63 -2 -2 -2 -2],-1.62,17.6,0.8167006795638166,38.55256152319844,-1.9,2.0,[-0.3 -2.3 -1.9 -2.2 -1.4],[  2  61 -14  57 -18],-0.38,14.2,0.1303840481040529,27.280029325497438,-0.4,2.0,[-0.2 -0.3 -0.4 -0.5 -0.5],[63  2  2  2  2],E,1,[0.13900118 0.23546856 0.17727364 0.21247261 0.235784  ],True,Beta
89267,177,180,labels,4,1-p,3oz9,L,['S' 'T' 'L' 'T'],1.0042751,-0.060475,-0.0106487500015646,0.14504687,0.006852919,0.004822341529186,[0.9477 0.9019 1.2194 0.9481],[-0.0647 -0.0589 -0.0668 -0.0515],[-0.008664 -0.010421 -0.017382 -0.006128],[0.43318734 0.49988794 0.49995309 0.43623326],[0.4870213  0.50326243 0.51262413 0.47546103],[0.48229831 0.47974054 0.48114944 0.4819561 ],0.467315406848987,0.4945922220746677,0.4812860985596975,0.0376696775789728,0.0165694895129783,0.0011373824821461,['-120.6' '-120.2' '-100.1' '-107.8'],['127.1' '120.4' '115.8' '121.5'],['E' 'E' 'E' 'E'],['E' 'E' 'E' 'E'],-2.85,-32.5,0.1732050807568876,14.617341299520463,-2.9,-2.0,[-2.9 -2.6 -3.  -2.9],[-43 -18 -47 -22],-0.5,-2.0,0.0816496580927725,0.0,-0.5,[-0.4 -0.5 -0.5 -0.6],[-2 -2 -2 -2],-2.1500000000000004,-39.25,1.2476644848141931,14.38459824488215,-2.7,-45.0,[-2.9 -2.5 -2.9 -0.3],[-43 -18 -47 -49],-0.475,2.0,0.1892969448600091,0.0,-0.55,2.0,[-0.5 -0.6 -0.6 -0.2],[2 2 2 2],E,1,[0.11997788 0.19758107 0.14258703 0.16999103 0.19429261],True,Beta
91466,18,23,labels,6,1-p,4kq3,H,['V' 'K' 'V' 'S' 'C' 'K'],0.89813334,-0.09031666,-0.0148234999117751,0.14167589,0.0088223405,0.0034531102241067,[0.7469 0.9873 0.9213 0.7206 0.9225 1.0902],[-0.0863 -0.0765 -0.0913 -0.0983 -0.0885 -0.101 ],[-0.011333 -0.011573 -0.015305 -0.013982 -0.016059 -0.020689],[0.39530076 0.4325358  0.42825197 0.41769715 0.44520808 0.42281168],[0.43290783 0.45808513 0.44957448 0.44106385 0.43418441 0.41106385],[0.47525113 0.47877168 0.47730001 0.47480777 0.47181666 0.46508111],0.4236342393689685,0.4378132588333554,0.4738380577829149,0.0167612875742246,0.0162024940745589,0.0048996544251773,['-119.9' '-126.9' '-98.2' '-104.4' '-143.2' '-84.6'],['142.9' '112.1' '135.7' '157.5' '100.7' '116.1'],['E' 'E' 'E' 'E' 'E' 'E'],['E' 'E' 'E' 'E' 'E' 'E'],-1.8,26.83333333333333,1.140175425099138,37.96533506590804,-2.1500000000000004,-2.0,[-2.1 -0.4 -2.6 -0.4 -2.2 -3.1],[ 65  -2  61  -2  57 -18],-0.3166666666666667,19.0,0.1169045194450012,32.55764119219941,-0.3,[-0.4 -0.2 -0.5 -0.2 -0.3 -0.3],[-2 63 -2 59 -2 -2],-1.95,25.5,0.8826097665446492,39.54111783953509,-2.35,29.5,[-2.3 -0.4 -2.4 -1.4 -2.5 -2.7],[ 65   2  61 -14  57 -18],-0.3666666666666666,12.166666666666666,0.1505545305418162,24.903145718295647,-0.3,2.0,[-0.5 -0.2 -0.3 -0.3 -0.6 -0.3],[ 2 63  2  2  2  2],E,1,[0.12354556 0.20372219 0.15417505 0.18569245 0.21046672],True,Beta
92219,154,158,labels,5,1-p,1nvm,H,['E' 'I' 'V' 'A' 'S'],0.91613996,-0.052419998,-0.0069244000595062,0.14850767,0.00933338,0.0031338863362215,[0.7699 0.7462 1.0543 0.9663 1.044 ],[-0.047  -0.0632 -0.0592 -0.0399 -0.0528],[-0.005646 -0.008966 -0.010587 -0.006978 -0.002445],[0.38472965 0.41867446 0.45066468 0.49917123 0.39997549],[0.53425535 0.51815605 0.52319151 0.53056739 0.48801421],[0.48954223 0.48600056 0.48526056 0.48888333 0.48771277],0.430643101533254,0.5188369015852611,0.4874798874060314,0.0455213223952252,0.0183357379694747,0.001829683289868,['-129.3' '-122.5' '-124.4' '-104.9' '-122.2'],['133.6' '145.2' '117.0' '126.1' '123.6'],['E' 'E' 'E' 'E' 'E'],['E' 'E' 'E' 'E' 'E'],-2.66,47.6,0.2073644135332772,9.20869154657707,-2.7,-2.0,[-2.7 -2.3 -2.8 -2.8 -2.7],[58 38 54 38 50],-0.44,-2.0,0.0547722557505166,0.0,-0.4,[-0.4 -0.4 -0.4 -0.5 -0.5],[-2 -2 -2 -2 -2],-2.48,48.4,0.303315017762062,8.17312669668102,-2.4,50.0,[-3.  -2.2 -2.4 -2.4 -2.4],[58 40 54 40 50],-0.4399999999999999,2.0,0.0894427190999915,0.0,-0.5,2.0,[-0.4 -0.5 -0.5 -0.5 -0.3],[2 2 2 2 2],E,1,[0.1115593  0.17651833 0.13798896 0.16558596 0.18744268],True,Beta
92741,20,23,labels,4,1-p,5d6c,A,['T' 'I' 'N' 'C'],0.897075,-0.061625004,-0.0077315001981332,0.1208358,0.007423554,0.0017329156063682,[0.9899 0.9004 0.7254 0.9726],[-0.0538 -0.0648 -0.0704 -0.0575],[-0.006291 -0.008286 -0.00994  -0.006409],[0.45204918 0.42605305 0.42323518 0.41772973],[0.49163124 0.50425535 0.50163124 0.49801421],[0.48313611 0.48637944 0.48631389 0.48311888],0.429766781628132,0.498883011440436,0.4847370808323225,0.0152517702323648,0.0054698518122378,0.0018587960061472,['-121.8' '-121.5' '-96.7' '-137.9'],['117.5' '127.0' '148.1' '121.0'],['E' 'E' 'E' 'E'],['E' 'E' 'E' 'E'],-2.175,21.25,1.1954775893619531,34.79822792423009,-2.6500000000000004,-2.0,[-0.4 -2.7 -3.  -2.6],[ -2  53 -15  49],-0.35,12.25,0.1290994448735805,28.5,-0.35,[-0.2 -0.5 -0.4 -0.3],[55 -2 -2 -2],-2.1,22.25,1.2027745701779142,33.95462658705978,-2.5,25.5,[-0.4 -2.9 -2.1 -3. ],[  2  53 -15  49],-0.35,15.25,0.1290994448735805,26.5,-0.35,2.0,[-0.2 -0.3 -0.4 -0.5],[55  2  2  2],E,1,[0.13442272 0.22745672 0.16783387 0.20110229 0.22614848],True,Beta
93409,305,308,labels,4,1-p,4k8v,C,['S' 'V' 'D' 'I'],1.0194,-0.0892,-0.0186400001402944,0.10455659,0.008164558,0.0062073264871904,[0.8898 0.9808 1.117  1.09  ],[-0.082  -0.0823 -0.097  -0.0955],[-0.012834 -0.015687 -0.027191 -0.018848],[0.44833545 0.48662923 0.5192384  0.49180891],[0.46347521 0.45297875 0.44340429 0.43226954],[0.47787833 0.46904888 0.46570777 0.46352554],0.4865029975771905,0.448031947016716,0.469040130575498,0.029192105993218,0.0133270871812656,0.006314775964889,['-108.7' '-126.9' '-79.9' '-97.6'],['133.2' '109.4' '119.3' '119.6'],['E' 'E' 'E' 'E'],['E' 'E' 'E' 'E'],-2.725,-53.5,0.3774917217635374,47.94788837894741,-2.8,-2.0,[-2.8 -2.2 -2.8 -3.1],[-95 -10 -95 -14],-0.475,-2.0,0.0957427107756337,0.0,-0.45,[-0.4 -0.4 -0.5 -0.6],[-2 -2 -2 -2],-2.775,-52.5,0.2872281323269015,46.7938742429676,-2.6500000000000004,-53.5,[-2.6 -3.2 -2.7 -2.6],[-93 -10 -93 -14],-0.55,2.0,0.0577350269189625,0.0,-0.55,2.0,[-0.5 -0.6 -0.6 -0.5],[2 2 2 2],E,1,[0.10527807 0.16566624 0.12422802 0.14827986 0.1701423 ],True,Beta
93672,102,105,labels,4,1-p,4lu1,A,['F' 'Y' 'T' 'G'],1.0024,-0.073775,-0.0138407500926405,0.067351,0.007789041,0.0010676411570467,[0.9837 1.1022 0.9596 0.9641],[-0.0844 -0.0744 -0.0698 -0.0665],[-0.015143 -0.014162 -0.013418 -0.01264 ],[0.47493426 0.49606017 0.49286767 0.44217848],[0.46283689 0.47617024 0.48886528 0.51219861],[0.47550666 0.476265   0.47765556 0.48383723],0.4765101447701454,0.4850177541375161,0.4783161133527756,0.0247043784304315,0.0210069142607675,0.0037867791596674,['-102.4' '-105.8' '-121.4' '-86.9'],['129.3' '127.7' '113.5' '144.7'],['E' 'E' 'E' 'E'],['E' 'E' 'E' 'E'],-2.475,-7.5,0.2362907813126304,30.686587732536616,-2.4,-2.0,[-2.8 -2.3 -2.3 -2.5],[ 21 -32  17 -36],-0.5,-2.0,0.0,0.0,-0.5,[-0.5 -0.5 -0.5 -0.5],[-2 -2 -2 -2],-2.125,-7.5,0.2986078811194819,30.686587732536616,-2.1,-7.5,[-2.  -2.2 -2.5 -1.8],[ 21 -32  17 -36],-0.425,2.0,0.0957427107756338,0.0,-0.45,2.0,[-0.5 -0.5 -0.3 -0.4],[2 2 2 2],E,1,[0.12590298 0.21214661 0.14963273 0.17852058 0.20478161],True,Beta
93758,127,131,labels,5,1-p,6h9h,A,['V' 'E' 'L' 'E' 'Q'],0.85486,-0.057800002,-0.0076621999498456,0.17490178,0.008727255,0.0041133611643233,[0.761  0.6901 1.0963 0.7452 0.9817],[-0.0573 -0.0527 -0.073  -0.0522 -0.0538],[-0.005724 -0.006968 -0.014486 -0.007578 -0.003555],[0.37805144 0.41492816 0.41235461 0.45985129 0.36700798],[0.50687946 0.50851067 0.5121277  0.51134755 0.50156031],[0.48201167 0.4849011  0.48387111 0.48576722 0.48965224],0.4064386963844299,0.5080851376056671,0.4852406660715739,0.0364711951598794,0.0042188193150071,0.0028353408423593,['-132.3' '-137.5' '-131.3' '-95.7' '-128.2'],['136.8' '153.7' '106.0' '145.5' '134.0'],['E' 'E' 'E' 'E' 'E'],['E' 'E' 'E' 'E' 'E'],-1.18,-50.0,1.2070625501605126,65.7419196555744,-0.3,-118.0,[-0.3 -2.4 -0.3 -2.6 -0.3],[  -2 -120   -2 -124   -2],-0.28,-74.0,0.1095445115010332,65.7875368135941,-0.2,[-0.2 -0.4 -0.2 -0.4 -0.2],[-118   -2 -122   -2 -126],-1.2399999999999998,-47.6,1.2915107432770352,67.93231925968671,-0.3,2.0,[-0.3 -2.8 -0.3 -2.5 -0.3],[   2 -120    2 -124    2],-0.28,-72.4,0.1095445115010332,67.97646651599361,-0.2,-118.0,[-0.2 -0.4 -0.2 -0.4 -0.2],[-118    2 -122    2 -126],E,1,[0.12132414 0.19596636 0.15487161 0.186833   0.20867028],True,Beta
93871,136,140,labels,5,1-p,3fe4,B,['E' 'I' 'H' 'I' 'V'],0.96618,-0.0739,-0.0160953997634351,0.18853128,0.0075402264,0.0052035482824717,[0.9652 0.9258 0.7561 1.2719 0.9119],[-0.0784 -0.0763 -0.0639 -0.0824 -0.0685],[-0.019581 -0.017125 -0.007486 -0.020652 -0.015633],[0.36285447 0.43116759 0.48112382 0.47885974 0.46011191],[0.54723408 0.48326244 0.48042556 0.48595747 0.45489366],[0.47201388 0.4754489  0.47485389 0.4756828  0.47646833],0.4428235063950221,0.4903546412785848,0.4748935600121816,0.048977855324315,0.03413565869957,0.0017106527485676,['-121.3' '-104.5' '-124.3' '-109.3' '-89.2'],['131.7' '133.5' '126.7' '113.3' '130.9'],['E' 'E' 'E' 'E' 'E'],['E' 'E' 'E' 'E' 'E'],-2.76,-5.0,0.46690470119715,27.568097504180443,-2.7,-2.0,[-2.2 -3.5 -2.7 -2.7 -2.7],[-21  27 -25  23 -29],-0.42,-2.0,0.1095445115010332,0.0,-0.4,[-0.3 -0.4 -0.4 -0.4 -0.6],[-2 -2 -2 -2 -2],-2.56,-5.2,0.3781534080237807,27.788486824582588,-2.6,-21.0,[-2.7 -2.2 -2.6 -2.2 -3.1],[-21  27 -25  23 -30],-0.6199999999999999,-4.2,0.3898717737923585,13.863621460498695,-0.4,2.0,[-0.4 -0.4 -0.6 -0.4 -1.3],[  2   2   2   2 -29],E,1,[0.12136932 0.20028831 0.1466081  0.17527524 0.20006113],True,Beta
95648,145,148,labels,4,1-p,6lln,A,['I' 'V' 'N' 'M'],0.8388,-0.096324995,-0.0169254995416849,0.15122011,0.008619116,0.0076933819310575,[0.692  0.9176 0.734  1.0116],[-0.0954 -0.0944 -0.1081 -0.0874],[-0.009899 -0.014225 -0.027855 -0.015723],[0.33858488 0.38173259 0.43379001 0.38468079],[0.38276598 0.42702129 0.43269507 0.43099294],[0.47727333 0.47112277 0.46788722 0.47676722],0.384697067240874,0.4183688213427862,0.4732626353700956,0.0389240244421782,0.0238539831458994,0.0045402583772779,['-129.7' '-124.4' '-101.1' '-73.3'],['136.5' '124.1' '132.7' '126.2'],['E' 'E' 'E' 'E'],['E' 'E' 'E' 'E'],-2.575,-4.0,0.3593976442141305,51.96152422706632,-2.45,-2.0,[-2.3 -2.4 -2.5 -3.1],[ 41 -49  41 -49],-0.4,-2.0,0.0816496580927726,0.0,-0.4,[-0.3 -0.4 -0.4 -0.5],[-2 -2 -2 -2],-1.975,20.5,1.2311918344975057,45.0,-2.4000000000000004,43.0,[-2.7 -2.9 -2.1 -0.2],[ 43 -47  43  43],-0.35,2.0,0.1732050807568877,0.0,-0.4,2.0,[-0.4 -0.5 -0.4 -0.1],[2 2 2 2],E,1,[0.12038431 0.19246406 0.15484627 0.18565473 0.20596475],True,Beta
95819,18,23,labels,6,1-p,7r6w,H,['V' 'K' 'V' 'S' 'C' 'K'],0.8879166,-0.08208334,-0.0142988334409892,0.15262489,0.009133546,0.002029925958629,[0.6897 1.0603 0.9104 0.7208 1.0206 0.9257],[-0.093  -0.0789 -0.0853 -0.0887 -0.0796 -0.067 ],[-0.013032 -0.013488 -0.014519 -0.013024 -0.01344  -0.01829 ],[0.39083775 0.43333391 0.43839957 0.43193311 0.43442523 0.45094157],[0.42964542 0.45588655 0.45893619 0.45843974 0.47141846 0.51659575],[0.47442111 0.47720056 0.477205   0.47723165 0.47513665 0.47787109],0.4299785263008542,0.4651536858744092,0.476511009865337,0.0203824240756684,0.0286914082305298,0.0013843970993322,['-136.1' '-123.6' '-92.1' '-106.3' '-151.3' '-97.1'],['141.6' '105.9' '138.2' '162.7' '100.9' '123.7'],['E' 'E' 'E' 'E' 'E' 'E'],['E' 'E' 'E' 'E' 'E' 'E'],-1.6666666666666667,26.83333333333333,1.17075474232081,37.96533506590804,-1.7999999999999998,-2.0,[-1.9 -0.3 -2.8 -0.3 -1.7 -3. ],[ 65  -2  61  -2  57 -18],-0.2666666666666666,19.0,0.0816496580927726,32.55764119219941,-0.25,[-0.3 -0.2 -0.4 -0.2 -0.2 -0.3],[-2 63 -2 59 -2 -2],-2.033333333333333,25.5,0.9709102258533828,39.54111783953509,-2.45,29.5,[-2.4 -0.3 -2.6 -1.5 -2.9 -2.5],[ 65   2  61 -14  57 -18],-0.3333333333333333,12.166666666666666,0.1032795558988644,24.903145718295647,-0.3,2.0,[-0.4 -0.3 -0.2 -0.3 -0.5 -0.3],[ 2 63  2  2  2  2],E,1,[0.13214048 0.22285986 0.1657977  0.20014378 0.22568375],True,Beta
96065,8,11,labels,4,1-p,4irl,B,['L' 'V' 'I' 'W'],0.899625,-0.060925,-0.0094712501158937,0.18691717,0.0097564915,0.0061568198797004,[0.7734 1.1337 0.7268 0.9646],[-0.0755 -0.0573 -0.0556 -0.0553],[-0.017073 -0.009901 -0.008883 -0.002028],[0.36844134 0.42901753 0.46016077 0.35580164],[0.58063832 0.50468088 0.51900713 0.48241137],[0.4838489  0.48007945 0.4884378  0.48906113],0.4033553215364615,0.5216844255725543,0.4853568201263746,0.0495504696766157,0.04208809228656,0.0042165852538653,['-121.9' '-109.9' '-122.2' '-107.9'],['129.9' '125.0' '132.2' '134.1'],['E' 'E' 'E' 'E'],['E' 'E' 'E' 'E'],-2.075,25.25,1.1354147553500733,20.91849261618373,-2.5,-2.0,[-2.6 -0.4 -2.9 -2.4],[27 -2 27 49],-0.35,5.25,0.1290994448735805,14.5,-0.35,[-0.3 -0.2 -0.5 -0.4],[-2 27 -2 -2],-2.675,40.0,0.6800735254367721,12.701705922171769,-2.6500000000000004,40.0,[-3.4 -2.  -3.1 -2.2],[29 51 29 51],-0.7499999999999999,14.0,0.7047458170621992,24.0,-0.45,2.0,[-0.5 -1.8 -0.4 -0.3],[ 2 50  2  2],E,1,[0.13442642 0.2267388  0.16762404 0.20101765 0.22520047],True,Beta
97410,175,179,labels,5,1-p,5dtf,L,['S' 'S' 'T' 'L' 'T'],0.95861995,-0.05618,-0.007479800004512,0.12815928,0.009653342,0.0040815928574598,[1.1077 1.0112 0.7688 1.0007 0.9047],[-0.0547 -0.0422 -0.0603 -0.0687 -0.055 ],[-0.006489 -0.00419  -0.008654 -0.013964 -0.004102],[0.44844947 0.47035724 0.45292875 0.43558171 0.38977901],[0.51248229 0.52680854 0.51687947 0.50780144 0.46581562],[0.48888109 0.48925943 0.48510667 0.48515556 0.48409335],0.4394192377726237,0.5059574723243714,0.4864992201328278,0.030414185446788,0.0235127543797395,0.0023887715685379,['-103.2' '-126.5' '-121.2' '-110.5' '-115.4'],['128.7' '124.7' '134.6' '126.8' '126.7'],['E' 'E' 'E' 'E' 'E'],['E' 'E' 'E' 'E' 'E'],-2.74,-28.4,0.3209361307176243,14.587666023048376,-2.7,-2.0,[-3.  -3.1 -2.7 -2.6 -2.3],[-14 -42 -18 -46 -22],-0.44,-2.0,0.0547722557505166,0.0,-0.4,[-0.4 -0.5 -0.4 -0.4 -0.5],[-2 -2 -2 -2 -2],-2.34,-23.6,1.2280065146407002,20.11964214393487,-2.9,-18.0,[-2.9 -3.1 -2.1 -3.3 -0.3],[-14 -42 -18 -46   2],-0.4,-8.0,0.1224744871391589,22.360679774997894,-0.4,2.0,[-0.4 -0.4 -0.5 -0.5 -0.2],[  2   2   2   2 -48],E,1,[0.11215658 0.17933299 0.13594045 0.16312592 0.18601023],True,Beta
99677,175,179,labels,5,1-p,4ztp,L,['S' 'S' 'T' 'L' 'T'],0.93772,-0.06532,-0.0098501999862492,0.12905344,0.009974568,0.0048024511048435,[1.0331 0.974  0.7181 1.027  0.9364],[-0.0661 -0.0537 -0.0676 -0.0801 -0.0591],[-0.009405 -0.006171 -0.008752 -0.018104 -0.006819],[0.4276493  0.44388874 0.44289515 0.43677076 0.39517044],[0.49744684 0.50539011 0.49546104 0.49163124 0.45801421],[0.48684834 0.48648446 0.48165168 0.48129167 0.48224111],0.4292748779058456,0.4895886878172557,0.4837034543355306,0.0201309507585443,0.018351019368887,0.0027289747830342,['-111.6' '-120.4' '-124.1' '-121.2' '-104.8'],['131.1' '131.2' '146.8' '120.2' '131.9'],['E' 'E' 'E' 'E' 'E'],['E' 'E' 'E' 'E' 'E'],-2.72,-28.4,0.4764451699828637,14.587666023048376,-2.6,-2.0,[-2.6 -3.4 -2.9 -2.1 -2.6],[-14 -42 -18 -46 -22],-0.44,-2.0,0.0547722557505166,0.0,-0.4,[-0.4 -0.5 -0.4 -0.4 -0.5],[-2 -2 -2 -2 -2],-2.2,-23.6,1.1,20.11964214393487,-2.5,-18.0,[-2.5 -3.  -2.3 -2.9 -0.3],[-14 -42 -18 -46   2],-0.4,-8.0,0.1224744871391589,22.360679774997894,-0.4,2.0,[-0.4 -0.4 -0.5 -0.5 -0.2],[  2   2   2   2 -48],E,1,[0.12416117 0.20588118 0.15198143 0.18238172 0.20735198],True,Beta
99799,91,94,labels,4,1-p,1hxh,A,['L' 'L' 'P' 'G'],0.867675,-0.0434,-0.0045792500313837,0.19952132,0.008341461,0.0027656288939294,[1.0975 0.9609 0.7597 0.6526],[-0.0511 -0.049  -0.0329 -0.0406],[-0.003797 -0.005911 -0.007499 -0.00111 ],[0.44006099 0.45902057 0.38655393 0.34498618],[0.48921989 0.54397166 0.55141846 0.48957449],[0.482365   0.49044056 0.49193334 0.46627945],0.4076554204026858,0.5185461267828942,0.4827545856436094,0.0518369450892493,0.0337956194937113,0.0117601811686238,['-109.4' '-123.1' '-82.1' '165.2'],['112.3' '132.3' '163.7' '127.5'],['' '' '' 'B'],['' '' 'P' 'B'],-1.025,12.25,1.4705441169852742,27.183021661814323,-0.4499999999999999,2.0,[-0.3 -0.6  0.  -3.2],[-2 -2  0 53],-0.05,2.25,0.0577350269189625,2.0615528128088303,-0.05,[-0.  -0.1  0.  -0.1],[2 2 0 5],-0.5,29.75,0.5597618541248889,31.7214438511238,-0.35,31.0,[-0.  -0.4 -0.3 -1.3],[-2 59  7 55],-0.25,42.5,0.3109126351029604,27.01234285778756,-0.15,55.5,[-0.  -0.1 -0.2 -0.7],[57  2 55 56],,1,[0.10480459 0.15964685 0.13280851 0.15947515 0.17788678],True,Beta
101558,197,200,labels,4,1-p,5tpp,L,['C' 'Q' 'V' 'T'],1.0079501,-0.068925,-0.0106952497735619,0.12855448,0.009115689,0.0044115196102361,[1.1923 0.9213 0.9184 0.9998],[-0.0821 -0.0635 -0.0679 -0.0622],[-0.015209 -0.010264 -0.012494 -0.004814],[0.43550025 0.49386123 0.46250627 0.41043259],[0.48035463 0.48687946 0.50099294 0.46992911],[0.48048945 0.47890723 0.48468222 0.47590668],0.4505750859777133,0.4845390344659487,0.4799963956077894,0.035845567547971,0.0130021524364214,0.0036565984583209,['-113.6' '-121.1' '-120.2' '-102.8'],['120.9' '129.2' '115.3' '127.9'],['E' 'E' 'E' 'E'],['E' 'E' 'E' 'E'],-3.075,-20.0,0.4924428900898053,33.56585566713095,-3.05,-2.0,[-2.5 -3.7 -3.  -3.1],[ 11 -47   7 -51],-0.5,-2.0,0.0816496580927725,0.0,-0.5,[-0.4 -0.5 -0.5 -0.6],[-2 -2 -2 -2],-2.575,-20.0,0.3774917217635375,33.56585566713095,-2.45,-20.0,[-2.3 -3.1 -2.6 -2.3],[ 11 -47   7 -51],-0.45,2.75,0.1732050807568877,1.5,-0.5,2.0,[-0.5 -0.6 -0.5 -0.2],[2 2 2 5],E,1,[0.13110479 0.20800509 0.15546945 0.17951459 0.19350114],True,Beta
101559,206,209,labels,4,1-p,5tpp,L,['V' 'E' 'K' 'T'],0.822775,-0.051425,-0.0067522501340135,0.1357705,0.0070286915,0.0021337936089423,[0.96   0.7438 0.9131 0.6742],[-0.0478 -0.0433 -0.0574 -0.0572],[-0.009503 -0.004778 -0.007337 -0.005391],[0.41303871 0.42624852 0.37969656 0.38824792],[0.5302128  0.53297873 0.52631207 0.50014186],[0.48238112 0.48798999 0.49027444 0.48913999],0.4018079265952111,0.5224113663037618,0.4874463851253192,0.021573592121549,0.0150961151350397,0.0035032683448464,['-118.7' '-125.4' '-122.9' '-130.5'],['126.6' '135.9' '144.2' '146.7'],['E' 'E' 'E' 'E'],['E' 'E' 'E' 'E'],-1.4500000000000002,-5.5,1.161895003862225,4.358898943540674,-1.4,-5.5,[-2.6 -0.5 -2.3 -0.4],[ -7  -2 -11  -2],-0.3,-6.5,0.1154700538379251,5.446711546122731,-0.3,[-0.4 -0.2 -0.4 -0.2],[ -2  -9  -2 -13],-1.55,-3.5,1.40118997046558,6.557438524302,-1.45,-2.5,[-3.  -0.4 -2.5 -0.3],[ -7   2 -11   2],-0.275,-4.5,0.0957427107756338,7.681145747868608,-0.25,-3.5,[-0.4 -0.2 -0.3 -0.2],[  2  -9   2 -13],E,1,[0.10187511 0.15197244 0.13220702 0.15917095 0.17538075],True,Beta
102783,241,244,labels,4,1-p,6deo,A,['V' 'L' 'V' 'D'],0.853775,-0.0947,-0.0157122502569109,0.16588843,0.0035721129,0.0070698114500224,[0.7133 0.707  1.0009 0.9939],[-0.093  -0.0908 -0.096  -0.099 ],[-0.008111 -0.011392 -0.020568 -0.022778],[0.32330646 0.39437232 0.44007729 0.46649691],[0.41921989 0.43985819 0.43560286 0.4266667 ],[0.48329722 0.47773832 0.46958999 0.46383277],0.4060632487138113,0.430336909989516,0.4736145734786988,0.0627017993222153,0.009227559763553,0.0086147153250517,['-132.2' '-132.5' '-120.3' '-90.6'],['158.2' '135.7' '116.6' '129.5'],['E' 'E' 'E' 'E'],['E' 'E' 'E' 'E'],-2.35,-45.5,0.6454972243679027,17.897858344878397,-2.5,-2.0,[-2.2 -1.5 -2.8 -2.9],[-61 -30 -61 -30],-0.35,-9.25,0.1290994448735805,14.5,-0.35,[-0.2 -0.3 -0.4 -0.5],[-31  -2  -2  -2],-2.25,-43.5,0.6137317546507323,17.897858344878397,-2.35,-43.5,[-2.7 -1.5 -2.  -2.8],[-59 -28 -59 -28],-0.375,-13.25,0.1258305739211791,30.5,-0.4,2.0,[-0.4 -0.5 -0.4 -0.2],[  2   2   2 -59],E,1,[0.12519661 0.20364611 0.15978784 0.19211981 0.21337302],True,Beta
103226,189,192,labels,4,1-p,3cfb,H,['S' 'S' 'V' 'T'],0.7937,-0.0708,-0.0081352501874789,0.094629005,0.007376088,0.0025119214502628,[0.785  0.726  0.7337 0.9301],[-0.0797 -0.0634 -0.0663 -0.0738],[-0.010668 -0.005956 -0.009921 -0.005996],[0.34956321 0.36562347 0.3892578  0.34500248],[0.47226954 0.48978725 0.49397165 0.44921988],[0.48473834 0.48525278 0.48784834 0.48485277],0.3623617415626844,0.4763120785355568,0.4856730575362841,0.0199931908687224,0.0203614818377138,0.0014668631214168,['-136.4' '-116.4' '-139.8' '-122.5'],['136.0' '154.0' '147.0' '130.2'],['E' 'E' 'E' 'E'],['E' 'E' 'E' 'E'],-2.025,-29.5,0.6499999999999999,13.47837774610382,-2.2,-2.0,[-2.1 -2.3 -2.6 -1.1],[-39 -16 -43 -20],-0.325,-2.0,0.05,0.0,-0.3,[-0.3 -0.4 -0.3 -0.3],[-2 -2 -2 -2],-1.825,-35.75,1.1265729744080792,13.400870618483465,-2.1500000000000004,-41.0,[-2.2 -2.1 -2.8 -0.2],[-39 -16 -43 -45],-0.25,1.0,0.1732050807568877,2.0,-0.3,2.0,[-0.3 -0.3 -0.4 -0. ],[ 2  2  2 -2],E,1,[0.10829763 0.16415426 0.14276978 0.17132215 0.18742636],True,Beta
104197,50,53,labels,4,1-p,8oxi,A,['E' 'R' 'R' 'Q'],0.90584993,-0.08595,-0.0169722496066242,0.13052946,0.009456038,0.011439971336257,[0.9734 0.9349 0.7143 1.0008],[-0.0997 -0.0822 -0.0837 -0.0782],[-0.033777 -0.011796 -0.01397  -0.008346],[0.42659057 0.42717695 0.43163995 0.36158397],[0.46659577 0.44992911 0.46517734 0.45191493],[0.42540278 0.46692056 0.4810489  0.4847539 ],0.4117478616535664,0.4584042852123579,0.4645315359036128,0.0335185211016357,0.008697030980723,0.0271939590465265,['-61.7' '-108.1' '-118.4' '-111.6'],['122.9' '129.6' '146.6' '131.8'],['' '' 'E' 'E'],['P' '' 'E' 'E'],-1.425,8.75,1.3098982148752374,16.72074559741082,-1.5,-0.5,[-0.5 -0.1 -2.6 -2.5],[-2 24 22 -9],-0.275,5.5,0.206155281280883,13.07669683062202,-0.25,[-0.1 -0.1 -0.5 -0.4],[ 1 25 -2 -2],-1.725,8.5,0.8261355820929153,18.04623691151889,-2.05,8.5,[-0.5 -2.3 -2.1 -2. ],[26 -5 22 -9],-0.375,6.5,0.1258305739211791,9.0,-0.4,2.0,[-0.5 -0.4 -0.4 -0.2],[ 2  2  2 20],,1,[0.12808504 0.21337016 0.1592488  0.19153241 0.21605964],True,Beta
104774,9,12,labels,4,1-p,8ax7,A,['L' 'V' 'I' 'W'],0.866375,-0.060525,-0.0085440000984817,0.18654768,0.009008283,0.0053594694164193,[0.7217 1.0738 0.6963 0.9737],[-0.0739 -0.0573 -0.0566 -0.0543],[-0.014672 -0.009019 -0.008889 -0.001596],[0.35239735 0.40587185 0.44691837 0.35321179],[0.587305   0.5051064  0.51900711 0.48432625],[0.48892613 0.48190002 0.48916446 0.48936612],0.3895998398462931,0.5239361897110939,0.4873391836881638,0.0456738699282137,0.0445847880118411,0.0036305680811457,['-116.0' '-118.3' '-125.5' '-108.9'],['135.6' '128.3' '134.1' '133.3'],['E' 'E' 'E' 'E'],['E' 'E' 'E' 'E'],-2.1,25.25,1.1803954139750517,20.91849261618373,-2.45,-2.0,[-2.6 -0.4 -3.1 -2.3],[27 -2 27 49],-0.325,5.25,0.0957427107756338,14.5,-0.35,[-0.3 -0.2 -0.4 -0.4],[-2 27 -2 -2],-2.6,40.0,0.6377042156569664,12.701705922171769,-2.8,40.0,[-3.  -1.7 -3.1 -2.6],[29 51 29 51],-0.6749999999999999,14.0,0.6184658438426491,24.0,-0.4,2.0,[-0.4 -1.6 -0.4 -0.3],[ 2 50  2  2],E,1,[0.12787225 0.20908351 0.16200613 0.19365835 0.21456545],True,Beta
107911,8,11,labels,4,1-p,4axj,A,['G' 'M' 'I' 'E'],0.881875,-0.042525,-0.0053049999405629,0.10576681,0.004783565,0.0017342026243726,[0.9626 0.7268 0.9298 0.9083],[-0.0489 -0.0373 -0.0421 -0.0418],[-0.006283 -0.003353 -0.007167 -0.004417],[0.41059546 0.42662315 0.4177786  0.39450261],[0.53340429 0.54730499 0.55234047 0.52560287],[0.48627168 0.49066501 0.49170166 0.485085  ],0.4123749534289043,0.5396631533900897,0.4884308377901714,0.0135989909313414,0.0123285163307468,0.003242756304518,['-116.1' '-132.2' '-128.3' '-118.6'],['136.4' '136.2' '129.7' '131.4'],['E' 'E' 'E' 'E'],['E' 'E' 'E' 'E'],-2.5,51.5,0.2160246899469286,15.758595538097085,-2.45,-2.0,[-2.5 -2.4 -2.3 -2.8],[40 67 36 63],-0.4,-2.0,0.0,0.0,-0.4,[-0.4 -0.4 -0.4 -0.4],[-2 -2 -2 -2],-2.45,51.25,0.2886751345948127,15.521490478258416,-2.45,51.0,[-2.4 -2.1 -2.5 -2.8],[40 67 36 62],-0.75,17.25,0.7,30.5,-0.4,2.0,[-0.4 -0.4 -0.4 -1.8],[ 2  2  2 63],E,1,[0.11143148 0.17520956 0.14023682 0.16891809 0.19003081],True,Beta
108782,176,180,labels,5,1-p,1ryp,Z,['N' 'L' 'Y' 'H' 'V'],0.88851994,-0.07086,-0.0119574001990258,0.15790083,0.009977876,0.0064130709489181,[0.9832 0.7348 0.699  1.     1.0256],[-0.0738 -0.0588 -0.0708 -0.0855 -0.0654],[-0.014565 -0.006059 -0.008143 -0.021957 -0.009063],[0.39134269 0.3936882  0.39642464 0.44379102 0.42691634],[0.45843976 0.49404258 0.48574469 0.48106384 0.46453903],[0.47612835 0.48401835 0.47991167 0.47824276 0.47230165],0.4104325791200002,0.4767659803231557,0.4781205554803213,0.0235877112344784,0.0148569714561293,0.0043541778566914,['-112.7' '-115.3' '-143.8' '-115.4' '-102.1'],['129.7' '147.1' '142.1' '121.3' '117.2'],['E' 'E' 'E' 'E' 'E'],['E' 'E' 'E' 'E' 'E'],-2.3800000000000003,-94.6,0.4438468204234429,95.08837994203076,-2.5,-2.0,[-2.2 -1.7 -2.5 -2.7 -2.8],[-160   12 -164    7 -168],-0.42,-2.0,0.0836660026534075,0.0,-0.4,[-0.4 -0.5 -0.4 -0.3 -0.5],[-2 -2 -2 -2 -2],-2.34,-94.8,0.6655824516917495,94.80875487000132,-2.6,-160.0,[-1.8 -2.7 -2.6 -3.1 -1.5],[-160   11 -164    7 -168],-0.3999999999999999,2.6,0.1581138830084189,1.3416407864998738,-0.4,2.0,[-0.4 -0.3 -0.5 -0.6 -0.2],[2 2 2 2 5],E,1,[0.13980376 0.23937613 0.17529437 0.2101938  0.23533194],True,Beta
109056,7,10,labels,4,l3(10),4i45,A,['H' 'P' 'V' 'Q'],0.83285,-0.09685,-0.0182612501084804,0.024184644,0.009073586,0.0088912568319613,[0.8156 0.865  0.8379 0.8129],[-0.09   -0.0994 -0.0894 -0.1086],[-0.013686 -0.018606 -0.010199 -0.030554],[0.40087135 0.41022083 0.40978106 0.43530482],[0.44581562 0.4405674  0.42737593 0.41539011],[0.47711388 0.47639388 0.46702278 0.46481555],0.4140445142984391,0.4322872683405876,0.4713365212082864,0.0148136263553235,0.0136773787228486,0.0063268281791016,['-137.3' '-78.9' '-132.2' '-99.3'],['121.8' '144.4' '127.6' '140.8'],['E' '' '' ''],['E' 'P' '' 'P'],-0.625,16.25,0.8655441448399189,35.17930262716038,-0.3,1.0,[-1.9  0.  -0.2 -0.4],[69  0 -2 -2],-0.15,15.75,0.1914854215512676,31.54229964138104,-0.1,[-0.4  0.  -0.  -0.2],[-2  0  2 63],-1.125,18.75,1.2579745625409124,33.5,-0.55,2.0,[-3.  -0.4 -0.4 -0.7],[69  2  2  2],-0.15,65.5,0.1914854215512676,2.0816659994661326,-0.1,65.5,[-0.4 -0.  -0.  -0.2],[68 65 66 63],,1,[0.11481856 0.18030169 0.1482591  0.17839661 0.19790222],True,Beta
110417,6,9,labels,4,1-p,2ux9,B,['K' 'K' 'V' 'E'],0.83932495,-0.09745,-0.01601874968037,0.12590851,0.007818997,0.0030035682602572,[0.7511 0.8949 0.7212 0.9901],[-0.1089 -0.0914 -0.0955 -0.094 ],[-0.018365 -0.011822 -0.018001 -0.015887],[0.37813289 0.38557665 0.42450568 0.38277505],[0.42078015 0.42851066 0.43907804 0.45070925],[0.47613891 0.47322891 0.47460558 0.47758669],0.3927475661039353,0.4347695261240006,0.475390021999677,0.0213934555976697,0.0130065915220081,0.0018860819583,['-119.2' '-114.5' '-120.4' '-101.6'],['143.4' '130.6' '145.0' '120.2'],['E' 'E' 'E' 'E'],['E' 'E' 'E' 'E'],-1.375,27.0,1.1324751652906129,33.52610922848042,-1.3,25.0,[-2.5 -0.4 -2.2 -0.4],[58 -2 54 -2],-0.275,26.0,0.0957427107756338,32.37282811247729,-0.25,[-0.3 -0.2 -0.4 -0.2],[-2 56 -2 52],-1.425,29.0,1.2446552400832396,31.219651930581588,-1.4,28.0,[-2.4 -0.4 -2.6 -0.3],[58  2 54  2],-0.35,28.0,0.1914854215512676,30.066592756745816,-0.3,27.0,[-0.4 -0.2 -0.6 -0.2],[ 2 56  2 52],E,1,[0.11698417 0.18499042 0.1504956  0.18111188 0.20080783],True,Beta
110572,292,295,labels,4,1-p,6cme,B,['V' 'E' 'V' 'Q'],0.80474997,-0.098074995,-0.0152840001974254,0.19392788,0.00985,0.0119386388599783,[1.0938 0.723  0.7246 0.6776],[-0.1104 -0.1016 -0.0909 -0.0894],[-0.031373 -0.016172 -0.010248 -0.003343],[0.40868973 0.41395085 0.34615895 0.30830495],[0.38226953 0.42347521 0.43836883 0.41014188],[0.44644279 0.46789279 0.48346502 0.47664278],0.3692761187752088,0.4135638599594434,0.4686108430226644,0.0509939590577146,0.0238367094103033,0.0160944760658786,['-97.9' '-97.1' '-120.3' '-134.1'],['110.2' '157.6' '135.9' '156.5'],['E' 'E' 'E' 'E'],['E' 'E' 'E' 'E'],-1.825,-91.75,1.3301002468485852,61.0047812333864,-2.0,-54.0,[-1.3 -3.1 -0.2 -2.7],[-105 -128   -2 -132],-0.4,-60.0,0.2160246899469286,67.68554744798429,-0.35,[-0.3 -0.7 -0.2 -0.4],[-106   -2 -130   -2],-1.6,-64.0,1.6020819787597222,76.22772898799141,-1.4,-63.0,[-0.2 -2.5 -0.3 -3.4],[   2 -128    2 -132],-0.275,-63.0,0.0957427107756338,75.07329751649384,-0.25,-62.0,[-0.2 -0.4 -0.2 -0.3],[-126    2 -130    2],E,1,[0.0886711  0.12483034 0.11604356 0.1389379  0.15190817],True,Beta
110891,328,332,labels,5,1-p,4hsq,A,['L' 'K' 'V' 'V' 'K'],0.99766,-0.078839995,-0.0142892001196742,0.04679396,0.008955055,0.0030730703802058,[1.0324 0.9871 0.955  0.9547 1.0591],[-0.0893 -0.0687 -0.0738 -0.0752 -0.0872],[-0.016682 -0.010757 -0.012369 -0.018186 -0.013452],[0.44067997 0.48449549 0.47183947 0.48356705 0.40000807],[0.42539009 0.47390074 0.48390075 0.47078017 0.4376596 ],[0.46728167 0.47788444 0.47704888 0.47555166 0.47807945],0.456118009487788,0.4583262701829275,0.4751692215601604,0.036029687918278,0.0253161033262923,0.0045203625754462,['-117.2' '-102.4' '-109.7' '-120.0' '-93.0'],['109.3' '129.1' '131.0' '119.8' '124.2'],['E' 'E' 'E' 'E' 'E'],['E' 'E' 'E' 'E' 'E'],-2.8,75.4,0.4301162633521313,36.26017098691069,-2.6,-2.0,[-2.4 -2.9 -2.6 -2.6 -3.5],[ 53 115  49 115  45],-0.4599999999999999,-2.0,0.1140175425099137,0.0,-0.5,[-0.3 -0.6 -0.5 -0.4 -0.5],[-2 -2 -2 -2 -2],-2.54,69.2,0.7231873892705818,46.75681768469706,-2.7,53.0,[-3.1 -3.  -1.3 -2.6 -2.7],[ 53 117  49 117  10],-0.4599999999999999,2.0,0.1140175425099137,0.0,-0.5,2.0,[-0.5 -0.4 -0.5 -0.6 -0.3],[2 2 2 2 2],E,1,[0.13581146 0.20866814 0.15932733 0.17940906 0.18776855],True,Beta
110902,444,447,labels,4,1-p,4hsq,A,['L' 'V' 'S' 'E'],1.05055,-0.074499995,-0.0185237501282244,0.11425669,0.0021602479,0.0046709232129259,[1.1683 0.9272 0.9824 1.1243],[-0.0735 -0.0725 -0.0745 -0.0775],[-0.025315 -0.017883 -0.015391 -0.015506],[0.40870603 0.50133759 0.49417073 0.4837625 ],[0.59397167 0.48191493 0.47907805 0.46553195],[0.47831999 0.46745056 0.4729     0.47493334],0.4719942112763723,0.5051241492231687,0.4734009727835656,0.04280466559377,0.0596615217472237,0.0045535073225541,['-102.5' '-107.2' '-112.5' '-94.9'],['130.1' '125.1' '115.7' '123.5'],['E' 'E' 'E' 'E'],['E' 'E' 'E' 'E'],-1.7,-59.5,1.388044187577134,66.39528095680696,-1.65,-59.5,[-2.8 -0.5 -3.  -0.5],[-117   -2 -117   -2],-0.325,-59.5,0.15,66.39528095680696,-0.3,[-0.4 -0.2 -0.5 -0.2],[  -2 -117   -2 -117],-1.6,-56.5,1.3341664064126333,67.54998149518622,-1.55,-56.5,[-2.9 -0.5 -2.6 -0.4],[-115    2 -115    2],-0.35,-56.5,0.1732050807568877,67.54998149518622,-0.35,-56.5,[-0.5 -0.2 -0.5 -0.2],[   2 -115    2 -115],E,1,[0.09773562 0.15025066 0.11386567 0.13533153 0.15572064],True,Beta
111233,178,181,labels,4,1-p,6m81,C,['V' 'S' 'H' 'S'],0.826175,-0.04835,-0.0058055000263266,0.086366124,0.009203079,0.0034058668671851,[0.9074 0.73   0.8903 0.777 ],[-0.0363 -0.0488 -0.0587 -0.0496],[-0.003516 -0.005932 -0.010575 -0.003199],[0.39456779 0.41171936 0.39047942 0.34961207],[0.55702128 0.53631208 0.52687947 0.48631209],[0.49291334 0.48887611 0.48905221 0.48655556],0.3865946580966314,0.5266312311093013,0.4893493031462034,0.0263161858496632,0.0296814680331766,0.0026343577250454,['-131.7' '-118.9' '-132.9' '-122.5'],['129.0' '151.6' '133.3' '138.2'],['E' 'E' 'E' 'E'],['E' 'E' 'E' 'E'],-2.25,-2.0,0.2380476142847616,17.473789896108208,-2.35,-2.0,[-2.4 -2.4 -2.3 -1.9],[ 15 -15  11 -19],-0.375,-2.0,0.05,0.0,-0.4,[-0.4 -0.4 -0.3 -0.4],[-2 -2 -2 -2],-2.35,-2.25,0.3785938897200182,17.802153427792568,-2.5,-2.0,[-2.6 -1.8 -2.6 -2.4],[ 15 -15  11 -20],-0.375,-3.25,0.05,10.5,-0.4,2.0,[-0.3 -0.4 -0.4 -0.4],[  2   2   2 -19],E,1,[0.09382831 0.13643008 0.12163171 0.14660156 0.16238453],True,Beta
116198,176,179,labels,4,1-p,3tgh,A,['A' 'F' 'I' 'F'],1.028925,-0.071925,-0.0125440000556409,0.0982516,0.00818184,0.0012636012384914,[0.9844 1.1664 0.9391 1.0258],[-0.0755 -0.0654 -0.065  -0.0818],[-0.014168 -0.011424 -0.012913 -0.011671],[0.48517957 0.50329217 0.51003552 0.41515618],[0.47368798 0.49226955 0.48780146 0.47652487],[0.47826667 0.47860833 0.47999555 0.47982   ],0.4784158617258073,0.4825709636012714,0.4791726370652517,0.0434594432848891,0.0088860063226013,0.0008632287699732,['-105.5' '-105.9' '-115.6' '-109.6'],['121.9' '120.5' '125.3' '123.9'],['E' 'E' 'E' 'E'],['E' 'E' 'E' 'E'],-2.9,10.5,0.1154700538379252,32.949456242351964,-2.9,-2.0,[-3.  -2.8 -2.8 -3. ],[ 39 -16  39 -20],-0.475,-2.0,0.0499999999999999,0.0,-0.5,[-0.4 -0.5 -0.5 -0.5],[-2 -2 -2 -2],-2.5,11.5,0.4242640687119285,34.10278580995987,-2.6,12.5,[-2.9 -2.6 -2.6 -1.9],[ 41 -16  41 -20],-0.45,2.0,0.1,0.0,-0.5,2.0,[-0.5 -0.5 -0.5 -0.3],[2 2 2 2],E,1,[0.12588166 0.18927004 0.1469171  0.16595769 0.17478427],True,Beta
116761,140,143,labels,4,1-p,5o9e,A,['I' 'L' 'L' 'H'],0.900425,-0.061325,-0.0109412500169128,0.15881965,0.009042997,0.0040446878119256,[1.082  0.8881 0.9346 0.697 ],[-0.0568 -0.0663 -0.0711 -0.0511],[-0.012213 -0.012734 -0.013856 -0.004962],[0.45441101 0.47312626 0.41041631 0.35874982],[0.50879433 0.50056739 0.50460995 0.50113478],[0.47827223 0.47844279 0.48247112 0.48660057],0.4241758485635122,0.5037766123811405,0.4814466759562492,0.0509254313314799,0.0037925503335109,0.0039459910979761,['-116.6' '-117.0' '-111.4' '-110.5'],['119.8' '128.7' '124.3' '159.2'],['E' 'E' 'E' 'E'],['E' 'E' 'E' 'E'],-2.6,-20.5,0.5715476066494083,35.25620512760839,-2.65,-2.0,[-3.2 -2.9 -1.9 -2.4],[-51  12 -51   8],-0.475,-2.0,0.0499999999999999,0.0,-0.5,[-0.4 -0.5 -0.5 -0.5],[-2 -2 -2 -2],-2.225,-19.75,0.4112987559751022,33.83661724621223,-2.3,-21.0,[-2.5 -2.6 -1.7 -2.1],[-49  12 -49   7],-0.65,3.5,0.443471156521669,3.0,-0.5,2.0,[-0.5 -0.5 -0.3 -1.3],[2 2 2 8],E,1,[0.13509785 0.22964476 0.16841197 0.20219888 0.22790481],True,Beta
117286,65,68,labels,4,l3(10),3lnv,A,['R' 'V' 'L' 'L'],0.86300004,-0.112975,-0.0248479996807873,0.051992614,0.009638942,0.0033081047824629,[0.9058 0.8574 0.8971 0.7917],[-0.1164 -0.1141 -0.122  -0.0994],[-0.02979  -0.023054 -0.022932 -0.023616],[0.41997753 0.43331764 0.41473269 0.54616298],[0.47361704 0.38829789 0.40035462 0.39014186],[0.47976778 0.45790223 0.46133223 0.44486224],0.4535477111736934,0.4131028528014819,0.4609661201635997,0.0622371997771862,0.0406897907838337,0.0144032276948463,['-86.7' '-124.0' '-79.9' '-124.3'],['140.5' '123.0' '139.4' '116.5'],['E' 'E' 'E' 'E'],['E' 'E' 'E' 'E'],-2.0250000000000004,35.75,1.0996211468804458,14.72809107341025,-2.5,-2.0,[-0.4 -2.7 -2.3 -2.7],[48 23 49 23],-0.375,10.25,0.0957427107756338,24.5,-0.35,[-0.3 -0.4 -0.5 -0.3],[47 -2 -2 -2],-2.75,37.75,0.5507570547286101,14.72809107341025,-2.8,37.5,[-2.1 -2.5 -3.3 -3.1],[50 25 51 25],-0.7,14.25,0.4320493798938573,24.5,-0.6,2.0,[-0.7 -0.3 -0.5 -1.3],[51  2  2  2],E,1,[0.09240513 0.13406032 0.11735656 0.14098614 0.15676012],True,Beta
120736,177,180,labels,4,1-p,1uyw,N,['S' 'T' 'L' 'T'],0.997925,-0.053200003,-0.009182000241708,0.14222078,0.008649855,0.00538963145637,[0.9499 0.8951 1.2083 0.9384],[-0.0537 -0.0556 -0.0621 -0.0414],[-0.00645  -0.010353 -0.016171 -0.003754],[0.43924657 0.49733064 0.49545749 0.42483143],[0.50617026 0.51673764 0.52546102 0.48815605],[0.48494333 0.48168111 0.48317889 0.48532167],0.4642165290812652,0.5091312428315481,0.4837812508145969,0.037626352611398,0.0160545417683353,0.001682929415665,['-121.7' '-120.7' '-96.8' '-110.2'],['126.8' '120.0' '119.8' '123.1'],['E' 'E' 'E' 'E'],['E' 'E' 'E' 'E'],-2.6,-32.5,0.4242640687119284,14.617341299520463,-2.75,-2.0,[-2.9 -2.  -2.9 -2.6],[-43 -18 -47 -22],-0.5,-2.0,0.0816496580927725,0.0,-0.5,[-0.5 -0.4 -0.5 -0.6],[-2 -2 -2 -2],-1.975,-26.5,1.2311918344975057,22.92742171869019,-2.35,-30.5,[-2.9 -1.8 -2.9 -0.3],[-43 -18 -47   2],-0.45,-10.75,0.1732050807568877,25.5,-0.5,2.0,[-0.5 -0.6 -0.5 -0.2],[  2   2   2 -49],E,1,[0.10899123 0.17275503 0.12988905 0.15472494 0.17675694],True,Beta
121367,189,192,labels,4,1-p,1mex,H,['S' 'S' 'V' 'T'],0.81672496,-0.074200004,-0.0093355001881718,0.09795993,0.008323463,0.0026405582855054,[0.7763 0.7679 0.7594 0.9633],[-0.086  -0.0692 -0.0676 -0.074 ],[-0.012001 -0.007574 -0.011153 -0.006614],[0.36059039 0.37521728 0.40567639 0.34956321],[0.45744684 0.48028372 0.48879435 0.4466667 ],[0.48176555 0.48292888 0.48592166 0.48493998],0.3727618170281251,0.4682979012529056,0.4838890184958777,0.0243291179042109,0.0195739494078451,0.0018856606642198,['-134.2' '-113.1' '-138.3' '-117.9'],['137.6' '150.8' '142.3' '125.1'],['E' 'E' 'E' 'E'],['E' 'E' 'E' 'E'],-2.225,-29.5,0.4991659710623979,13.47837774610382,-2.4,-2.0,[-2.3 -2.6 -2.5 -1.5],[-39 -16 -43 -20],-0.325,-2.0,0.05,0.0,-0.3,[-0.3 -0.4 -0.3 -0.3],[-2 -2 -2 -2],-2.1,-35.75,1.3114877048604,13.400870618483465,-2.5,-41.0,[-2.4 -2.6 -3.2 -0.2],[-39 -16 -43 -45],-0.275,1.0,0.206155281280883,2.0,-0.3,2.0,[-0.3 -0.3 -0.5 -0. ],[ 2  2  2 -2],E,1,[0.11234498 0.1736375  0.14621032 0.17538105 0.19302285],True,Beta
122041,294,297,labels,4,1-p,7ekd,A,['D' 'R' 'V' 'S'],0.81865,-0.065349996,-0.0110339998500421,0.19047509,0.00826418,0.008795902724121,[1.0446 0.656  0.9081 0.6659],[-0.0771 -0.0619 -0.058  -0.0644],[-0.023764 -0.010058 -0.005257 -0.005057],[0.32245947 0.42491288 0.36322909 0.39490983],[0.58425534 0.49858159 0.50758868 0.48418442],[0.46972    0.47828945 0.48868223 0.48537556],0.3763778172433376,0.518652508656184,0.480516808728377,0.0438906391268044,0.0447847819524913,0.0084026566770193,['-64.4' '-141.4' '-120.8' '-143.0'],['154.4' '140.6' '149.6' '159.6'],['' 'E' 'E' 'E'],['P' 'E' 'E' 'E'],-1.15,-43.5,0.99498743710662,47.94788837894741,-0.95,-41.0,[-0.4 -1.5 -0.3 -2.4],[ -2 -83  -2 -87],-0.175,-42.25,0.0957427107756338,46.52150040572639,-0.15,[-0.1 -0.1 -0.2 -0.3],[-80  -2 -85  -2],-2.2,-56.25,1.361371857110809,41.0477364377948,-2.5,-70.0,[-0.3 -3.5 -2.3 -2.7],[  2 -83 -57 -87],-0.25,0.75,0.1732050807568877,2.5,-0.3,2.0,[-0.  -0.3 -0.3 -0.4],[-3  2  2  2],E,1,[0.1117672  0.17224561 0.14528238 0.17443002 0.19171825],True,Beta
125566,177,180,labels,4,1-p,4fq2,L,['S' 'Y' 'L' 'S'],0.884025,-0.083725,-0.0138482500333338,0.1295769,0.004093388,0.0043762183249955,[0.769  0.7775 0.9698 1.0198],[-0.0888 -0.0833 -0.084  -0.0788],[-0.011051 -0.011628 -0.020364 -0.01235 ],[0.35368414 0.40986249 0.45071354 0.40396611],[0.45496457 0.45666671 0.46375891 0.44070926],[0.48239388 0.47608722 0.47536556 0.47769612],0.4045565687119961,0.4540248612562816,0.4778856957952182,0.0397784332431086,0.0096595234486525,0.0031593915060458,['-139.2' '-125.2' '-118.2' '-91.4'],['140.2' '134.1' '116.4' '131.0'],['E' 'E' 'E' 'E'],['E' 'E' 'E' 'E'],-2.275,-31.5,0.4193248541803042,14.617341299520463,-2.35,-2.0,[-2.3 -2.7 -2.4 -1.7],[-42 -17 -46 -21],-0.4,-2.0,0.0816496580927726,0.0,-0.4,[-0.3 -0.4 -0.4 -0.5],[-2 -2 -2 -2],-2.225,-25.75,1.2893796958227626,22.51480994071828,-2.8,-29.5,[-3.  -2.7 -2.9 -0.3],[-42 -17 -46   2],-0.375,-10.5,0.1258305739211791,25.0,-0.4,2.0,[-0.4 -0.5 -0.4 -0.2],[  2   2   2 -48],E,1,[0.12943509 0.21495282 0.16267413 0.19537816 0.21879721],True,Beta
126871,378,381,labels,4,1-p,5hbr,C,['T' 'V' 'L' 'Y'],0.9076,-0.059875,-0.0093777498695999,0.12672368,0.0036270986,0.0043704971509367,[1.0417 0.9631 0.8804 0.7452],[-0.0567 -0.0612 -0.0572 -0.0644],[-0.012544 -0.01356  -0.006884 -0.004523],[0.4243265  0.46995002 0.42165522 0.40671884],[0.50744684 0.51411351 0.50865251 0.47794329],[0.48207721 0.48167332 0.48612943 0.47349777],0.4306626444061597,0.5020390351613363,0.4808444331089656,0.0273135139577585,0.0163236029766687,0.0052950134717002,['-114.1' '-105.9' '-115.1' '-134.4'],['121.6' '125.2' '135.4' '128.2'],['E' 'E' 'E' 'E'],['E' 'E' 'E' 'E'],-2.95,-22.5,0.5259911279353168,61.77647880328996,-2.8,-2.0,[-2.9 -2.5 -3.7 -2.7],[-76  31 -76  31],-0.4499999999999999,-2.0,0.0577350269189625,0.0,-0.45,[-0.4 -0.5 -0.5 -0.4],[-2 -2 -2 -2],-2.275,-20.5,1.0719919153924,61.77647880328996,-2.7,-20.5,[-3.  -2.5 -0.7 -2.9],[-74  33 -74  33],-0.45,2.0,0.0577350269189625,0.0,-0.45,2.0,[-0.5 -0.4 -0.4 -0.5],[2 2 2 2],E,1,[0.12657844 0.20958112 0.15723971 0.18875213 0.21267972],True,Beta
126934,6,9,labels,4,1-p,2j0v,B,['F' 'I' 'K' 'C'],0.92219996,-0.052249998,-0.0083052500849589,0.16060689,0.0078002135,0.0016208699102828,[0.9617 0.7087 1.0961 0.9223],[-0.0427 -0.052  -0.0618 -0.0525],[-0.007739 -0.008391 -0.010474 -0.006617],[0.32770431 0.45061582 0.44419823 0.47403839],[0.60368796 0.52730499 0.52035463 0.50496455],[0.48826    0.48522001 0.48584334 0.48037445],0.4241391892234485,0.5390780319770178,0.4849244480331739,0.0655565751140295,0.044073208394716,0.0033045500736585,['-129.2' '-132.2' '-105.9' '-127.1'],['128.9' '130.2' '127.4' '122.1'],['E' 'E' 'E' 'E'],['E' 'E' 'E' 'E'],-1.6749999999999998,23.0,1.5326991442115008,28.867513459481287,-1.65,23.0,[-0.3 -2.9 -0.4 -3.1],[-2 48 -2 48],-0.35,28.25,0.1290994448735805,35.96641952340173,-0.35,[-0.2 -0.4 -0.3 -0.5],[48 -2 69 -2],-2.15,43.25,1.2151817422372124,29.22755549135097,-2.5,50.0,[-0.4 -3.2 -2.6 -2.4],[ 2 50 71 50],-0.55,31.5,0.3872983346207417,35.22782990761707,-0.45,26.0,[-0.2 -0.5 -1.1 -0.4],[50  2 72  2],E,1,[0.11201071 0.17793624 0.13813541 0.16598861 0.1882992 ],True,Beta
127262,20,23,labels,4,1-p,1bm3,H,['L' 'S' 'C' 'A'],0.916675,-0.084750004,-0.0164342501666396,0.13508402,0.004412481,0.00610491823094,[0.9548 0.7308 0.928  1.0531],[-0.0817 -0.0814 -0.0909 -0.085 ],[-0.013121 -0.010525 -0.017626 -0.024465],[0.41652439 0.425711   0.44172238 0.46507981],[0.44843975 0.45815605 0.45581561 0.47872342],[0.47638278 0.47707112 0.4707689  0.46974112],0.4372593959172567,0.4602837065855663,0.4734909782807033,0.0212696961526118,0.0129716751690822,0.0037705482495318,['-90.3' '-127.6' '-132.7' '-94.2'],['151.5' '144.2' '119.4' '112.8'],['E' 'E' 'E' 'E'],['E' 'E' 'E' 'E'],-2.65,21.5,0.1732050807568876,43.3628104870214,-2.6,-2.0,[-2.9 -2.5 -2.6 -2.6],[ 61 -14  57 -18],-0.4,-2.0,0.1154700538379251,0.0,-0.4,[-0.5 -0.3 -0.3 -0.5],[-2 -2 -2 -2],-1.925,21.5,0.5499999999999999,43.3628104870214,-1.95,21.5,[-2.4 -1.5 -2.4 -1.4],[ 61 -14  57 -18],-0.425,15.25,0.2217355782608344,26.5,-0.4,2.0,[-0.3 -0.5 -0.7 -0.2],[ 2  2  2 55],E,1,[0.12902599 0.21625472 0.15955738 0.19159861 0.21688422],True,Beta
127705,20,23,labels,4,1-p,1i8k,A,['T' 'I' 'R' 'C'],0.87152505,-0.057825,-0.0058477498823776,0.13454285,0.008980117,0.0012319262656144,[0.9743 0.8883 0.677  0.9465],[-0.0476 -0.053  -0.066  -0.0647],[-0.004713 -0.004851 -0.006906 -0.006921],[0.44035419 0.41365767 0.40912951 0.39486096],[0.50921987 0.52014187 0.50801421 0.47815605],[0.48715723 0.49084999 0.48962333 0.48495222],0.4145005817214648,0.5038830017050108,0.4881456916530927,0.0190059859944907,0.0179979253219246,0.0026250057564543,['-126.7' '-130.6' '-124.2' '-145.7'],['127.6' '142.8' '155.4' '118.8'],['E' 'E' 'E' 'E'],['E' 'E' 'E' 'E'],-2.125,20.75,1.187083260208258,34.22839951463307,-2.5,-2.0,[-0.4 -2.6 -3.1 -2.4],[ -2  52 -15  48],-0.325,12.0,0.0957427107756338,28.0,-0.35,[-0.2 -0.4 -0.4 -0.3],[54 -2 -2 -2],-1.825,21.75,0.9945685831890462,33.39036787258665,-2.1,25.0,[-0.4 -2.7 -2.  -2.2],[  2  52 -15  48],-0.3,15.0,0.0816496580927726,26.0,-0.3,2.0,[-0.2 -0.3 -0.3 -0.4],[54  2  2  2],E,1,[0.12687203 0.2089862  0.16043094 0.19222701 0.21542398],True,Beta
129601,515,518,labels,4,1-p,3m49,A,['T' 'A' 'L' 'V'],0.9921,-0.091675,-0.0201155000831931,0.17212047,0.009212083,0.0033784466973892,[0.738  1.0434 1.0699 1.1171],[-0.0997 -0.0996 -0.084  -0.0834],[-0.02018  -0.021328 -0.023474 -0.01548 ],[0.43061379 0.46442831 0.52617725 0.43647757],[0.41063832 0.43737591 0.44893619 0.43219861],[0.45757056 0.46389889 0.46650999 0.4758572 ],0.4644242264330387,0.4322872608900071,0.4659591590364774,0.0437325099566846,0.0160391786500196,0.007591395564893,['-127.4' '-101.2' '-95.5' '-109.3'],['124.7' '117.4' '121.7' '116.9'],['E' 'E' 'E' 'E'],['E' 'E' 'E' 'E'],-2.95,-42.5,0.3415650255319866,19.05255888325765,-2.9,-2.0,[-2.6 -3.4 -3.  -2.8],[-59 -26 -59 -26],-0.45,-8.0,0.1914854215512676,12.0,-0.5,[-0.2 -0.4 -0.6 -0.6],[-26  -2  -2  -2],-2.0500000000000003,-34.0,1.173314393786536,28.600699292150185,-2.55,-40.5,[-2.8 -2.6 -2.5 -0.3],[-57 -24 -57   2],-0.4999999999999999,-12.75,0.1999999999999999,29.5,-0.6,2.0,[-0.6 -0.6 -0.6 -0.2],[  2   2   2 -57],E,1,[0.10533531 0.16572616 0.12567847 0.14994057 0.17223416],True,Beta
130444,3,6,labels,4,1-p,8ryp,D,['Q' 'E' 'V' 'T'],0.935525,-0.05365,-0.0121272502001374,0.11727047,0.00866891,0.0108480998788189,[1.0166 0.9223 1.0285 0.7747],[-0.0655 -0.0451 -0.0538 -0.0502],[-0.027929 -0.005138 -0.01052  -0.004922],[0.44888926 0.483339   0.4439376  0.40142513],[0.50191493 0.52170216 0.53255322 0.50631207],[0.46611333 0.47578499 0.48856666 0.48126944],0.4443977475166321,0.5156205942233404,0.4779336030284564,0.0335829929475013,0.01412082362424,0.0094608855546857,['-75.7' '-126.6' '-105.0' '-128.7'],['117.3' '126.0' '125.9' '139.7'],['' '' 'E' 'E'],['P' '' 'E' 'E'],-0.975,28.5,1.0874281585465773,48.03123983409131,-0.5,11.0,[-0.3 -0.5 -0.5 -2.6],[-2 -2 99 19],-0.275,29.75,0.206155281280883,47.76592230171352,-0.25,[-0.1 -0.1 -0.4 -0.5],[24 99 -2 -2],-1.15,11.5,1.2069244660154448,11.090536506409418,-0.7,10.5,[-0.4 -1.  -0.3 -2.9],[ 2 23  2 19],-0.3249999999999999,26.0,0.1707825127659933,50.0199960015992,-0.35,2.0,[-0.1 -0.5 -0.3 -0.4],[ -1   2 101   2],,1,[0.11175437 0.17695478 0.13697691 0.16425622 0.18584236],True,Beta
136787,156,159,labels,4,1-p,3zja,A,['A' 'V' 'K' 'L'],0.91245,-0.097475,-0.015663749538362,0.16339247,0.0062579964,0.0032161720047433,[0.964  0.672  0.9771 1.0367],[-0.1057 -0.0905 -0.0973 -0.0964],[-0.017682 -0.010876 -0.017365 -0.016732],[0.37953368 0.42562957 0.43747117 0.45709857],[0.40631209 0.43014189 0.43673764 0.41865252],[0.47130334 0.47448723 0.47501498 0.45989165],0.4249332472681999,0.4229610338807106,0.4701743001739185,0.0329313096622533,0.0133804592602195,0.0070484334399453,['-83.3' '-134.4' '-103.2' '-116.6'],['138.0' '139.4' '127.5' '95.5'],['E' 'E' 'E' 'E'],['E' 'E' 'E' 'E'],-1.5,-8.0,1.2701705922171769,7.118052168020874,-1.5,-6.0,[-0.4 -2.6 -0.4 -2.6],[ -2 -12  -2 -16],-0.3,-7.0,0.1414213562373095,6.0,-0.25,[-0.2 -0.3 -0.2 -0.5],[-10  -2 -14  -2],-1.35,-10.0,1.2151817422372122,8.16496580927726,-1.4,-13.0,[-0.4 -2.4 -0.2 -2.4],[  2 -12 -14 -16],-0.25,-52.0,0.1732050807568877,55.641710972974224,-0.2,-55.0,[-0.2 -0.5 -0.1 -0.2],[ -10    2 -100 -100],E,1,[0.10787807 0.1687134  0.13367272 0.1607215  0.18214024],True,Beta
138755,154,157,labels,4,1-p,4n0n,A,['E' 'Y' 'V' 'E'],0.897475,-0.0875,-0.016984750283882,0.15841003,0.0061160983,0.0050336721703617,[0.7622 0.7642 0.992  1.0715],[-0.0945 -0.08   -0.0896 -0.0859],[-0.018006 -0.009851 -0.021684 -0.018398],[0.33742841 0.41020454 0.46058423 0.47661193],[0.54780144 0.45099293 0.45709223 0.44631208],[0.49683279 0.47247723 0.47225945 0.46919501],0.4212072789669038,0.4755496705571811,0.4776911189158758,0.0626103802114025,0.0483696402713286,0.0128488009977286,['-125.0' '-122.7' '-117.6' '-73.2'],['140.3' '131.6' '110.6' '130.8'],['E' 'E' 'E' 'E'],['E' 'E' 'E' 'E'],-2.1500000000000004,84.75,1.1030261405182864,59.1178202124086,-2.6500000000000004,64.5,[-2.6 -2.7 -2.8 -0.5],[105 131 105  -2],-0.35,64.5,0.1,76.78758580222022,-0.4,[-0.2 -0.4 -0.4 -0.4],[131  -2  -2 131],-2.75,120.25,0.4509249752822893,15.305227865013968,-2.75,120.0,[-3.3 -2.8 -2.2 -2.7],[107 133 107 134],-0.375,28.25,0.1258305739211791,52.5,-0.4,2.0,[-0.4 -0.5 -0.4 -0.2],[  2   2   2 107],E,1,[0.12754946 0.21213756 0.15924913 0.19173864 0.21631851],True,Beta
139908,18,23,labels,6,1-p,7w7q,A,['L' 'R' 'L' 'S' 'C' 'A'],0.8784,-0.08293333,-0.014976333361119,0.13466765,0.0067342906,0.004308605208867,[0.656  0.9246 0.9374 0.7761 1.011  0.9653],[-0.078  -0.0926 -0.0827 -0.0831 -0.0876 -0.0736],[-0.009302 -0.018694 -0.012464 -0.011762 -0.018252 -0.019384],[0.36427154 0.41013939 0.42970164 0.44377473 0.44831918 0.44998059],[0.45503548 0.4586525  0.45503549 0.4585816  0.46503551 0.4888653 ],[0.47945999 0.47752222 0.47615556 0.47640111 0.47255666 0.4733661 ],0.424364510509703,0.4635343104600908,0.4759102745188607,0.0330114218586594,0.0129362595081794,0.002577576233835,['-145.2' '-126.6' '-91.1' '-126.2' '-125.2' '-95.7'],['158.0' '115.4' '144.1' '146.1' '112.4' '123.8'],['E' 'E' 'E' 'E' 'E' 'E'],['E' 'E' 'E' 'E' 'E' 'E'],-2.033333333333333,23.33333333333333,1.001332445627658,41.39887277048333,-2.2,-2.0,[-1.7 -0.3 -2.8 -1.8 -3.  -2.6],[ 65 -11  61 -14  57 -18],-0.3999999999999999,-2.0,0.0894427190999916,0.0,-0.4,[-0.3 -0.3 -0.5 -0.4 -0.4 -0.5],[-2 -2 -2 -2 -2 -2],-2.1666666666666665,25.5,0.9521904571390466,39.54111783953509,-2.4000000000000004,29.5,[-3.  -0.4 -2.7 -2.1 -2.8 -2. ],[ 65   2  61 -14  57 -18],-0.3999999999999999,12.166666666666666,0.1264911064067351,24.903145718295647,-0.45,2.0,[-0.5 -0.2 -0.4 -0.5 -0.5 -0.3],[ 2 63  2  2  2  2],E,1,[0.13392846 0.22613505 0.16885421 0.20372371 0.22869253],True,Beta
140553,30,33,labels,4,1-p,7e2q,B,['A' 'C' 'V' 'V'],0.88285005,-0.069375,-0.0089084998471662,0.09503126,0.00355188,0.0015506111416523,[0.9346 0.7405 0.9233 0.933 ],[-0.0737 -0.065  -0.0694 -0.0694],[-0.007017 -0.008285 -0.010371 -0.009961],[0.36563976 0.42323519 0.42297458 0.44608768],[0.45014188 0.49070925 0.4937589  0.461844  ],[0.48251169 0.48573724 0.48410167 0.48066   ],0.4144842997193337,0.4741135040918987,0.48325265198946,0.0343182450031911,0.0214983704186313,0.0021729318256991,['-113.9' '-132.5' '-124.1' '-113.0'],['143.9' '141.0' '126.8' '128.2'],['E' 'E' 'E' 'E'],['E' 'E' 'E' 'E'],-2.725,-2.0,0.298607881119482,14.047538337136986,-2.8,-2.0,[-2.3 -2.8 -2.8 -3. ],[-12  12 -16   8],-0.4,-2.0,0.0,0.0,-0.4,[-0.4 -0.4 -0.4 -0.4],[-2 -2 -2 -2],-2.25,-2.0,0.2380476142847616,14.047538337136986,-2.25,-2.0,[-2.  -2.4 -2.1 -2.5],[-12  12 -16   8],-0.425,2.0,0.0499999999999999,0.0,-0.4,2.0,[-0.4 -0.4 -0.5 -0.4],[2 2 2 2],E,1,[0.13927038 0.23853052 0.17515951 0.21074906 0.23629052],True,Beta
141977,19,22,labels,4,1-p,6b0g,D,['K' 'V' 'S' 'C'],0.88835,-0.080125004,-0.0118047499563544,0.11582,0.0019311048,0.0009509623428705,[0.9649 0.9532 0.7172 0.9181],[-0.079  -0.078  -0.082  -0.0815],[-0.012212 -0.011609 -0.010584 -0.012814],[0.4227954  0.42924556 0.42162263 0.40999278],[0.45468087 0.46879435 0.46702131 0.47042557],[0.47921611 0.48088611 0.48055168 0.47676834],0.4209140961368879,0.4652305220564207,0.4793555612365405,0.0080151879718765,0.0071691791591547,0.0018696186094006,['-118.4' '-111.5' '-111.6' '-151.7'],['120.7' '132.9' '163.0' '105.9'],['E' 'E' 'E' 'E'],['E' 'E' 'E' 'E'],-1.375,28.5,1.212091855705114,35.25620512760839,-1.05,28.5,[-0.4 -3.  -0.5 -1.6],[-2 61 -2 57],-0.3,29.5,0.1414213562373095,36.40970566575164,-0.25,[-0.2 -0.5 -0.2 -0.3],[63 -2 59 -2],-1.825,26.5,1.004572877727976,38.12698082285912,-2.05,29.5,[-0.5 -2.5 -1.6 -2.7],[  2  61 -14  57],-0.325,17.25,0.1258305739211791,30.5,-0.3,2.0,[-0.2 -0.3 -0.3 -0.5],[63  2  2  2],E,1,[0.13577886 0.23022167 0.17028294 0.20454014 0.22942702],True,Beta
142736,217,220,labels,4,l3(10),1j20,A,['E' 'V' 'E' 'F'],0.852675,-0.083725,-0.0130100001115351,0.020347204,0.0045587826,0.0024062036050834,[0.8426 0.8731 0.8658 0.8292],[-0.0897 -0.0846 -0.0814 -0.0792],[-0.012484 -0.013929 -0.015657 -0.00997 ],[0.38929036 0.42048246 0.41829983 0.35458001],[0.46007097 0.45695039 0.46439719 0.4880142 ],[0.48181831 0.47662776 0.47802443 0.46723889],0.3956631645560265,0.4673581868410111,0.4759273479382198,0.0308591135395844,0.0141051326196774,0.0061935719872835,['-118.1' '-128.2' '-98.1' '-116.1'],['138.6' '123.9' '135.8' '143.9'],['E' 'E' 'E' 'E'],['E' 'E' 'E' 'E'],-1.975,60.0,1.1757976016304847,65.96463699084028,-2.3,-2.0,[-0.3 -2.5 -2.1 -3. ],[ -2 119   8 115],-0.375,28.75,0.1258305739211791,61.5,-0.4,[-0.2 -0.4 -0.5 -0.4],[121  -2  -2  -2],-2.45,63.25,0.5744562646538027,62.12017922275069,-2.7,63.5,[-2.8 -2.6 -2.8 -1.6],[ 12 119   7 115],-0.65,3.5,0.4358898943540674,3.0,-0.45,2.0,[-0.5 -0.4 -1.3 -0.4],[2 2 8 2],E,1,[0.13866627 0.23505409 0.17708605 0.21277174 0.23642185],True,Beta
144690,5,9,labels,5,1-p,4e08,B,['A' 'L' 'V' 'I' 'L'],1.01198,-0.08746,-0.017586800083518,0.18318132,0.0048762704,0.0062314665824795,[0.6919 1.1329 1.1037 1.0272 1.1042],[-0.0934 -0.0865 -0.0884 -0.089  -0.08  ],[-0.013187 -0.016594 -0.021763 -0.025837 -0.010553],[0.39280866 0.47700288 0.53161754 0.52694279 0.43263353],[0.42687946 0.44801421 0.45113478 0.4557447  0.41787237],[0.47727056 0.47136446 0.46433667 0.46769277 0.47238055],0.4722010791301727,0.4399291038513184,0.4706090033054352,0.0600391041246774,0.0165670017727521,0.0048972439457975,['-135.5' '-93.1' '-107.3' '-88.3' '-101.4'],['129.7' '119.0' '119.8' '116.9' '115.8'],['E' 'E' 'E' 'E' 'E'],['E' 'E' 'E' 'E' 'E'],-2.52,40.0,0.4549725266430931,19.170289512680814,-2.4,-2.0,[-2.3 -3.2 -2.7 -2.  -2.4],[26 61 26 61 26],-0.5,-2.0,0.1414213562373095,0.0,-0.6,[-0.3 -0.4 -0.6 -0.6 -0.6],[-2 -2 -2 -2 -2],-2.44,29.8,1.0430723848324237,21.70714168194422,-2.7,28.0,[-2.8 -3.5 -2.7 -0.7 -2.5],[28 63 28  2 28],-0.4199999999999999,16.4,0.2489979919597746,20.94755355644186,-0.6,2.0,[-0.6 -0.6 -0.6 -0.2 -0.1],[ 2  2  2 28 48],E,1,[0.11523263 0.1886761  0.13622734 0.16285927 0.18781349],True,Beta
145863,28,31,labels,4,l3(10),6czh,A,['M' 'H' 'F' 'Q'],0.838225,-0.090124995,-0.0164050001185387,0.035625882,0.0073350198,0.0062118517597868,[0.7963 0.8502 0.8802 0.8262],[-0.0969 -0.0845 -0.0831 -0.096 ],[-0.014784 -0.014874 -0.010707 -0.025255],[0.3375913  0.41155648 0.41642669 0.44170612],[0.39226953 0.45070925 0.45134755 0.46716316],[0.47408942 0.47757499 0.47175778 0.47540111],0.4018201480309169,0.4403723726669948,0.474705827732881,0.0448121372394071,0.0329592422712213,0.0024349182250936,['-126.4' '-124.8' '-112.9' '-120.8'],['139.8' '126.4' '130.3' '116.5'],['E' 'E' 'E' 'E'],['E' 'E' 'E' 'E'],-2.55,-4.0,0.2516611478423582,16.32993161855452,-2.6,-2.0,[-2.2 -2.6 -2.6 -2.8],[-16  12 -20   8],-0.375,-2.0,0.05,0.0,-0.4,[-0.3 -0.4 -0.4 -0.4],[-2 -2 -2 -2],-2.425,-4.0,0.5852349955359812,16.32993161855452,-2.55,-4.0,[-2.9 -1.7 -2.2 -2.9],[-16  12 -20   8],-0.25,3.0,0.1914854215512676,5.033222956847166,-0.3,2.0,[-0.4 -0.4 -0.2 -0. ],[ 2  2 10 -2],E,1,[0.12829276 0.20990775 0.16506161 0.19826681 0.21927359],True,Beta
146224,1235,1240,labels,6,l3(10),9mwz,A,['V' 'T' 'V' 'R' 'V' 'Y'],0.8517166,-0.071033336,-0.0102105000987648,0.031994462,0.0036384985,0.0011127912017301,[0.8463 0.8726 0.8786 0.8497 0.871  0.7921],[-0.0742 -0.0708 -0.0646 -0.0698 -0.0744 -0.0724],[-0.01068  -0.010459 -0.008723 -0.010939 -0.011489 -0.008973],[0.43527224 0.42308859 0.42364239 0.42338178 0.4092924  0.39572425],[0.45638299 0.4896454  0.49276598 0.4902128  0.48468088 0.48773052],[0.47536222 0.48341001 0.48326612 0.48269389 0.48255499 0.48483165],0.4184002727270126,0.483569762772984,0.4820198135243522,0.0138281894471595,0.0135888255638117,0.0033602581871881,['-110.7' '-120.8' '-112.5' '-117.3' '-112.8' '-116.4'],['133.4' '128.8' '129.6' '133.2' '132.0' '143.2'],['E' 'E' 'E' 'E' 'E' 'E'],['E' 'E' 'E' 'E' 'E' 'E'],-2.733333333333334,-140.5,0.1211060141638995,27.075819470516493,-2.8,-2.0,[-2.8 -2.7 -2.8 -2.8 -2.5 -2.8],[-161 -112 -165 -116 -169 -120],-0.4166666666666667,-2.0,0.0408248290463862,0.0,-0.4,[-0.5 -0.4 -0.4 -0.4 -0.4 -0.4],[-2 -2 -2 -2 -2 -2],-2.4833333333333334,-140.66666666666666,0.2228601953392903,27.28858125052797,-2.4,-140.5,[-2.4 -2.2 -2.4 -2.7 -2.8 -2.4],[-161 -112 -165 -116 -170 -120],-0.5833333333333334,-26.5,0.4490731195102493,69.81045766932057,-0.4,2.0,[-0.4 -0.4 -0.4 -0.4 -1.5 -0.4],[   2    2    2    2 -169    2],E,1,[0.13741519 0.2320606  0.17558706 0.21117511 0.23456621],True,Beta
147414,232,235,labels,4,1-p,3ist,A,['E' 'H' 'R' 'F'],0.96995,-0.068425,-0.0103357499465346,0.18353502,0.00838744,0.0028764591453766,[1.2035 1.0046 0.7675 0.9042],[-0.0673 -0.0742 -0.0752 -0.057 ],[-0.00845  -0.013892 -0.011401 -0.0076  ],[0.50392744 0.48467466 0.43592377 0.40554608],[0.46035464 0.48460996 0.49191492 0.5180142 ],[0.47135    0.48125389 0.48172611 0.48787055],0.4575179864962896,0.4887234295407931,0.4805501401424408,0.0449396333067188,0.0237335489689897,0.0068339625621799,['-129.1' '-70.9' '-138.2' '-114.5'],['83.9' '154.2' '130.4' '138.5'],['' '' 'E' 'E'],['' 'P' 'E' 'E'],-1.375,-46.25,1.184271928232701,105.82493404990464,-1.4,-2.5,[-0.3 -0.4 -2.4 -2.4],[  -2   -2 -204   23],-0.15,-52.75,0.1732050807568877,100.834435255687,-0.1,[-0.  -0.1 -0.1 -0.4],[  -3 -204   -2   -2],-1.375,-43.25,1.3073510112692257,106.38726427538214,-1.4,2.0,[-0.1 -0.4 -2.6 -2.4],[   2    2 -202   25],-0.275,-100.25,0.15,118.06883585434387,-0.3,-100.0,[-0.1 -0.2 -0.4 -0.4],[-203 -202    2    2],,1,[0.12099595 0.19889483 0.14597846 0.17427433 0.19839533],True,Beta
148375,186,189,labels,4,1-p,3cvi,H,['S' 'S' 'V' 'T'],0.771425,-0.076275,-0.0088802500395104,0.099887855,0.0061635347,0.0023170683857175,[0.7178 0.7146 0.7325 0.9208],[-0.0852 -0.0749 -0.0711 -0.0739],[-0.009985 -0.007359 -0.011587 -0.00659 ],[0.33522952 0.35262542 0.38569066 0.33391015],[0.46226952 0.47432626 0.48234046 0.4441135 ],[0.48492166 0.48392722 0.48581333 0.48560943],0.3518639355897904,0.4657624363899231,0.4850679114460946,0.0241099531333356,0.0166237438620563,0.0008507757000549,['-146.3' '-118.7' '-145.3' '-115.0'],['138.7' '157.9' '136.5' '130.3'],['E' 'E' 'E' 'E'],['E' 'E' 'E' 'E'],-2.1750000000000003,-29.5,0.6344288770224761,13.47837774610382,-2.2,-2.0,[-2.  -2.9 -2.4 -1.4],[-39 -16 -43 -20],-0.3,-2.0,0.0,0.0,-0.3,[-0.3 -0.3 -0.3 -0.3],[-2 -2 -2 -2],-1.95,-35.75,1.2922847983320085,13.400870618483465,-2.15,-41.0,[-2.  -2.3 -3.3 -0.2],[-39 -16 -43 -45],-0.325,-3.5,0.1258305739211791,11.0,-0.3,2.0,[-0.3 -0.3 -0.5 -0.2],[  2   2   2 -20],E,1,[0.08547697 0.11884832 0.11449661 0.13864083 0.15130829],True,Beta
150134,261,265,labels,5,1-p,4m9d,B,['V' 'V' 'G' 'V' 'C'],0.9755799,-0.086940005,-0.0183167995885014,0.15833567,0.008941922,0.0057338062981538,[0.9732 1.0008 1.1267 1.0642 0.713 ],[-0.0798 -0.081  -0.0946 -0.0807 -0.0986],[-0.017071 -0.021525 -0.026421 -0.014571 -0.011996],[0.37358845 0.50505132 0.51987369 0.47299596 0.42813798],[0.53078017 0.45716315 0.45652484 0.44404257 0.4157447 ],[0.47303277 0.46387944 0.46526832 0.47056221 0.45117832],0.4599294801553091,0.4608510851860047,0.4647842129071554,0.0597191226278733,0.0425426420696231,0.0084793459054117,['-126.6' '-92.6' '-92.9' '-97.1' '-123.3'],['113.2' '118.4' '121.4' '124.8' '137.1'],['E' 'E' 'E' 'E' 'E'],['E' 'E' 'E' 'E' 'E'],-2.62,-78.4,1.3065221008463654,165.1190479623717,-3.1,-2.0,[-0.3 -3.3 -3.4 -3.1 -3. ],[  -2 -257   62 -257   62],-0.48,-53.0,0.1643167672515498,114.03946685248928,-0.5,[-0.2 -0.5 -0.6 -0.6 -0.5],[-257   -2   -2   -2   -2],-2.66,-63.8,0.260768096208106,174.5413991006145,-2.7,63.0,[-2.4 -2.8 -2.7 -2.4 -3. ],[  63 -255   64 -255   64],-0.72,14.4,0.6760177512462228,27.7272429209974,-0.5,2.0,[-1.9 -0.6 -0.5 -0.4 -0.2],[64  2  2  2  2],E,1,[0.11433814 0.1833471  0.13766391 0.1637694  0.18603104],True,Beta
154361,36,39,labels,4,1-p,6swt,B,['K' 'E' 'Q' 'H'],0.865975,-0.066250004,-0.0107112498953938,0.1795724,0.009060722,0.0027826630658014,[0.9216 0.721  1.0959 0.7254],[-0.0732 -0.0661 -0.0722 -0.0535],[-0.01311  -0.009761 -0.012773 -0.007201],[0.3709986  0.4460551  0.41409746 0.42649285],[0.47631208 0.4882979  0.50226954 0.5156738 ],[0.4823911  0.48019777 0.48348056 0.48531223],0.414411003390948,0.4956383282939593,0.4828454156716665,0.0317912730341052,0.0170565591134501,0.0021373695811601,['-119.2' '-116.7' '-121.4' '-112.9'],['138.2' '137.3' '129.7' '140.6'],['E' 'E' 'E' 'E'],['E' 'E' 'E' 'E'],-1.225,5.5,0.9535023160258536,8.812869377601524,-1.2,3.5,[-2.  -0.4 -2.1 -0.4],[15 -2 11 -2],-0.275,4.5,0.0957427107756338,7.681145747868608,-0.25,[-0.3 -0.2 -0.4 -0.2],[-2 13 -2  9],-1.6,7.5,1.449137674618944,6.557438524302,-1.55,6.5,[-3.  -0.4 -2.7 -0.3],[15  2 11  2],-0.3,6.5,0.1154700538379251,5.446711546122731,-0.3,5.5,[-0.4 -0.2 -0.4 -0.2],[ 2 13  2  9],E,1,[0.1367945  0.23171017 0.17353767 0.2088238  0.23318136],True,Beta
155262,452,455,labels,4,1-p,6fme,B,['F' 'T' 'W' 'R'],0.913725,-0.0543,-0.0075267498614266,0.1370694,0.00958158,0.003619487923314,[1.0119 0.7138 0.9365 0.9927],[-0.0674 -0.0469 -0.0474 -0.0555],[-0.012344 -0.004382 -0.008241 -0.00514 ],[0.41411372 0.43362711 0.43049976 0.38298679],[0.51092201 0.52361706 0.53205677 0.47737591],[0.48289499 0.48612943 0.49013166 0.48548222],0.4153068463007609,0.5109929392735164,0.4861595729986827,0.0231838021614526,0.0240358252399026,0.002994143710418,['-102.1' '-121.4' '-115.9' '-117.7'],['125.3' '134.3' '132.8' '125.3'],['E' 'E' 'E' 'E'],['E' 'E' 'E' 'E'],-2.8,-2.5,0.4396968652757639,13.47837774610382,-2.8,-2.0,[-3.  -3.3 -2.6 -2.3],[ 11 -12   7 -16],-0.4499999999999999,-2.0,0.0577350269189625,0.0,-0.45,[-0.5 -0.5 -0.4 -0.4],[-2 -2 -2 -2],-2.375,-2.5,0.1707825127659933,13.47837774610382,-2.35,-2.5,[-2.6 -2.2 -2.3 -2.4],[ 11 -12   7 -16],-0.375,2.75,0.1258305739211791,1.5,-0.4,2.0,[-0.4 -0.4 -0.5 -0.2],[2 2 2 5],E,1,[0.11387481 0.18092801 0.14103823 0.16922506 0.19077328],True,Beta
155313,113,118,labels,6,1-p,4k4b,D,['V' 'W' 'Q' 'I' 'E' 'I'],0.9113333,-0.07503334,-0.011992833421876,0.096226014,0.00911782,0.0025498893925705,[0.966  0.7217 0.9553 0.9084 0.9806 0.936 ],[-0.0687 -0.0718 -0.0815 -0.0635 -0.0759 -0.0888],[-0.011612 -0.009069 -0.01346  -0.009004 -0.015142 -0.01367 ],[0.36467874 0.43049976 0.4211177  0.46328812 0.46014448 0.41049774],[0.47872344 0.4808511  0.48453905 0.48163124 0.47645393 0.42659577],[0.48086944 0.48103278 0.48248167 0.47910778 0.47899111 0.47657166],0.4250377582179176,0.4714657548401091,0.4798424061801699,0.0363191280307733,0.0221504156168119,0.0020687998206028,['-126.5' '-119.9' '-109.3' '-122.0' '-106.5' '-116.9'],['125.3' '139.1' '134.3' '121.4' '132.8' '119.9'],['E' 'E' 'E' 'E' 'E' 'E'],['E' 'E' 'E' 'E' 'E' 'E'],-2.816666666666667,0.6666666666666666,0.43089055068157,14.038043548396146,-2.7,-2.0,[-2.5 -3.5 -2.9 -2.5 -2.4 -3.1],[ -7  17 -12  13 -16   9],-0.4166666666666667,-2.0,0.0752772652709081,0.0,-0.4,[-0.3 -0.4 -0.4 -0.5 -0.5 -0.4],[-2 -2 -2 -2 -2 -2],-2.95,0.3333333333333333,0.4135214625627066,14.038043548396146,-2.95,0.0,[-3.4 -3.1 -2.5 -2.5 -2.8 -3.4],[ -8  17 -12  13 -16   8],-0.95,1.6666666666666667,0.7395944834840238,5.08592829940284,-0.5,2.0,[-2.  -0.5 -0.5 -0.4 -0.5 -1.8],[-7  2  2  2  2  9],E,1,[0.13860608 0.23758185 0.17184637 0.20530336 0.23106858],True,Beta
163327,142,145,labels,4,1-p,3mff,B,['T' 'L' 'V' 'C'],0.903075,-0.08895,-0.015634749783203,0.10785622,0.009931934,0.0024805546109711,[0.9465 0.9923 0.7466 0.9269],[-0.0832 -0.1004 -0.0937 -0.0785],[-0.015387 -0.018568 -0.016051 -0.012533],[0.45711485 0.43740599 0.4342135  0.41421147],[0.44595748 0.44163124 0.44496457 0.48617025],[0.47161278 0.47221889 0.47380443 0.47923832],0.4357364525397619,0.4546808848778407,0.4742186069488526,0.0175638571382119,0.0210742981046437,0.0034717077183103,['-107.4' '-88.4' '-122.2' '-108.0'],['116.8' '149.2' '135.8' '132.7'],['E' 'E' 'E' 'E'],['E' 'E' 'E' 'E'],-2.1,20.0,1.3832329280830953,34.009802508492555,-2.25,-2.0,[-0.4 -3.5 -1.6 -2.9],[ -2  51 -16  47],-0.375,11.75,0.1707825127659933,27.5,-0.35,[-0.2 -0.6 -0.3 -0.4],[53 -2 -2 -2],-2.025,17.75,1.2919623317522329,36.17895336610315,-2.2,18.0,[-0.3 -2.4 -3.4 -2. ],[-11  51 -16  47],-0.4,2.0,0.0816496580927726,0.0,-0.4,2.0,[-0.3 -0.4 -0.4 -0.5],[2 2 2 2],E,1,[0.1263203  0.2090508  0.15726994 0.18923058 0.21322007],True,Beta
165039,232,235,labels,4,l3(10),5ccb,A,['E' 'V' 'L' 'P'],0.86425,-0.08985,-0.0153572498820722,0.029250931,0.0062729563,0.0021469053502091,[0.8661 0.8867 0.8224 0.8818],[-0.0847 -0.0858 -0.0985 -0.0904],[-0.013521 -0.013652 -0.017927 -0.016329],[0.3790776  0.41945629 0.42201355 0.43225889],[0.48843973 0.44751775 0.4434752  0.45241136],[0.48439947 0.47494446 0.47338446 0.47601558],0.4132015854120255,0.457961010436217,0.4771859919031462,0.0234122422832813,0.0206450259231536,0.0049288336477194,['-138.9' '-117.5' '-123.4' '-76.8'],['134.1' '134.5' '115.6' '138.3'],['' '' '' ''],['' '' '' 'P'],-0.275,9.0,0.1892969448600091,20.688160865577203,-0.35,18.5,[-0.3 -0.4 -0.4  0. ],[-2 40 -2  0],-0.175,19.25,0.1707825127659933,23.485811319461234,-0.15,[-0.2 -0.4 -0.1  0. ],[42 -2 37  0],-0.3,11.25,0.1154700538379251,18.5,-0.3,2.0,[-0.4 -0.2 -0.2 -0.4],[ 2 39  2  2],-0.125,38.5,0.05,3.1091263510296048,-0.1,38.5,[-0.1 -0.2 -0.1 -0.1],[42 40 37 35],,1,[0.12838172 0.21187391 0.16300876 0.19615782 0.2189104 ],True,Beta
167516,165,168,labels,4,1-p,5m00,G,['K' 'C' 'V' 'L'],0.843175,-0.09225,-0.019538499880582,0.10392732,0.009029767,0.0116357128615406,[0.7551 0.9221 0.9436 0.7519],[-0.1054 -0.0909 -0.0867 -0.086 ],[-0.035912 -0.017027 -0.016832 -0.008383],[0.33029415 0.42688377 0.42636254 0.40851057],[0.35659577 0.43758868 0.45134755 0.45553194],[0.43089112 0.46123834 0.47653223 0.47696166],0.3980127560595671,0.4252659864723683,0.461405838529269,0.0459465623378378,0.0464173950653282,0.0216176449147768,['-46.1' '-127.1' '-92.6' '-111.5'],['127.0' '122.8' '125.2' '159.2'],['P' 'E' 'E' 'E'],['P' 'E' 'E' 'E'],-1.625,8.75,1.600781059358212,7.58836829188814,-1.6,-2.0,[-0.1 -2.8 -0.4 -3.2],[15 13 -2  9],-0.225,1.0,0.1892969448600091,6.683312551921141,-0.15,[-0.1 -0.1 -0.2 -0.5],[-2 -3 11 -2],-1.375,6.5,1.3937359864766352,5.446711546122731,-0.95,5.5,[-0.4 -1.5 -0.3 -3.3],[ 2 13  2  9],-0.3249999999999999,7.5,0.15,6.557438524302,-0.3,6.5,[-0.2 -0.5 -0.2 -0.4],[15  2 11  2],E,1,[0.1275666  0.20939534 0.16379397 0.19694117 0.21917437],True,Beta
168193,43,46,labels,4,l3(10),7kom,A,['A' 'T' 'Q' 'Y'],0.823525,-0.050824996,-0.0100519998231902,0.027857404,0.005235377,0.0029423330171416,[0.833  0.8583 0.8064 0.7964],[-0.0514 -0.0563 -0.0519 -0.0437],[-0.014136 -0.009253 -0.007133 -0.009686],[0.35140378 0.40683286 0.40087135 0.39614774],[0.53765959 0.52510641 0.53056739 0.57205677],[0.49047056 0.48304333 0.48551555 0.49458833],0.3888139327367148,0.5413475384314855,0.4884044428666433,0.0253203944347398,0.0211080065071041,0.0051509355645133,['-90.5' '-127.3' '-120.9' '-126.2'],['139.7' '137.5' '133.6' '139.2'],['' 'E' 'E' 'E'],['P' 'E' 'E' 'E'],-1.3,11.75,1.2516655570345727,9.5,-1.2,-2.0,[-0.1 -2.7 -0.4 -2. ],[19 17 -2 13],-0.25,1.75,0.1290994448735805,8.88350531415762,-0.25,[-0.1 -0.3 -0.2 -0.4],[-4 -2 15 -2],-1.65,8.5,1.46401275039985,7.681145747868608,-1.5,7.5,[-0.4 -2.6 -0.4 -3.2],[ 2 17  2 13],-0.325,9.5,0.15,8.812869377601524,-0.3,8.5,[-0.2 -0.4 -0.2 -0.5],[19  2 15  2],E,1,[0.09965205 0.14868067 0.12944627 0.15612789 0.17376312],True,Beta
170694,230,233,labels,4,1-p,4h0h,B,['Y' 'F' 'C' 'S'],0.83879995,-0.07055,-0.0104049999499693,0.1736351,0.0066264616,0.0034648902131123,[0.926  0.7734 1.0258 0.63  ],[-0.0801 -0.0683 -0.069  -0.0648],[-0.014489 -0.01057  -0.010548 -0.006013],[0.37138952 0.44388873 0.39567537 0.40108308],[0.44468088 0.48411349 0.49496456 0.52985818],[0.46894057 0.48021834 0.48492722 0.49142499],0.4030091762542725,0.4884042789538702,0.4813777779539427,0.0301575614503926,0.0350790053186155,0.0094793367986634,['-100.5' '-117.6' '-94.7' '-150.4'],['128.6' '132.6' '157.7' '155.1'],['E' 'E' 'E' 'E'],['E' 'E' 'E' 'E'],-1.875,-23.0,1.0177589760514685,35.44949458972112,-2.25,-2.0,[-2.6 -2.5 -0.4 -2. ],[ 16 -51  -2 -55],-0.375,-14.75,0.15,25.5,-0.4,[-0.5 -0.5 -0.2 -0.3],[ -2  -2 -53  -2],-2.6,-19.75,0.5597618541248888,38.48268008684773,-2.75,-20.0,[-1.8 -2.8 -3.1 -2.7],[ 16 -51  11 -55],-0.35,2.0,0.0577350269189625,0.0,-0.35,2.0,[-0.4 -0.3 -0.3 -0.4],[2 2 2 2],E,1,[0.12665226 0.20756198 0.16311133 0.19695194 0.21930143],True,Beta
174040,185,189,labels,5,1-p,5nph,H,['S' 'S' 'S' 'V' 'T'],0.77212,-0.0684,-0.0080075999721884,0.108215064,0.006275748,0.0027034977740352,[0.6593 0.7625 0.7274 0.7607 0.9507],[-0.0574 -0.0722 -0.0693 -0.0707 -0.0724],[-0.005963 -0.008292 -0.007199 -0.012534 -0.00605 ],[0.36146995 0.35006814 0.36658447 0.39723905 0.35194129],[0.52758869 0.49723407 0.48780146 0.48765961 0.45560287],[0.49216166 0.48808112 0.48443056 0.48567612 0.48265612],0.3654605805873872,0.4911773403485616,0.4866011162598928,0.0190181344255403,0.0257477356316478,0.0036823897811962,['-139.2' '-143.5' '-115.7' '-140.2' '-114.9'],['157.7' '134.4' '154.9' '135.6' '127.6'],['E' 'E' 'E' 'E' 'E'],['E' 'E' 'E' 'E' 'E'],-1.86,-26.0,0.9476286192385708,14.053469322555197,-2.0,-2.0,[-0.4 -2.  -2.9 -2.4 -1.6],[-12 -39 -16 -43 -20],-0.3,-2.0,0.0,0.0,-0.3,[-0.3 -0.3 -0.3 -0.3 -0.3],[-2 -2 -2 -2 -2],-2.06,-31.0,1.0644247272588137,15.732132722552274,-2.4,-39.0,[-2.5 -2.4 -2.3 -2.9 -0.2],[-12 -39 -16 -43 -45],-0.2799999999999999,1.2,0.1788854381999831,1.788854381999832,-0.3,2.0,[-0.3 -0.3 -0.3 -0.5 -0. ],[ 2  2  2  2 -2],E,1,[0.08812013 0.12252797 0.11730256 0.14010388 0.15146705],True,Beta
177323,23,26,labels,4,1-p,5mft,A,['I' 'D' 'L' 'T'],0.92815006,-0.053099997,-0.0093150002649053,0.19738357,0.008240954,0.0027362484376338,[0.761  1.1567 0.7655 1.0294],[-0.0436 -0.0559 -0.05   -0.0629],[-0.009274 -0.013027 -0.006494 -0.008465],[0.36822959 0.43704766 0.48076546 0.4358912 ],[0.5928369  0.53226952 0.51858157 0.52085108],[0.48806277 0.48400278 0.48445223 0.48506169],0.4304834790527821,0.5411347647507986,0.4853948652744294,0.0464620134578722,0.0349846524267843,0.0018307730653175,['-138.7' '-110.7' '-106.6' '-125.1'],['131.4' '113.2' '140.5' '130.1'],['E' 'E' 'E' 'E'],['E' 'E' 'E' 'E'],-2.775,65.0,0.2872281323269015,60.06662967072483,-2.6500000000000004,-2.0,[-2.7 -2.6 -3.2 -2.6],[117  15 117  11],-0.4249999999999999,-2.0,0.1258305739211791,0.0,-0.4,[-0.3 -0.4 -0.6 -0.4],[-2 -2 -2 -2],-2.7,66.0,0.408248290463863,61.220911460055866,-2.7,67.0,[-2.2 -2.7 -3.2 -2.7],[119  15 119  11],-0.475,2.0,0.0957427107756337,0.0,-0.45,2.0,[-0.6 -0.4 -0.4 -0.5],[2 2 2 2],E,1,[0.11207213 0.17871506 0.13778764 0.16582133 0.1887521 ],True,Beta
178055,113,116,labels,4,1-p,3akm,B,['L' 'V' 'Q' 'T'],1.0406001,-0.070225,-0.0151714999228715,0.18982233,0.00996473,0.0069295982488159,[1.3206 0.9692 0.974  0.8986],[-0.0834 -0.0593 -0.068  -0.0702],[-0.025532 -0.011855 -0.010975 -0.012324],[0.44840061 0.53161753 0.4628809  0.43506047],[0.5657447  0.48886527 0.49822698 0.50865251],[0.47895278 0.47313221 0.48046999 0.48287277],0.4694898786644141,0.5153723632295927,0.478856938580672,0.0429482836668004,0.0345404058552387,0.0041436917712709,['-99.3' '-106.3' '-117.7' '-104.6'],['117.1' '127.0' '125.4' '139.5'],['E' 'E' 'E' 'E'],['E' 'E' 'E' 'E'],-2.8000000000000003,2.0,0.7071067811865476,12.909944487358056,-2.9000000000000004,-2.0,[-1.9 -3.5 -3.2 -2.6],[ 15  -7  11 -11],-0.525,-2.0,0.1707825127659933,0.0,-0.55,[-0.3 -0.7 -0.6 -0.5],[-2 -2 -2 -2],-2.625,2.0,0.6396613687465162,12.909944487358056,-2.65,2.0,[-3.  -2.3 -3.3 -1.9],[ 15  -7  11 -11],-0.475,2.0,0.0957427107756337,0.0,-0.45,2.0,[-0.6 -0.5 -0.4 -0.4],[2 2 2 2],E,1,[0.10005455 0.1551727  0.11699523 0.13910963 0.16018759],True,Beta
178958,307,310,labels,4,l3(10),8gy8,B,['V' 'Y' 'V' 'E'],0.834125,-0.08055,-0.0126044999342411,0.03548392,0.008881629,0.0035860115426871,[0.8316 0.8339 0.8789 0.7921],[-0.0694 -0.0911 -0.0802 -0.0815],[-0.010285 -0.017645 -0.009814 -0.012674],[0.3909029  0.4144395  0.40800563 0.44760249],[0.49780143 0.46758867 0.45900712 0.44276599],[0.48081668 0.47903113 0.47770389 0.46958777],0.4152376279234887,0.4667908052603404,0.4767848675449689,0.0237529110707199,0.0230945377663016,0.0049646743586385,['-135.4' '-94.0' '-130.2' '-122.6'],['129.5' '151.5' '128.5' '130.8'],['E' 'E' 'E' 'E'],['E' 'E' 'E' 'E'],-2.75,8.0,0.2516611478423583,19.697715603592208,-2.8,-2.0,[-2.8 -3.  -2.4 -2.8],[ -7  25 -11  25],-0.375,-2.0,0.05,0.0,-0.4,[-0.4 -0.4 -0.3 -0.4],[-2 -2 -2 -2],-2.625,8.75,0.4573474244670748,21.17191535974013,-2.6,10.0,[-3.2 -2.7 -2.1 -2.5],[ -7  27 -12  27],-0.8250000000000001,-1.25,0.7932002689527194,6.5,-0.5,2.0,[-0.3 -0.4 -2.  -0.6],[  2   2 -11   2],E,1,[0.13351527 0.22300618 0.17236597 0.20807686 0.23111483],True,Beta
180169,346,350,labels,5,1-p,6i96,A,['A' 'P' 'T' 'L' 'A'],0.91590005,-0.0379,-0.005470999982208,0.09785564,0.0075591006,0.0017337428813404,[0.9203 1.0085 0.7714 0.8776 1.0017],[-0.0342 -0.0312 -0.0321 -0.0444 -0.0476],[-0.00673  -0.004647 -0.00286  -0.007095 -0.006023],[0.44577819 0.43981666 0.43286157 0.43175397 0.43931174],[0.56872342 0.56914896 0.56191492 0.55028371 0.53148937],[0.49072002 0.49209057 0.49188778 0.49112333 0.48648944],0.4379044274489085,0.5563120762507122,0.490462229649226,0.0057203992791178,0.0158329299706095,0.0022896625144247,['-133.3' '-91.0' '-138.8' '-132.4' '-122.4'],['102.3' '144.8' '140.6' '131.4' '130.2'],['E' 'E' 'E' 'E' 'E'],['E' 'E' 'E' 'E' 'E'],-2.1,-12.6,1.19582607431014,17.728508115461945,-2.5,-2.0,[-2.6  0.  -2.4 -2.5 -3. ],[-21   0 -25  12 -29],-0.3,-1.6,0.1732050807568877,0.8944271909999161,-0.4,[-0.3  0.  -0.4 -0.4 -0.4],[-2  0 -2 -2 -2],-2.38,-9.4,0.6610597552415363,21.593980642762464,-2.3,-21.0,[-1.6 -2.5 -2.1 -3.4 -2.3],[-21  16 -25  12 -29],-0.4,2.0,0.0,0.0,-0.4,2.0,[-0.4 -0.4 -0.4 -0.4 -0.4],[2 2 2 2 2],E,1,[0.08938307 0.13158213 0.11044748 0.13278388 0.15183743],True,Beta
180554,320,323,labels,4,1-p,6o3p,A,['R' 'V' 'D' 'P'],0.94507504,-0.0982,-0.0215907499659806,0.18093069,0.005824661,0.0061489565171513,[0.6867 1.0506 0.9558 1.0872],[-0.1057 -0.0915 -0.0982 -0.0974],[-0.02084  -0.014513 -0.029513 -0.021497],[0.39549623 0.43866021 0.50389488 0.4622131 ],[0.37992911 0.42879435 0.43468087 0.43950356],[0.4516039  0.46396334 0.46359833 0.46512777],0.4500661045312882,0.4207269723216693,0.4610733340183894,0.0452881576255153,0.027548866233455,0.0063465569034499,['-94.2' '-127.2' '-100.9' '-70.6'],['137.5' '118.7' '110.7' '133.5'],['' '' 'E' 'E'],['P' '' 'E' 'E'],-0.925,5.75,1.5217862311551298,49.20958578705305,-0.25,-1.0,[-0.2 -0.3 -3.2  0. ],[-47  -2  72   0],-0.125,6.75,0.1892969448600091,50.20873098044469,-0.05,[-0.1 -0.  -0.4  0. ],[-46  75  -2   0],-1.4,46.0,1.2727922061357857,34.87119154832539,-1.45,54.0,[-0.4 -0.2 -2.5 -2.5],[ 2 74 74 34],-0.2,-21.75,0.1825741858350553,27.5,-0.2,-20.5,[-0.1 -0.  -0.3 -0.4],[-43 -48   2   2],,1,[0.09986706 0.15286319 0.12178213 0.14620256 0.16684103],True,Beta
183585,91,94,labels,4,1-p,6ihi,B,['V' 'E' 'Q' 'K'],0.85580003,-0.063175,-0.0083562501822598,0.12226497,0.008505831,0.0045664814059212,[0.8883 0.9553 0.902  0.6776],[-0.0655 -0.0676 -0.0506 -0.069 ],[-0.006894 -0.014236 -0.008984 -0.003311],[0.3998126  0.44721155 0.41289211 0.37143839],[0.47808515 0.50801422 0.50553195 0.44390074],[0.47881    0.48327    0.48526055 0.4580061 ],0.4078386649489403,0.4838830158114434,0.4763366629679998,0.0314386130076515,0.0299064576025597,0.0125144403610672,['-108.1' '-129.6' '-88.5' '-149.3'],['127.0' '124.6' '126.2' '133.9'],['' '' '' 'B'],['' '' 'P' 'B'],-0.7250000000000001,11.5,0.6551081335677849,27.0,-0.45,6.5,[-0.3 -0.5 -0.4 -1.7],[-2 -2 -2 52],-0.175,16.75,0.2217355782608345,26.725456029785533,-0.1,[-0.  -0.1 -0.1 -0.5],[ 2 11 56 -2],-0.5,15.0,0.2160246899469286,26.0,-0.45,2.0,[-0.4 -0.5 -0.3 -0.8],[ 2  2  2 54],-0.2,55.75,0.1414213562373095,1.707825127659933,-0.25,55.5,[-0.  -0.3 -0.2 -0.3],[56 58 54 55],,1,[0.12596133 0.20582203 0.16062993 0.19321911 0.21509386],True,Beta
183744,94,97,labels,4,1-p,1nbu,C,['E' 'V' 'A' 'V'],1.06165,-0.0668,-0.0134792502503842,0.1811618,0.0008679473,0.0023978881422896,[0.8926 0.9774 1.0644 1.3122],[-0.0657 -0.0667 -0.0678 -0.067 ],[-0.010613 -0.012547 -0.016068 -0.014689],[0.4051226  0.47796387 0.54630957 0.51936872],[0.46872344 0.49631209 0.4953901  0.52198585],[0.48154612 0.47820667 0.47594223 0.47927001],0.4871911903222402,0.4956028684973718,0.4787412608663242,0.0615109024480524,0.0217494352167457,0.0023286023157505,['-134.8' '-115.7' '-97.7' '-107.1'],['125.4' '115.7' '121.9' '109.6'],['E' 'E' 'E' 'E'],['E' 'E' 'E' 'E'],-2.7,-22.0,0.454606056566195,46.245720522732334,-2.6500000000000004,-2.0,[-2.2 -2.7 -2.6 -3.3],[-60  20 -64  16],-0.4499999999999999,-2.0,0.1290994448735805,0.0,-0.45,[-0.3 -0.4 -0.5 -0.6],[-2 -2 -2 -2],-2.275,-22.0,0.298607881119482,46.245720522732334,-2.3,-22.0,[-2.6 -2.4 -2.2 -1.9],[-60  20 -64  16],-0.525,2.0,0.1707825127659933,0.0,-0.55,2.0,[-0.5 -0.6 -0.7 -0.3],[2 2 2 2],E,1,[0.09558734 0.14570276 0.11093109 0.13171139 0.15135859],True,Beta
184253,51,54,labels,4,1-p,1ozh,B,['I' 'I' 'P' 'V'],0.944575,-0.098775,-0.0203470000997185,0.16802154,0.009907699,0.0023903011795536,[1.017  1.0416 1.0267 0.693 ],[-0.1063 -0.0852 -0.0976 -0.106 ],[-0.021739 -0.017046 -0.020187 -0.022416],[0.46667609 0.50254292 0.44976884 0.41149132],[0.40872343 0.43326245 0.43347521 0.49347521],[0.45581721 0.46723778 0.46686168 0.4606239 ],0.4576197937130929,0.4422340740760168,0.4626351421078047,0.0378134768509376,0.0360824275526851,0.0054643425435092,['-89.9' '-118.1' '-70.9' '-108.7'],['121.9' '101.6' '131.7' '176.0'],['E' 'E' 'E' ''],['E' 'E' 'E' ''],-1.375,-12.0,1.381725973797506,12.727922061357855,-1.35,-2.0,[-0.4 -2.8  0.  -2.3],[ -2 -23   0 -23],-0.25,-6.75,0.2516611478423583,10.874281585465774,-0.2,[-0.2 -0.6  0.  -0.2],[-23  -2   0  -2],-0.5,-9.25,0.6683312551921141,13.573871960498227,-0.2,-9.5,[-0.2 -1.5 -0.2 -0.1],[-21 -21   2   3],-0.125,88.5,0.0957427107756338,205.3135813010593,-0.15,-9.5,[-0.  -0.2 -0.2 -0.1],[-23   2 -21 396],E,1,[0.10019895 0.15330103 0.12223969 0.14671878 0.16713873],True,Beta
185825,11,15,labels,5,1-p,4e5x,H,['C' 'N' 'V' 'T' 'F'],0.80604,-0.0729,-0.0085125999525189,0.1845785,0.009082126,0.0044832706047847,[0.7032 0.917  1.0773 0.6466 0.6861],[-0.0713 -0.0753 -0.0641 -0.0666 -0.0872],[-0.00487  -0.014839 -0.011663 -0.00531  -0.005881],[0.40279337 0.43937688 0.4301577  0.39254802 0.31252361],[0.44787237 0.48886528 0.49219861 0.48375889 0.46843974],[0.47501055 0.48257112 0.48232667 0.48730333 0.48423554],0.3954799175262452,0.4762269755204519,0.4822894414265951,0.0501829727219452,0.0182768570563621,0.0045273969042138,['-126.7' '-122.9' '-108.4' '-119.9' '-127.3'],['143.7' '127.4' '119.9' '155.1' '149.1'],['E' 'E' 'E' 'E' 'E'],['E' 'E' 'E' 'E' 'E'],-1.42,4.0,1.3553597308463905,8.336666000266533,-0.5,9.0,[-0.5 -3.  -0.5 -2.8 -0.3],[-2 15 -2 11 -2],-0.3199999999999999,7.0,0.1788854381999831,8.689073598491383,-0.2,[-0.2 -0.4 -0.2 -0.6 -0.2],[17 -2 13 -2  9],-1.1999999999999995,6.4,1.1489125293076057,6.18869937870632,-0.5,2.0,[-0.5 -2.6 -0.3 -2.3 -0.3],[ 2 15  2 11  2],-0.3,8.6,0.1732050807568877,6.655824516917495,-0.2,9.0,[-0.2 -0.6 -0.2 -0.3 -0.2],[17  2 13  2  9],E,1,[0.10495049 0.15852477 0.13765626 0.1661017  0.18328432],True,Beta
186236,652,655,labels,4,1-p,9bs5,B,['I' 'G' 'C' 'T'],0.84064996,-0.043525,-0.005225250031799,0.09195029,0.008247171,0.0017122503248332,[0.7758 0.7498 0.8987 0.9383],[-0.0447 -0.0354 -0.0395 -0.0545],[-0.004981 -0.003054 -0.00569  -0.007176],[0.39135898 0.39487725 0.42134575 0.38666795],[0.53517734 0.55347522 0.54652486 0.48432628],[0.48919778 0.492375   0.49115554 0.48669333],0.3985624834895134,0.5298759266734123,0.4898554136355719,0.0155566556382072,0.0312889158530856,0.0024812547893641,['-120.5' '-134.8' '-126.3' '-118.3'],['140.3' '142.0' '128.5' '133.1'],['E' 'E' 'E' 'E'],['E' 'E' 'E' 'E'],-2.325,26.0,0.206155281280883,47.3990154609425,-2.3,-2.0,[-2.6 -2.1 -2.3 -2.3],[ 69 -13  65 -17],-0.375,-2.0,0.05,0.0,-0.4,[-0.4 -0.4 -0.3 -0.4],[-2 -2 -2 -2],-2.075,26.0,0.4272001872658765,47.3990154609425,-2.2,26.0,[-2.4 -2.4 -1.5 -2. ],[ 69 -13  65 -17],-0.35,2.0,0.0577350269189625,0.0,-0.35,2.0,[-0.3 -0.4 -0.4 -0.3],[2 2 2 2],E,1,[0.09118487 0.13038993 0.11700684 0.13967097 0.15379427],True,Beta
189846,179,182,labels,4,1-p,7u62,I,['S' 'S' 'V' 'T'],0.7737,-0.076525,-0.0091620000312104,0.13084471,0.0030782858,0.0037672473208523,[0.7713 0.6436 0.7267 0.9532],[-0.0785 -0.0726 -0.0794 -0.0756],[-0.00859  -0.005897 -0.014561 -0.0076  ],[0.32750885 0.34883023 0.37845865 0.33985538],[0.46602838 0.47482271 0.47687945 0.44418442],[0.48640445 0.48386223 0.48441223 0.48334889],0.3486632766822974,0.4654787406325341,0.4845069497823716,0.0217016209937145,0.0149558904274844,0.0013374412128798,['-134.4' '-130.2' '-142.1' '-113.0'],['145.6' '158.4' '138.4' '125.1'],['E' 'E' 'E' 'E'],['E' 'E' 'E' 'E'],-1.95,-29.5,0.7852812659593164,13.47837774610382,-2.05,-2.0,[-2.  -2.8 -2.1 -0.9],[-39 -16 -43 -20],-0.3,-2.0,0.0,0.0,-0.3,[-0.3 -0.3 -0.3 -0.3],[-2 -2 -2 -2],-2.025,-35.75,1.2632629707758134,13.400870618483465,-2.4,-41.0,[-2.3 -2.5 -3.1 -0.2],[-39 -16 -43 -45],-0.275,1.0,0.206155281280883,2.0,-0.3,2.0,[-0.3 -0.3 -0.5 -0. ],[ 2  2  2 -2],E,1,[0.0878749  0.12216162 0.11689046 0.13963231 0.15108813],True,Beta
190014,180,183,labels,4,1-p,3og9,A,['E' 'I' 'Y' 'E'],1.0230501,-0.083299994,-0.0157432497944682,0.13020343,0.0091786,0.0021439354965714,[1.1899 0.8964 0.9474 1.0585],[-0.0952 -0.0738 -0.0851 -0.0791],[-0.015538 -0.01298  -0.018151 -0.016304],[0.43908371 0.49413816 0.47273533 0.45669136],[0.46021279 0.45808514 0.46950358 0.47758869],[0.47929888 0.47407277 0.47364723 0.47284279],0.4656621391574542,0.4663475503524145,0.4749654183785121,0.0234364512897525,0.0089856660037433,0.002933647859292,['-112.7' '-109.6' '-107.3' '-100.9'],['126.2' '122.2' '128.5' '114.3'],['E' 'E' 'E' 'E'],['E' 'E' 'E' 'E'],-1.6,-16.5,1.3114877048604,16.743157806499145,-1.4,-16.5,[-2.3 -0.5 -3.1 -0.5],[-31  -2 -31  -2],-0.325,-16.5,0.15,16.743157806499145,-0.3,[-0.4 -0.2 -0.5 -0.2],[ -2 -31  -2 -31],-1.4,-21.25,1.2516655570345725,15.5,-1.3,-29.0,[-2.8 -0.5 -2.1 -0.2],[-29   2 -29 -29],-0.3749999999999999,-5.75,0.206155281280883,15.5,-0.35,2.0,[-0.5 -0.2 -0.6 -0.2],[  2 -29   2   2],E,1,[0.11467036 0.18658853 0.13508459 0.16129105 0.18517055],True,Beta
190232,289,292,labels,4,l3(10),6jum,A,['A' 'V' 'T' 'V'],0.83085,-0.061274998,-0.0082817500224336,0.036926113,0.0053412695,0.0023569326407475,[0.787  0.8676 0.8543 0.8145],[-0.0548 -0.0672 -0.0636 -0.0595],[-0.008162 -0.011043 -0.008625 -0.005297],[0.42194841 0.40865716 0.41313644 0.41984721],[0.50219861 0.50666669 0.50333334 0.47624115],[0.48177055 0.48453888 0.48613055 0.48436444],0.415897307296594,0.4971099471052488,0.4842011034488678,0.0061171799749942,0.014041166193646,0.0018047284010881,['-115.2' '-118.3' '-117.9' '-128.2'],['135.2' '135.2' '137.4' '133.5'],['E' 'E' 'E' 'E'],['E' 'E' 'E' 'E'],-2.75,29.0,0.4509249752822893,22.06052281036573,-2.9,-2.0,[-3.1 -2.8 -2.1 -3. ],[50 12 46  8],-0.425,-2.0,0.0499999999999999,0.0,-0.4,[-0.5 -0.4 -0.4 -0.4],[-2 -2 -2 -2],-2.4000000000000004,29.0,0.2943920288775949,22.06052281036573,-2.45,29.0,[-2.4 -2.5 -2.  -2.7],[50 12 46  8],-0.4,2.0,0.0,0.0,-0.4,2.0,[-0.4 -0.4 -0.4 -0.4],[2 2 2 2],E,1,[0.11784392 0.18713306 0.1524244  0.18428    0.20442416],True,Beta
190705,535,539,labels,5,1-p,2vk8,C,['M' 'I' 'E' 'V' 'M'],1.0299599,-0.0842,-0.0178849996998906,0.11569591,0.008936722,0.0065801236042066,[0.9684 0.9545 1.2013 0.9288 1.0968],[-0.0773 -0.0752 -0.0975 -0.0878 -0.0832],[-0.010093 -0.016365 -0.024139 -0.025175 -0.013653],[0.40714234 0.50887908 0.50242891 0.52560715 0.40404755],[0.47971634 0.46099294 0.45354614 0.44787237 0.43780145],[0.48181443 0.47189056 0.46351168 0.46501833 0.47641555],0.469621005654335,0.4559858481089274,0.4717301110426585,0.0590666232240046,0.0157373782642432,0.0076854303193946,['-118.4' '-123.0' '-84.6' '-103.8' '-92.7'],['133.7' '110.3' '119.6' '120.2' '116.6'],['E' 'E' 'E' 'E' 'E'],['E' 'E' 'E' 'E' 'E'],-2.68,-44.2,0.3563705936241091,23.552069972722144,-2.8,-2.0,[-2.1 -2.8 -2.9 -3.  -2.6],[-27 -70 -27 -70 -27],-0.5,-2.0,0.0999999999999999,0.0,-0.5,[-0.4 -0.4 -0.5 -0.6 -0.6],[-2 -2 -2 -2 -2],-2.08,-72.0,1.0134100848126588,60.93849358164345,-2.6,-68.0,[-2.2 -2.7 -2.6 -2.6 -0.3],[ -25  -68  -25  -68 -174],-0.5000000000000001,-12.0,0.1732050807568877,31.304951684997057,-0.6,2.0,[-0.5 -0.6 -0.6 -0.6 -0.2],[  2   2   2   2 -68],E,1,[0.10837501 0.17255211 0.12734304 0.15171269 0.17417374],True,Beta
191030,171,174,labels,4,1-p,4ifa,A,['A' 'Q' 'L' 'Y'],1.017125,-0.095625,-0.0233690002933144,0.1815585,0.0062387907,0.0062407780423412,[0.774  1.1918 0.9925 1.1102],[-0.089  -0.1022 -0.0918 -0.0995],[-0.020562 -0.029283 -0.027696 -0.015935],[0.38731949 0.48185678 0.53661804 0.43276383],[0.41709222 0.43758867 0.43014187 0.441844  ],[0.46256947 0.45692168 0.45949223 0.46786666],0.4596395380795003,0.4316666896144549,0.4617125069101652,0.0642178300489564,0.0108533801696592,0.0047077831336864,['-128.6' '-94.0' '-104.4' '-87.2'],['121.0' '123.1' '105.3' '122.8'],['E' 'E' 'E' 'E'],['E' 'E' 'E' 'E'],-2.55,1.5,0.3316624790355398,12.342339054382412,-2.65,-2.0,[-2.5 -2.8 -2.8 -2.1],[ -7  14 -11  10],-0.5249999999999999,-2.0,0.2217355782608345,0.0,-0.5,[-0.3 -0.4 -0.6 -0.8],[-2 -2 -2 -2],-2.2,4.5,1.1803954139750517,9.1104335791443,-2.55,5.5,[-2.4 -2.7 -0.5 -3.2],[-7 14  2  9],-0.7749999999999999,6.5,0.5439056290693574,5.259911279353167,-0.7,6.0,[-0.6 -0.8 -0.2 -1.5],[ 2  2 12 10],E,1,[0.09553072 0.14450282 0.11292213 0.13376289 0.15308728],True,Beta
191124,156,161,labels,6,1-p,2wn3,B,['S' 'S' 'V' 'T' 'Q' 'V'],0.8557833,-0.06758333,-0.0097796666280676,0.14041626,0.0086430125,0.0025856021832015,[0.9013 0.6931 1.0568 0.6936 0.9065 0.8834],[-0.0791 -0.0632 -0.0751 -0.0588 -0.0706 -0.0587],[-0.010565 -0.007093 -0.01238  -0.006022 -0.011436 -0.011182],[0.38907863 0.43183541 0.39800461 0.43276383 0.40451993 0.43530481],[0.45921989 0.4841135  0.49851067 0.49326243 0.50489365 0.5004965 ],[0.48003055 0.48331221 0.4858361  0.48342333 0.48408889 0.48103388],0.4152512037091785,0.490082773897383,0.4829541593790055,0.020403354843735,0.0167158423181558,0.0021060144432122,['-123.2' '-114.3' '-128.6' '-123.8' '-123.7' '-105.0'],['124.8' '154.3' '129.4' '138.1' '131.6' '136.7'],['' 'E' 'E' 'E' 'E' 'E'],['' 'E' 'E' 'E' 'E' 'E'],-1.1333333333333333,29.0,1.109354166471045,48.04164859785725,-0.45,44.5,[-0.4 -0.5 -2.3 -0.4 -2.8 -0.4],[-2 -2 93 -2 89 -2],-0.2166666666666666,45.16666666666666,0.1329160135825126,50.29280929384107,-0.2,[-0.  -0.2 -0.3 -0.2 -0.4 -0.2],[ 2 95 -2 91 -2 87],-1.65,47.5,1.379492660364672,49.9069133487536,-1.5,45.5,[-3.  -0.4 -2.6 -0.4 -3.1 -0.4],[97  2 93  2 89  2],-0.2833333333333333,46.5,0.0983192080250175,48.81290812889558,-0.25,44.5,[-0.3 -0.2 -0.4 -0.2 -0.4 -0.2],[ 2 95  2 91  2 87],E,1,[0.13138917 0.21846237 0.16755191 0.20137429 0.22435663],True,Beta
191964,415,418,labels,4,1-p,6zt9,B,['H' 'I' 'S' 'L'],0.8918,-0.061925,-0.0079017499228939,0.12717816,0.0066889836,0.0016204980973658,[0.9179 1.0279 0.9006 0.7208],[-0.0708 -0.0585 -0.0554 -0.063 ],[-0.009222 -0.008931 -0.007803 -0.005651],[0.45898801 0.46363018 0.43152594 0.40820109],[0.47581563 0.50730499 0.51283691 0.5024823 ],[0.47707667 0.48558    0.48756389 0.48324722],0.4405863036712011,0.4996099571386974,0.4833669438958168,0.0258233452061085,0.0164173280848543,0.0045494993266253,['-117.2' '-122.8' '-109.4' '-141.8'],['132.4' '119.9' '144.2' '132.2'],['E' 'E' 'E' 'E'],['E' 'E' 'E' 'E'],-2.525,31.5,0.1707825127659934,47.9756882875761,-2.55,-2.0,[-2.7 -2.3 -2.6 -2.5],[ -8  75 -12  71],-0.425,-2.0,0.0499999999999999,0.0,-0.4,[-0.4 -0.4 -0.5 -0.4],[-2 -2 -2 -2],-2.575,31.5,0.4425306015783918,47.9756882875761,-2.6,31.5,[-2.3 -2.9 -2.1 -3. ],[ -8  75 -12  71],-0.4,2.0,0.0816496580927726,0.0,-0.4,2.0,[-0.5 -0.4 -0.3 -0.4],[2 2 2 2],E,1,[0.13772245 0.2353275  0.17242269 0.20700696 0.23271977],True,Beta
192530,35,39,labels,5,1-p,4hpo,H,['V' 'W' 'V' 'R' 'Q'],0.83122,-0.08714,-0.0122246000915765,0.08734797,0.006027273,0.0029278534251803,[0.7693 0.944  0.7529 0.7839 0.906 ],[-0.0943 -0.0876 -0.0804 -0.0818 -0.0916],[-0.015999 -0.012821 -0.00911  -0.009452 -0.013741],[0.4215412  0.40170206 0.40408015 0.3978906  0.38109736],[0.43723407 0.45226954 0.4611348  0.45829792 0.40787237],[0.47175112 0.47892779 0.48256502 0.48205391 0.45907945],0.4012622733910878,0.4433617413043976,0.4748754580815634,0.0144685948912364,0.0218824350689139,0.0098279703831387,['-98.3' '-113.7' '-134.5' '-110.2' '-144.2'],['145.2' '141.0' '139.2' '148.6' '105.5'],['E' 'E' 'E' 'E' 'E'],['E' 'E' 'E' 'E' 'E'],-2.54,37.8,0.2880972058177586,25.14358765172544,-2.7,-2.0,[-2.7 -2.1 -2.7 -2.8 -2.4],[60 13 56  8 52],-0.38,-2.0,0.0836660026534075,0.0,-0.4,[-0.5 -0.3 -0.4 -0.4 -0.3],[-2 -2 -2 -2 -2],-2.4400000000000004,37.6,0.5224940191045252,25.392912396966207,-2.6,52.0,[-1.6 -2.6 -2.8 -2.3 -2.9],[60 12 56  8 52],-0.4600000000000001,5.0,0.4277849927241487,4.795831523312719,-0.3,2.0,[-0.4 -1.2 -0.3 -0.3 -0.1],[ 2 13  2  2  6],E,1,[0.12177044 0.19569758 0.15743105 0.1900913  0.21068411],True,Beta
195352,274,277,labels,4,1-p,6s8v,D,['L' 'L' 'I' 'A'],0.87584996,-0.064025,-0.011154499836266,0.14433397,0.0041947383,0.0011591639209081,[0.6726 1.0113 0.9262 0.8933],[-0.0685 -0.0622 -0.0591 -0.0663],[-0.011383 -0.010092 -0.010453 -0.01269 ],[0.3769764  0.4251409  0.46108918 0.42619964],[0.58851067 0.50368798 0.50524825 0.51255322],[0.50676445 0.48226224 0.48153612 0.48394556],0.4223515316843987,0.5275000284115474,0.4886270935336749,0.0345547717577648,0.0408569102791337,0.012133613715734,['-118.6' '-112.7' '-111.7' '-105.6'],['134.2' '128.5' '124.2' '142.6'],['E' 'E' 'E' 'E'],['E' 'E' 'E' 'E'],-1.825,-11.25,1.043631480296885,25.734218464915543,-2.1,-2.0,[-1.7 -0.4 -2.7 -2.5],[-32  -2 -32  21],-0.325,-9.5,0.0957427107756338,15.0,-0.35,[-0.3 -0.2 -0.4 -0.4],[ -2 -32  -2  -2],-2.025,-3.5,0.4924428900898053,30.59956426705017,-2.05,-3.5,[-2.  -1.4 -2.1 -2.6],[-30  23 -30  23],-0.4,2.0,0.0,0.0,-0.4,2.0,[-0.4 -0.4 -0.4 -0.4],[2 2 2 2],E,1,[0.13696817 0.23340809 0.17292463 0.20878552 0.23440043],True,Beta
196294,125,128,labels,4,1-p,7fyx,A,['T' 'R' 'V' 'Y'],0.907125,-0.067774996,-0.0109839998185634,0.15164007,0.00417163,0.003769160620096,[0.8869 1.102  0.9074 0.7322],[-0.0699 -0.0668 -0.0624 -0.072 ],[-0.011959 -0.013853 -0.012671 -0.005453],[0.45200032 0.47175804 0.44656004 0.35014959],[0.50489365 0.49709224 0.49560288 0.45531918],[0.48062055 0.47862056 0.482235   0.4756628 ],0.4301169961690902,0.4882269849379858,0.4792847285668056,0.0543998024102685,0.0223136586696076,0.0028312576596575,['-114.7' '-125.4' '-99.6' '-118.4'],['133.0' '112.4' '130.1' '152.3'],['E' 'E' 'E' 'E'],['E' 'E' 'E' 'E'],-2.275,-63.0,0.5737304826019501,57.78119648005453,-2.4000000000000004,-2.0,[-1.5 -2.6 -2.2 -2.8],[-111  -11 -115  -15],-0.4,-2.0,0.0816496580927726,0.0,-0.4,[-0.3 -0.4 -0.5 -0.4],[-2 -2 -2 -2],-2.525,-63.25,0.5795112883571236,58.08255618800995,-2.45,-63.0,[-1.9 -2.5 -3.3 -2.4],[-111  -11 -116  -15],-0.7,-27.25,0.6055300708194984,58.5,-0.45,2.0,[-0.5 -0.4 -1.6 -0.3],[   2    2 -115    2],E,1,[0.13048206 0.21891849 0.16212686 0.19482277 0.21972792],True,Beta
196679,100,103,labels,4,1-p,3lbf,C,['V' 'C' 'S' 'V'],0.86925,-0.0484,-0.0078824999509379,0.16578218,0.00638801,0.002985606000669,[0.7688 1.0983 0.7287 0.8812],[-0.0529 -0.0499 -0.0518 -0.039 ],[-0.010383 -0.010137 -0.006937 -0.004073],[0.35334209 0.42281169 0.44111974 0.39789059],[0.57340427 0.52865249 0.53851066 0.56177306],[0.4835161  0.48474611 0.48825168 0.48828279],0.4037910265227159,0.5505851209163667,0.4861991678675016,0.0380137197812252,0.0205970598836431,0.0024402541654381,['-118.5' '-102.5' '-137.1' '-117.5'],['127.6' '136.4' '134.4' '135.2'],['E' 'E' 'E' 'E'],['E' 'E' 'E' 'E'],-2.6,1.0,0.3464101615137755,26.558112382722783,-2.6,-2.0,[-2.3 -2.9 -2.9 -2.3],[ 24 -22  24 -22],-0.4,-2.0,0.0816496580927726,0.0,-0.4,[-0.3 -0.5 -0.4 -0.4],[-2 -2 -2 -2],-3.0,3.0,0.5715476066494081,26.558112382722783,-3.15,3.0,[-3.  -3.5 -2.2 -3.3],[ 26 -20  26 -20],-0.6000000000000001,-3.25,0.3999999999999999,10.5,-0.4,2.0,[-0.4 -0.4 -0.4 -1.2],[  2   2   2 -19],E,1,[0.11013862 0.17113562 0.13945084 0.16728217 0.18683105],True,Beta
197225,356,359,labels,4,1-p,4mpc,A,['A' 'V' 'I' 'Y'],1.0033,-0.071600005,-0.0122612498234957,0.17678611,0.0040800325,0.0042412186655324,[1.0064 0.7561 1.1631 1.0876],[-0.0702 -0.0725 -0.0767 -0.067 ],[-0.010627 -0.011099 -0.018457 -0.008862],[0.42861031 0.47653049 0.48975658 0.459949  ],[0.48496458 0.48269508 0.48496458 0.46219862],[0.48119722 0.4776761  0.47865667 0.47695501],0.4637115970253945,0.4787057141462962,0.4786212493975958,0.0263876397686695,0.0110566144507934,0.0018535133673757,['-116.5' '-123.6' '-98.2' '-102.9'],['134.6' '127.3' '121.2' '121.3'],['E' 'E' 'E' 'E'],['E' 'E' 'E' 'E'],-2.875,-34.5,0.3593976442141305,23.78374795247096,-2.95,-2.0,[-2.4 -3.1 -2.8 -3.2],[-53 -12 -57 -16],-0.5,-2.0,0.0816496580927725,0.0,-0.5,[-0.5 -0.4 -0.5 -0.6],[-2 -2 -2 -2],-2.675,-34.5,0.5377421934967225,23.78374795247096,-2.7,-34.5,[-3.3 -2.6 -2.8 -2. ],[-53 -12 -57 -16],-0.5,2.0,0.1414213562373095,0.0,-0.55,2.0,[-0.5 -0.6 -0.6 -0.3],[2 2 2 2],E,1,[0.1262522  0.21176753 0.15016002 0.17878268 0.20402209],True,Beta
200960,161,165,labels,5,1-p,3sy6,B,['L' 'R' 'L' 'T' 'L'],0.95506,-0.066180006,-0.0097989998757839,0.11812894,0.008767098,0.0025152101830332,[0.7768 1.0414 0.9639 0.9158 1.0774],[-0.0697 -0.0748 -0.0596 -0.0544 -0.0724],[-0.007912 -0.01418  -0.009532 -0.008694 -0.008677],[0.43198199 0.45315679 0.47579752 0.48166131 0.4232026 ],[0.48148938 0.49354612 0.50439718 0.50609931 0.47858159],[0.47799277 0.4824311  0.48199668 0.4850539  0.481605  ],0.453160043557485,0.4928227166334788,0.4818158904711406,0.025839581140607,0.0126689965628493,0.0025276746441143,['-141.0' '-107.0' '-112.2' '-112.8' '-117.7'],['129.6' '125.5' '124.0' '132.2' '124.5'],['E' 'E' 'E' 'E' 'E'],['E' 'E' 'E' 'E' 'E'],-2.72,85.2,0.432434966208793,23.72129844675456,-2.7,-2.0,[-2.2 -2.4 -3.2 -2.7 -3.1],[ 72 111  68 111  64],-0.42,-2.0,0.0836660026534075,0.0,-0.4,[-0.3 -0.4 -0.5 -0.5 -0.4],[-2 -2 -2 -2 -2],-2.8,86.0,0.3807886552931954,24.80927246011056,-2.9,72.0,[-3.2 -2.9 -2.7 -3.  -2.2],[ 72 113  68 113  64],-0.4599999999999999,2.0,0.0547722557505166,0.0,-0.5,2.0,[-0.5 -0.5 -0.4 -0.5 -0.4],[2 2 2 2 2],E,1,[0.13250653 0.22858754 0.16062006 0.1933215  0.22264661],True,Beta
201345,816,819,labels,4,1-p,6x9d,B,['A' 'M' 'I' 'V'],0.87257504,-0.08355,-0.0119822501437738,0.12929134,0.009203078,0.0055471882898369,[0.6848 0.956  0.96   0.8895],[-0.0852 -0.0947 -0.0724 -0.0819],[-0.008608 -0.019029 -0.013648 -0.006644],[0.40179978 0.4236261  0.45696825 0.39766255],[0.46595746 0.45936172 0.46170215 0.43014187],[0.47832556 0.47706388 0.478155   0.46973332],0.4200141703089078,0.4542907997965812,0.4758194386959076,0.0271416587862374,0.0163291595572967,0.0040957282258794,['-108.4' '-128.2' '-102.6' '-125.1'],['155.7' '127.9' '130.7' '123.8'],['E' 'E' 'E' 'E'],['E' 'E' 'E' 'E'],-2.05,93.5,0.9983319421247956,71.01408311032397,-2.4000000000000004,-2.0,[-0.6 -2.2 -2.6 -2.8],[155  32 155  32],-0.35,-2.0,0.1290994448735805,0.0,-0.35,[-0.2 -0.3 -0.4 -0.5],[-2 -2 -2 -2],-2.525,95.5,0.5852349955359812,71.01408311032397,-2.5,95.5,[-2.2 -3.2 -2.8 -1.9],[157  34 157  34],-0.375,40.75,0.1258305739211791,77.5,-0.4,2.0,[-0.4 -0.5 -0.4 -0.2],[  2   2   2 157],E,1,[0.13864944 0.23742558 0.175338   0.2112765  0.23731049],True,Beta
201487,35,38,labels,4,1-p,4n1c,A,['W' 'Y' 'Q' 'Q'],0.8822,-0.080825,-0.0122777500655502,0.16505693,0.0035131897,0.0032936601437009,[1.07   0.7128 0.9668 0.7792],[-0.0797 -0.0771 -0.0855 -0.081 ],[-0.01606  -0.010488 -0.013836 -0.008727],[0.43232406 0.4478631  0.40049672 0.38316597],[0.48361706 0.46645392 0.46553193 0.41453902],[0.47619445 0.47756444 0.48163832 0.46746944],0.4159624626239142,0.4575354804595312,0.4757166653871537,0.0294400639609436,0.0298464181124025,0.0059644851295672,['-115.0' '-110.1' '-120.0' '-123.7'],['123.9' '148.9' '128.2' '121.1'],['E' 'E' 'E' 'E'],['E' 'E' 'E' 'E'],-2.95,29.75,0.4358898943540673,22.381167678802345,-3.05,-2.0,[-2.4 -3.3 -2.8 -3.3],[13 51  8 47],-0.4,-2.0,0.0816496580927726,0.0,-0.4,[-0.4 -0.5 -0.3 -0.4],[-2 -2 -2 -2],-2.525,29.5,0.2217355782608345,22.63478149515328,-2.5,29.5,[-2.8 -2.3 -2.6 -2.4],[12 51  8 47],-0.675,5.5,0.704154339142587,5.196152422706632,-0.45,3.5,[-1.7 -0.4 -0.5 -0.1],[13  2  2  5],E,1,[0.13763446 0.23583679 0.17319501 0.20883343 0.23543863],True,Beta
203445,19,23,labels,5,1-p,4ydl,B,['R' 'I' 'S' 'C' 'E'],0.93752,-0.08268,-0.0153777999803423,0.12190102,0.008860979,0.003066929722185,[0.9666 0.9006 0.7449 1.042  1.0335],[-0.0858 -0.0901 -0.0883 -0.0812 -0.068 ],[-0.01399  -0.014209 -0.012297 -0.016081 -0.020312],[0.41015568 0.42546669 0.43774806 0.4593952  0.46377676],[0.44496458 0.45092203 0.45418444 0.46985819 0.52078016],[0.47778111 0.47750223 0.47634055 0.47294999 0.47540834],0.4393084784348806,0.4681418796380361,0.4759964426358541,0.0226168553774257,0.0308312113623447,0.0019492022820852,['-123.9' '-104.5' '-105.8' '-143.5' '-88.4'],['118.8' '132.1' '158.6' '99.1' '119.2'],['' '' 'E' 'E' 'E'],['' '' 'E' 'E' 'E'],-1.6799999999999995,20.0,1.302689525558565,38.01973171920076,-1.8,-2.0,[-0.3 -2.9 -0.4 -1.8 -3. ],[ -2  63  -2  59 -18],-0.26,23.6,0.1816590212458494,35.061374759127744,-0.3,[-0.  -0.5 -0.2 -0.3 -0.3],[63 -2 61 -2 -2],-1.94,18.4,0.96850400102426,39.62701098998005,-2.4,2.0,[-0.4 -2.8 -1.6 -2.5 -2.4],[  2  63 -14  59 -18],-0.3,1.2,0.2121320343559642,1.7888543819998322,-0.3,2.0,[-0.  -0.3 -0.3 -0.6 -0.3],[-2  2  2  2  2],E,1,[0.13974417 0.2203823  0.16801604 0.19140004 0.20135144],True,Beta
203472,20,24,labels,5,1-p,4ydl,C,['T' 'L' 'S' 'C' 'R'],0.9256201,-0.06904,-0.0084058001637458,0.19621293,0.008995444,0.0015050489403579,[1.1032 0.887  0.7107 1.1532 0.774 ],[-0.0637 -0.0699 -0.0688 -0.0595 -0.0833],[-0.009028 -0.009321 -0.00807  -0.005934 -0.009676],[0.46490067 0.4399307  0.44807486 0.42966907 0.41235461],[0.48028373 0.49475181 0.49773051 0.48822697 0.44595746],[0.48107389 0.48532278 0.48704167 0.48684444 0.477235  ],0.4389859815438589,0.4813900967439016,0.4835035562515258,0.0196920427583004,0.0209104227648745,0.004248160181458,['-121.9' '-111.4' '-111.9' '-131.6' '-114.2'],['113.5' '133.5' '144.7' '112.8' '138.9'],['E' 'E' 'E' 'E' 'E'],['E' 'E' 'E' 'E' 'E'],-2.3600000000000003,13.2,1.1013627921806692,35.102706448363776,-2.8,-2.0,[-0.4 -2.9 -2.8 -3.  -2.7],[ -2  53 -15  49 -19],-0.38,9.4,0.1095445115010332,25.491174943497604,-0.4,[-0.2 -0.5 -0.4 -0.4 -0.4],[55 -2 -2 -2 -2],-2.04,14.0,0.9736529155710468,34.713109915419565,-2.5,2.0,[-0.4 -2.5 -1.9 -2.7 -2.7],[  2  53 -15  49 -19],-0.3399999999999999,12.6,0.0894427190999916,23.70232056149777,-0.4,2.0,[-0.2 -0.4 -0.4 -0.4 -0.3],[55  2  2  2  2],E,1,[0.13697388 0.23412953 0.1686949  0.20195894 0.22759967],True,Beta
205485,145,149,labels,5,l3(10),6u1t,L,['N' 'V' 'K' 'W' 'K'],0.81662,-0.068299994,-0.0100608001463115,0.01644162,0.006604163,0.0027455091682645,[0.7986 0.8351 0.801  0.8295 0.8189],[-0.0691 -0.0582 -0.0729 -0.0751 -0.0662],[-0.012651 -0.006685 -0.010928 -0.012396 -0.007644],[0.35966196 0.39657124 0.40160432 0.39896562 0.35547585],[0.55765962 0.4963121  0.49205677 0.486383   0.51879433],[0.490965   0.48318667 0.48332833 0.48279556 0.46930611],0.3824557979901631,0.510241162776947,0.4819163342316946,0.0228361692663092,0.0292214357033199,0.0078306542044573,['-127.2' '-121.3' '-128.1' '-104.0' '-130.1'],['136.4' '139.5' '136.5' '141.9' '140.7'],['E' 'E' 'E' 'E' 'E'],['E' 'E' 'E' 'E' 'E'],-1.52,29.8,0.9418067742376884,25.28240494889677,-2.1,-2.0,[-2.1 -0.4 -2.1 -0.6 -2.4],[52 -2 48  7 44],-0.34,8.4,0.0894427190999916,23.25510696599781,-0.4,[-0.3 -0.2 -0.4 -0.4 -0.4],[-2 50 -2 -2 -2],-2.2,30.6,1.0099504938362078,24.05826261391292,-2.7,44.0,[-2.7 -0.4 -2.7 -2.7 -2.5],[52  2 48  7 44],-0.38,11.6,0.1095445115010332,21.46625258399798,-0.4,2.0,[-0.4 -0.2 -0.4 -0.4 -0.5],[ 2 50  2  2  2],E,1,[0.11266994 0.17384766 0.14655494 0.17577393 0.19282448],True,Beta
205781,215,218,labels,4,l3(10),6iff,A,['L' 'T' 'F' 'T'],0.850075,-0.0685,-0.0109449999872595,0.018232826,0.009432921,0.0022412935453227,[0.8286 0.8493 0.8492 0.8732],[-0.0774 -0.0735 -0.0673 -0.0558],[-0.012604 -0.010027 -0.008208 -0.012941],[0.43475101 0.41162164 0.41888622 0.53037963],[0.48475179 0.48354613 0.49886529 0.5492199 ],[0.48161667 0.48286722 0.48268    0.48655611],0.4489096278945605,0.5040957753856977,0.4834300006429355,0.0551652876572929,0.0308762155752664,0.0021556110813871,['-111.9' '-114.0' '-130.9' '-125.2'],['140.7' '132.3' '138.9' '108.9'],['E' 'E' 'E' 'E'],['E' 'E' 'E' 'E'],-2.15,-20.75,0.412310562561766,8.770214744615247,-2.2,-2.0,[-2.5 -1.9 -2.5 -1.7],[-26 -11 -30 -16],-0.425,-2.0,0.0499999999999999,0.0,-0.4,[-0.5 -0.4 -0.4 -0.4],[-2 -2 -2 -2],-2.4,-21.0,0.4546060565661952,8.406346808612328,-2.5,-21.0,[-2.7 -2.3 -2.8 -1.8],[-26 -12 -30 -16],-0.525,2.0,0.1892969448600091,0.0,-0.45,2.0,[-0.4 -0.4 -0.5 -0.8],[2 2 2 2],E,1,[0.13363014 0.22398568 0.1709675  0.20567173 0.22946016],True,Beta
207195,409,412,labels,4,1-p,6s60,A,['L' 'Q' 'V' 'V'],1.0101,-0.051675,-0.0074614998884499,0.1047487,0.007835975,0.001866230209651,[0.9813 0.9214 0.9758 1.1619],[-0.0567 -0.0469 -0.0433 -0.0598],[-0.009776 -0.006867 -0.007878 -0.005325],[0.43771548 0.46885871 0.49827539 0.42356096],[0.51964543 0.53411351 0.53191493 0.49595748],[0.48403778 0.48637723 0.48885001 0.48502277],0.4571026352544626,0.5204078381260236,0.4860719467202823,0.0333381990216968,0.01749913887785,0.0020856198899818,['-115.2' '-113.7' '-119.0' '-112.7'],['124.4' '131.6' '123.2' '121.3'],['E' 'E' 'E' 'E'],['E' 'E' 'E' 'E'],-2.625,-26.5,0.5560275772537425,44.51591475715923,-2.6,-2.0,[-2.  -2.8 -2.4 -3.3],[-63  14 -67  10],-0.45,-2.0,0.0577350269189625,0.0,-0.45,[-0.4 -0.4 -0.5 -0.5],[-2 -2 -2 -2],-2.7749999999999995,-26.75,0.2872281323269015,44.2445853561013,-2.8,-27.0,[-2.8 -2.4 -3.1 -2.8],[-63  14 -67   9],-0.9,4.0,0.8,4.0,-0.5,2.0,[-0.5 -0.5 -0.5 -2.1],[ 2  2  2 10],E,1,[0.09772302 0.14985378 0.11571069 0.1381418  0.1588186 ],True,Beta
207506,135,138,labels,4,1-p,3hoi,A,['L' 'V' 'L' 'V'],1.00535,-0.087575,-0.0176387499086558,0.15948714,0.0040615066,0.0054362815029991,[0.9715 0.9112 1.2398 0.8989],[-0.0925 -0.0886 -0.0828 -0.0864],[-0.02207  -0.022309 -0.01479  -0.011386],[0.43483244 0.50860216 0.49677685 0.49488742],[0.44645393 0.45113477 0.45546101 0.44879435],[0.46563889 0.46712834 0.47306388 0.4657672 ],0.4837747191389402,0.4504610151052476,0.467899575829506,0.0331878279955044,0.0038422365533952,0.0035082062940051,['-100.1' '-114.4' '-99.6' '-120.9'],['130.7' '124.3' '112.6' '123.0'],['E' 'E' 'E' 'E'],['E' 'E' 'E' 'E'],-2.15,-6.25,1.1090536506409416,54.31006659297458,-2.6,-2.0,[-2.6 -2.9 -0.5 -2.6],[ 69 -44  -2 -48],-0.45,-13.0,0.2081665999466132,22.0,-0.45,[-0.4 -0.5 -0.2 -0.7],[ -2  -2 -46  -2],-2.075,-5.25,1.053169818531972,54.45104835231978,-2.55,-21.0,[-2.6 -2.5 -0.5 -2.7],[ 69 -44   2 -48],-0.5249999999999999,6.5,0.2362907813126304,46.82947789587238,-0.6,2.0,[-0.7 -0.7 -0.2 -0.5],[ 68   2 -46   2],E,1,[0.12028043 0.19850886 0.14281321 0.17075657 0.19528943],True,Beta
208608,20,24,labels,5,1-p,6qup,B,['R' 'L' 'S' 'C' 'A'],0.90909994,-0.08452,-0.016047999728471,0.13525827,0.009823288,0.0055798158013215,[0.9477 0.9341 0.6812 0.9382 1.0443],[-0.1002 -0.0866 -0.0782 -0.0827 -0.0749],[-0.02134  -0.014274 -0.007726 -0.015941 -0.020959],[0.40668627 0.41746912 0.41592174 0.43387144 0.44820514],[0.44184399 0.45035463 0.46276597 0.47106385 0.50773053],[0.47360443 0.47592221 0.47892166 0.47520778 0.47474223],0.4244307418664297,0.4667517940203349,0.4756796618302664,0.016508199430065,0.0255098203174674,0.0019985884785534,['-120.8' '-83.8' '-127.1' '-139.5' '-85.5'],['113.4' '148.7' '153.3' '111.3' '127.5'],['E' 'E' 'E' 'E' 'E'],['E' 'E' 'E' 'E' 'E'],-1.98,16.4,1.0232301793829186,38.455168703309575,-2.2,-2.0,[-0.3 -3.  -2.5 -1.9 -2.2],[ -2  60 -14  56 -18],-0.36,-3.8,0.0894427190999916,4.024922359499622,-0.3,[-0.3 -0.5 -0.3 -0.3 -0.4],[-11  -2  -2  -2  -2],-1.8200000000000005,17.2,0.8700574693662483,38.01578619468496,-2.1,2.0,[-0.3 -2.5 -2.1 -2.2 -2. ],[  2  60 -14  56 -18],-0.38,14.0,0.0836660026534075,26.83281572999748,-0.4,2.0,[-0.3 -0.3 -0.4 -0.5 -0.4],[62  2  2  2  2],E,1,[0.13160494 0.22140485 0.1633549  0.19576813 0.22073203],True,Beta
208754,525,528,labels,4,1-p,4jdc,A,['I' 'K' 'E' 'T'],1.039575,-0.063025,-0.0125239997869357,0.11299974,0.007815956,0.0055141024458138,[1.0022 0.9256 1.0363 1.1942],[-0.0687 -0.0524 -0.0619 -0.0691],[-0.010883 -0.006347 -0.013286 -0.01958 ],[0.45833647 0.4828015  0.51407504 0.48804634],[0.47496457 0.50851068 0.508227   0.55063835],[0.47762    0.48304666 0.478215   0.47586501],0.4858148371179899,0.5105851491292318,0.4786866654952367,0.0228601505554888,0.0309997244470544,0.0030730860046869,['-123.7' '-119.7' '-109.6' '-108.5'],['124.4' '124.5' '129.9' '132.2'],['E' 'E' 'E' 'E'],['E' 'E' 'E' 'E'],-1.45,-175.0,1.161895003862225,199.76986759769352,-1.4,-175.0,[-2.6 -0.4 -2.3 -0.5],[-346   -2 -350   -2],-0.3,-176.0,0.1414213562373095,200.92452977838883,-0.25,[-0.3 -0.2 -0.5 -0.2],[  -2 -348   -2 -352],-1.475,-172.75,1.228481447424692,202.36826991074136,-1.3,-172.0,[-2.9 -0.5 -2.1 -0.4],[-346    2 -350    3],-0.35,-174.0,0.1732050807568877,203.23385544736388,-0.35,-173.0,[-0.5 -0.2 -0.5 -0.2],[   2 -348    2 -352],E,1,[0.09728172 0.14671144 0.11417951 0.13535221 0.15339467],True,Beta
210722,47,50,labels,4,1-p,1qya,B,['T' 'A' 'F' 'L'],0.92045,-0.096099995,-0.0204812497831881,0.110476956,0.006321919,0.0040143091608345,[0.9788 0.7618 0.9318 1.0094],[-0.0894 -0.0923 -0.103  -0.0997],[-0.018757 -0.02056  -0.025995 -0.016613],[0.33141803 0.43528852 0.44027274 0.3927109 ],[0.53404259 0.43638301 0.42907803 0.40751775],[0.47241668 0.46371557 0.46490667 0.46987556],0.3999225472410521,0.4517553448677063,0.4677286222577095,0.0504108681876435,0.0562100943153134,0.0041091442345385,['-119.3' '-106.3' '-120.3' '-99.6'],['134.8' '140.7' '120.3' '119.7'],['E' 'E' 'E' 'E'],['E' 'E' 'E' 'E'],-2.525,-6.0,0.0957427107756339,23.15167380558045,-2.55,-2.0,[-2.4 -2.5 -2.6 -2.6],[ 16 -26  12 -26],-0.4,-2.0,0.0816496580927726,0.0,-0.4,[-0.3 -0.4 -0.4 -0.5],[-2 -2 -2 -2],-2.325,-4.75,0.3685557397915996,21.715969546242537,-2.3,-5.5,[-2.3 -2.8 -1.9 -2.3],[ 16 -24  12 -23],-0.45,-4.0,0.1290994448735805,12.0,-0.45,2.0,[-0.4 -0.5 -0.6 -0.3],[  2   2   2 -22],E,1,[0.10611682 0.16418509 0.13100359 0.15720011 0.17728643],True,Beta
212278,19,23,labels,5,1-p,6qu9,A,['K' 'I' 'S' 'C' 'K'],0.94222003,-0.07838,-0.0144644001498818,0.11853437,0.00763721,0.0036870110686214,[0.9466 0.9335 0.7521 1.0165 1.0624],[-0.0863 -0.081  -0.0807 -0.0781 -0.0658],[-0.013719 -0.0119   -0.01084  -0.015688 -0.020175],[0.41390199 0.42874063 0.44012615 0.46112176 0.46670865],[0.43992911 0.46241136 0.46822697 0.47900711 0.52865252],[0.47705776 0.47974499 0.4786511  0.47405388 0.47634165],0.4421198368072511,0.4756454130013784,0.4771698772907258,0.022050551621586,0.0328895198988879,0.0021927826123509,['-118.0' '-110.0' '-108.4' '-147.5' '-91.8'],['121.9' '133.8' '159.4' '101.7' '118.0'],['E' 'E' 'E' 'E' 'E'],['E' 'E' 'E' 'E' 'E'],-1.6,19.2,1.3095800853708794,36.941846191006746,-1.6,-2.0,[-0.3 -2.3 -0.4 -1.6 -3.4],[ -2  61  -2  57 -18],-0.3,23.2,0.1224744871391589,34.53548899320813,-0.3,[-0.2 -0.5 -0.2 -0.3 -0.3],[63 -2 59 -2 -2],-1.92,17.6,0.957601169589929,38.55256152319844,-2.3,2.0,[-0.4 -2.3 -1.6 -2.8 -2.5],[  2  61 -14  57 -18],-0.3399999999999999,14.2,0.151657508881031,27.280029325497438,-0.3,2.0,[-0.2 -0.3 -0.3 -0.6 -0.3],[63  2  2  2  2],E,1,[0.13617117 0.23374009 0.16637464 0.19922323 0.2259577 ],True,Beta
213294,179,182,labels,4,1-p,4kq7,B,['R' 'I' 'E' 'I'],0.858425,-0.072349995,-0.0097597499843686,0.15973628,0.0057997135,0.0013599149843688,[0.7558 1.0357 0.695  0.9472],[-0.0732 -0.0686 -0.0674 -0.0802],[-0.010108 -0.010671 -0.007751 -0.010509],[0.38091817 0.40500857 0.43618438 0.40456879],[0.43964541 0.4899291  0.48496456 0.47985818],[0.48031112 0.48415001 0.48392722 0.47965221],0.4066699792941411,0.4735993122061094,0.4820101385315259,0.0226673798187425,0.0230063160806756,0.0023594339697476,['-130.5' '-118.1' '-119.5' '-118.6'],['133.5' '126.0' '141.3' '133.6'],['E' 'E' 'E' 'E'],['E' 'E' 'E' 'E'],-2.525,-73.75,0.2986078811194819,19.517086531208157,-2.5,-2.0,[-2.2 -2.4 -2.9 -2.6],[-55 -88 -59 -93],-0.375,-2.0,0.0957427107756338,0.0,-0.35,[-0.3 -0.4 -0.5 -0.3],[-2 -2 -2 -2],-1.825,-59.75,0.8845903006477067,43.87387225521206,-2.25,-74.0,[-0.5 -2.2 -2.3 -2.3],[  2 -89 -59 -93],-0.6,-42.5,0.541602560309064,51.39066063011839,-0.4,-42.0,[-0.2 -1.4 -0.4 -0.4],[-86 -88   2   2],E,1,[0.13814718 0.23526679 0.17602428 0.2127802  0.23778155],True,Beta
213770,20,23,labels,4,1-p,1n0x,L,['T' 'F' 'S' 'C'],0.8801999,-0.0637,-0.0082859999965876,0.0845034,0.007220805,0.00288553881721,[0.9708 0.905  0.768  0.877 ],[-0.0558 -0.0724 -0.0663 -0.0603],[-0.006185 -0.012426 -0.008087 -0.006446],[0.44680434 0.43063007 0.41535164 0.41287582],[0.49517735 0.50035464 0.49716315 0.48524826],[0.48361001 0.48516778 0.48502277 0.48411111],0.4264154682556789,0.4944858476519584,0.4844779198368391,0.015697128057997,0.0065172046207735,0.0007439946222793,['-128.2' '-103.4' '-112.4' '-144.7'],['115.0' '136.8' '147.8' '118.1'],['E' 'E' 'E' 'E'],['E' 'E' 'E' 'E'],-2.125,21.25,1.2446552400832396,34.79822792423009,-2.3,-2.0,[-0.5 -3.4 -2.7 -1.9],[ -2  53 -15  49],-0.35,12.25,0.1290994448735805,28.5,-0.35,[-0.2 -0.5 -0.4 -0.3],[55 -2 -2 -2],-1.775,22.25,0.9535023160258536,33.95462658705978,-2.05,25.5,[-0.4 -2.  -2.1 -2.6],[  2  53 -15  49],-0.3,15.25,0.0816496580927726,26.5,-0.3,2.0,[-0.2 -0.3 -0.3 -0.4],[55  2  2  2],E,1,[0.13977026 0.23917736 0.17588335 0.20994197 0.23522705],True,Beta
220179,49,52,labels,4,1-p,6wsk,A,['E' 'V' 'K' 'I'],0.92785,-0.050475,-0.0080887500662356,0.1792226,0.009431286,0.0024198513995272,[1.0066 1.0377 1.0072 0.6599],[-0.0477 -0.0414 -0.0491 -0.0637],[-0.005364 -0.007235 -0.008651 -0.011105],[0.47136712 0.49703748 0.44056594 0.35363528],[0.52262413 0.5402837  0.52893619 0.59390074],[0.48532722 0.48819446 0.48500501 0.49903557],0.4406514565149943,0.5464361881216369,0.4893905644615491,0.0624357209767016,0.0324756379541596,0.0065878819300319,['-126.7' '-121.0' '-116.9' '-126.3'],['124.7' '121.6' '125.9' '137.5'],['E' 'E' 'E' 'E'],['E' 'E' 'E' 'E'],-2.325,-1.0,0.5123475382979799,33.56585566713095,-2.25,-2.0,[-2.1 -3.  -1.8 -2.4],[-28  30 -32  26],-0.45,-2.0,0.0577350269189625,0.0,-0.45,[-0.4 -0.4 -0.5 -0.5],[-2 -2 -2 -2],-2.6,-1.0,0.5228129047119372,33.56585566713095,-2.45,-1.0,[-2.2 -3.3 -2.2 -2.7],[-28  30 -32  26],-0.425,7.75,0.0957427107756338,11.5,-0.45,2.0,[-0.5 -0.5 -0.4 -0.3],[ 2  2  2 25],E,1,[0.1075147  0.16725195 0.13226952 0.1581638  0.17854023],True,Beta
222120,176,179,labels,4,1-p,7mu4,L,['S' 'Y' 'L' 'S'],0.858675,-0.077625,-0.012071750126779,0.12721658,0.008116803,0.0045059571737015,[0.7675 0.733  0.9455 0.9887],[-0.0848 -0.0806 -0.0791 -0.066 ],[-0.009897 -0.011056 -0.01867  -0.008664],[0.34549112 0.39841181 0.43444153 0.38744978],[0.46085109 0.46489365 0.47822699 0.4524823 ],[0.483605   0.47798722 0.47867221 0.48205109],0.3914485598603884,0.464113508661588,0.48057887951533,0.0366285792654331,0.0107351022534699,0.0026880543145203,['-140.2' '-128.6' '-120.6' '-91.1'],['143.9' '136.1' '115.3' '133.7'],['E' 'E' 'E' 'E'],['E' 'E' 'E' 'E'],-2.225,-31.5,0.1707825127659932,14.617341299520463,-2.25,-2.0,[-2.4 -2.2 -2.  -2.3],[-42 -17 -46 -21],-0.375,-2.0,0.0957427107756338,0.0,-0.35,[-0.3 -0.3 -0.4 -0.5],[-2 -2 -2 -2],-2.0250000000000004,-25.75,1.20381338531629,22.51480994071828,-2.35,-29.5,[-3.1 -2.3 -2.4 -0.3],[-42 -17 -46   2],-0.375,-10.5,0.1258305739211791,25.0,-0.4,2.0,[-0.4 -0.5 -0.4 -0.2],[  2   2   2 -48],E,1,[0.14692405 0.23839268 0.18250968 0.21063022 0.22154338],True,Beta
222123,204,208,labels,5,1-p,7mu4,L,['V' 'E' 'K' 'T' 'V'],0.8276,-0.068679996,-0.0090035999193787,0.14851469,0.009704484,0.0035680400962143,[0.9799 0.7522 0.9791 0.6416 0.7852],[-0.0574 -0.0717 -0.077  -0.0594 -0.0779],[-0.010019 -0.012576 -0.011953 -0.005351 -0.005119],[0.40859201 0.44160839 0.38650508 0.39188021 0.32899109],[0.5448227  0.49212768 0.49070925 0.48631209 0.46468087],[0.54621443 0.48080666 0.48339999 0.48754278 0.48050444],0.3915153543154399,0.4957305173079174,0.4956936597824096,0.0410348765675386,0.029584724235469,0.0283824537933633,['-104.7' '-123.3' '-109.5' '-133.1' '-135.0'],['144.3' '129.4' '144.2' '142.2' '155.0'],['E' 'E' 'E' 'E' 'E'],['E' 'E' 'E' 'E' 'E'],-1.6200000000000003,-7.4,1.1166915420114902,5.683308895353129,-2.3,-2.0,[-2.5 -0.4 -2.5 -0.4 -2.3],[ -7  -2 -11  -2 -15],-0.36,-5.6,0.1673320053068151,5.128352561983234,-0.4,[-0.6 -0.2 -0.4 -0.2 -0.4],[ -2  -9  -2 -13  -2],-1.7200000000000002,-5.8,1.302689525558565,7.661592523751182,-2.2,-7.0,[-3.2 -0.4 -2.2 -0.3 -2.5],[ -7   2 -11   2 -15],-0.26,-21.2,0.1341640786499874,37.93019905036091,-0.2,-9.0,[-0.4 -0.2 -0.4 -0.2 -0.1],[  2  -9   2 -13 -88],E,1,[0.12161491 0.19531598 0.1575725  0.19044359 0.21098654],True,Beta
223021,13,16,labels,4,1-p,2pd6,D,['L' 'A' 'L' 'V'],0.98384994,-0.0546,-0.0115052501205354,0.19520496,0.007925906,0.0019892771470955,[1.1951 0.7258 1.0389 0.9756],[-0.0428 -0.0578 -0.0599 -0.0579],[-0.014473 -0.010804 -0.010416 -0.010328],[0.38446902 0.48210109 0.44634829 0.40676773],[0.62680852 0.5244681  0.5137589  0.56000004],[0.48917501 0.48017057 0.48247334 0.49169445],0.4299215314288934,0.5562588920195898,0.4858783433834712,0.0431840045425545,0.0510168289409242,0.0054426662545879,['-109.5' '-117.0' '-109.7' '-125.3'],['127.8' '133.3' '129.2' '115.4'],['E' 'E' 'E' 'E'],['E' 'E' 'E' 'E'],-1.9,47.75,1.1633285577743433,28.58175408659634,-2.35,-2.0,[-0.2 -2.7 -2.6 -2.1],[72 23 73 23],-0.4,4.25,0.1414213562373095,12.5,-0.45,[-0.2 -0.5 -0.4 -0.5],[23 -2 -2 -2],-2.625,49.75,0.4924428900898052,28.58175408659634,-2.8,49.5,[-1.9 -3.  -2.8 -2.8],[74 25 75 25],-0.8,20.5,0.5354126134736338,36.33639130862245,-0.55,2.5,[-1.6 -0.5 -0.5 -0.6],[75  2  2  3],E,1,[0.11290205 0.18103813 0.13536931 0.16166475 0.18435311],True,Beta
224211,273,276,labels,4,l3(10),6ptx,B,['A' 'C' 'H' 'H'],0.82097507,-0.060725003,-0.011820749961771,0.026391203,0.0034422628,0.0078770800840178,[0.8387 0.8438 0.786  0.8154],[-0.0623 -0.062  -0.0556 -0.063 ],[-0.01136  -0.007853 -0.00508  -0.02299 ],[0.47283305 0.40207668 0.3982815  0.44843318],[0.48319151 0.51070925 0.5102128  0.57163123],[0.4740439  0.48650388 0.48004278 0.474325  ],0.4304061035315196,0.5189361969629924,0.4787288879354795,0.0363298182051854,0.0374086881661225,0.0058742420619196,['-110.9' '-121.9' '-122.7' '-125.6'],['132.4' '133.5' '139.3' '142.3'],['E' 'E' 'E' 'E'],['E' 'E' 'E' 'E'],-2.6,-67.0,0.5099019513592785,56.62743740155179,-2.7,-2.0,[-2.8 -1.9 -3.1 -2.6],[-114  -16 -118  -20],-0.4499999999999999,-2.0,0.0999999999999999,0.0,-0.4,[-0.6 -0.4 -0.4 -0.4],[-2 -2 -2 -2],-2.4000000000000004,-67.25,0.4690415759823429,56.352314356495896,-2.2,-67.5,[-3.1 -2.1 -2.2 -2.2],[-114  -16 -118  -21],-0.775,-3.5,0.75,11.0,-0.4,2.0,[-0.4 -0.4 -0.4 -1.9],[  2   2   2 -20],E,1,[0.10914314 0.16602532 0.14151647 0.16941877 0.18551076],True,Beta
224476,52,55,labels,4,1-p,7fyw,C,['T' 'V' 'K' 'T'],0.942775,-0.05195,-0.0081440000794827,0.13182107,0.009634833,0.0017358711059644,[0.9465 1.0931 0.7718 0.9597],[-0.0435 -0.0456 -0.054  -0.0647],[-0.008135 -0.006594 -0.007277 -0.01057 ],[0.46226194 0.45792925 0.46007931 0.41828354],[0.55248231 0.53680855 0.52177308 0.52276597],[0.48699112 0.48777444 0.48642166 0.48956278],0.449638510743777,0.5334574778874716,0.4876875008145969,0.020978017552812,0.0144222884467208,0.0013676647701704,['-129.1' '-111.4' '-112.6' '-119.1'],['118.8' '117.3' '139.8' '128.7'],['E' 'E' 'E' 'E'],['E' 'E' 'E' 'E'],-2.625,0.0,0.5852349955359814,10.64581294844754,-2.75,-2.0,[-1.9 -2.4 -3.1 -3.1],[ -7  11 -11   7],-0.4499999999999999,-2.0,0.0999999999999999,0.0,-0.4,[-0.4 -0.4 -0.6 -0.4],[-2 -2 -2 -2],-2.275,0.0,0.2629955639676583,10.64581294844754,-2.35,0.0,[-2.3 -1.9 -2.5 -2.4],[ -7  11 -11   7],-0.475,2.0,0.0957427107756337,0.0,-0.45,2.0,[-0.6 -0.4 -0.4 -0.5],[2 2 2 2],E,1,[0.10711223 0.16656471 0.1308756  0.15642305 0.17670339],True,Beta
225203,666,669,labels,4,1-p,7aax,A,['K' 'P' 'M' 'V'],0.956975,-0.09650001,-0.019119500182569,0.18637128,0.008958051,0.005893369213676,[1.1937 0.9384 0.7383 0.9575],[-0.1098 -0.0904 -0.0923 -0.0935],[-0.026383 -0.017426 -0.012269 -0.0204  ],[0.4802768  0.46753936 0.4290664  0.41813694],[0.40773051 0.43085107 0.44241136 0.45737591],[0.45484833 0.46884555 0.47216945 0.47773166],0.4487548768520356,0.4345922147234281,0.4683987473448118,0.0298417077903535,0.0209426468058865,0.0097491025639663,['-112.1' '-72.5' '-131.4' '-110.3'],['91.6' '143.3' '133.9' '131.2'],['E' 'E' 'E' 'E'],['E' 'E' 'E' 'E'],-2.55,-16.5,1.9739976359323903,20.2895703913776,-2.7,-2.0,[-4.8  0.  -2.9 -2.5],[ -8   0 -12 -46],-0.15,-12.0,0.1914854215512676,21.354156504062622,-0.1,[-0.   0.  -0.2 -0.4],[ -2   0 -44  -2],-2.1750000000000003,-27.0,0.4031128874149274,19.76528944049813,-2.3,-27.0,[-2.5 -2.2 -1.6 -2.4],[ -8 -42 -12 -46],-0.4,2.0,0.1414213562373095,0.0,-0.45,2.0,[-0.2 -0.4 -0.5 -0.5],[2 2 2 2],E,1,[0.09633706 0.1452996  0.11687708 0.13992225 0.15936987],True,Beta
226927,182,185,labels,4,1-p,8f60,B,['S' 'S' 'T' 'L'],0.910125,-0.063225,-0.0091610000235959,0.12555172,0.007844479,0.0041302779901729,[0.9793 0.9387 0.7254 0.9971],[-0.062  -0.053  -0.0664 -0.0715],[-0.007135 -0.005583 -0.008916 -0.01501 ],[0.41406488 0.43056492 0.43346423 0.41952144],[0.49808513 0.50964542 0.50290783 0.50510641],[0.48816279 0.48798113 0.48360613 0.48427333],0.4244038686156273,0.5039361988504729,0.4860058451692264,0.0091429642452842,0.0048047599530098,0.0024023858142241,['-113.7' '-127.0' '-117.2' '-121.7'],['132.3' '129.5' '145.3' '124.5'],['E' 'E' 'E' 'E'],['E' 'E' 'E' 'E'],-2.675,-30.0,0.3403429642777022,16.32993161855452,-2.75,-2.0,[-2.7 -3.  -2.8 -2.2],[-14 -42 -18 -46],-0.4,-2.0,0.0,0.0,-0.4,[-0.4 -0.4 -0.4 -0.4],[-2 -2 -2 -2],-2.525,-30.0,0.478713553878169,16.32993161855452,-2.65,-30.0,[-2.4 -2.9 -1.9 -2.9],[-14 -42 -18 -46],-0.45,2.0,0.0577350269189625,0.0,-0.45,2.0,[-0.4 -0.4 -0.5 -0.5],[2 2 2 2],E,1,[0.12890443 0.2156616  0.15991798 0.19199353 0.2170499 ],True,Beta
226983,349,352,labels,4,1-p,7phd,A,['L' 'L' 'V' 'L'],0.95727503,-0.077875,-0.0158794996095821,0.13595296,0.006912007,0.0069719818874336,[1.0804 0.9197 1.0472 0.7818],[-0.0863 -0.0768 -0.0789 -0.0695],[-0.021457 -0.019178 -0.017118 -0.005765],[0.38150457 0.49635337 0.44771649 0.38142312],[0.46893619 0.46666669 0.47858158 0.45297875],[0.34180667 0.467915   0.47663277 0.47390668],0.4267493871351083,0.4667908027768135,0.4400652802238862,0.0559341817115947,0.0105579872058713,0.0656068656400989,['-118.9' '-94.8' '-111.9' '-115.0'],['111.4' '134.7' '119.1' '138.1'],['E' 'E' 'E' 'E'],['E' 'E' 'E' 'E'],-2.925,-30.0,0.4112987559751022,25.508168626278653,-3.0,-2.0,[-2.4 -3.3 -2.8 -3.2],[ -6 -50 -10 -54],-0.475,-2.0,0.1258305739211791,0.0,-0.5,[-0.3 -0.5 -0.5 -0.6],[-2 -2 -2 -2],-2.7,-30.25,0.2449489742783178,25.25041253788408,-2.7,-30.5,[-2.7 -3.  -2.7 -2.4],[ -6 -50 -11 -54],-0.6500000000000001,-4.75,0.4654746681256314,7.88986691902975,-0.55,-4.0,[-0.5 -0.6 -1.3 -0.2],[  2   2 -10 -13],E,1,[0.12624223 0.21022548 0.15321392 0.18290017 0.20748053],True,Beta
227544,164,167,labels,4,1-p,6yg0,A,['V' 'K' 'Q' 'M'],1.00525,-0.094624996,-0.0187089997343719,0.15787861,0.009044843,0.0050464677127052,[0.7839 1.091  1.0051 1.141 ],[-0.0893 -0.1043 -0.0849 -0.1   ],[-0.012644 -0.024502 -0.01711  -0.02058 ],[0.44211332 0.46910304 0.52726856 0.49946443],[0.40127663 0.44078018 0.43319154 0.42843976],[0.46724111 0.46985778 0.46544889 0.45813278],0.4844873373707136,0.425922026236852,0.4651701400677364,0.0369088078028691,0.0171983063310591,0.0050287501362592,['-137.1' '-84.0' '-107.6' '-104.4'],['115.2' '128.5' '115.1' '111.0'],['E' 'E' 'E' 'E'],['E' 'E' 'E' 'E'],-2.725,14.0,0.6551081335677851,33.56585566713095,-2.45,-2.0,[-2.3 -2.4 -2.5 -3.7],[-13  45 -17  41],-0.45,-2.0,0.0999999999999999,0.0,-0.4,[-0.4 -0.4 -0.4 -0.6],[-2 -2 -2 -2],-2.2,18.75,1.1284207253207172,28.709754439911183,-2.5,21.5,[-3.2 -2.7 -0.6 -2.3],[-13  45   2  41],-0.4,12.25,0.1632993161855452,20.5,-0.4,2.0,[-0.4 -0.6 -0.2 -0.4],[ 2  2 43  2],E,1,[0.10495845 0.16528525 0.12451151 0.14886855 0.17120665],True,Beta
229036,216,219,labels,4,1-p,4c2c,A,['Y' 'I' 'A' 'I'],0.99347496,-0.04735,-0.0078587499447166,0.066780426,0.009188942,0.0054989854356924,[0.9287 0.9445 1.0378 1.0629],[-0.0417 -0.0409 -0.0607 -0.0461],[-0.001968 -0.005321 -0.014724 -0.009422],[0.44087541 0.4741524  0.49601129 0.47921806],[0.50248229 0.53666669 0.53354613 0.55503549],[0.48612778 0.48777057 0.48362945 0.47879389],0.4725642874836923,0.5319326495130857,0.4840804214278857,0.02309936072478,0.0218027502504937,0.0039140631648876,['-137.2' '-130.2' '-91.8' '-119.9'],['123.6' '113.2' '137.2' '118.6'],['E' 'E' 'E' 'E'],['E' 'E' 'E' 'E'],-2.525,8.0,0.3774917217635374,24.303634844744245,-2.6,-2.0,[-2.  -2.6 -2.9 -2.6],[-11  29 -15  29],-0.375,-2.0,0.05,0.0,-0.4,[-0.3 -0.4 -0.4 -0.4],[-2 -2 -2 -2],-1.95,-3.0,1.1676186592091329,22.80350850198276,-2.5,-13.0,[-2.5 -2.6 -2.5 -0.2],[-11  31 -15 -17],-0.35,2.25,0.1732050807568877,0.5,-0.4,2.0,[-0.4 -0.4 -0.5 -0.1],[2 2 2 3],E,1,[0.09889042 0.15275645 0.11780162 0.141606   0.16327755],True,Beta
229591,694,699,labels,6,1-p,1f9v,A,['T' 'L' 'M' 'F' 'V' 'N'],1.0018166,-0.0742,-0.0134920002892613,0.15311432,0.0036238106,0.0052165871736288,[0.773  0.8987 1.1872 1.1287 1.0539 0.9694],[-0.0719 -0.0752 -0.0811 -0.0732 -0.0716 -0.0722],[-0.006073 -0.013477 -0.019693 -0.016859 -0.01623  -0.00862 ],[0.41787633 0.46566619 0.52360368 0.54888312 0.5134072  0.42046616],[0.46730499 0.47645393 0.47553195 0.47808514 0.4843972  0.45716317],[0.47598    0.47819834 0.47220613 0.47067668 0.47682835 0.48129056],0.4816504485077328,0.4731560630930795,0.4758633424838385,0.0554165095387549,0.0095622963660046,0.0039020105431792,['-121.0' '-127.0' '-97.2' '-112.6' '-95.2' '-90.6'],['139.1' '121.2' '125.0' '102.2' '112.6' '134.3'],['E' 'E' 'E' 'E' 'E' 'E'],['E' 'E' 'E' 'E' 'E' 'E'],-3.0500000000000003,-242.0,0.3391164991562634,44.913249715423625,-3.1,-2.0,[-3.1 -2.6 -2.8 -3.6 -3.1 -3.1],[-283 -201 -283 -201 -283 -201],-0.5499999999999999,-2.0,0.1378404875209022,0.0,-0.55,[-0.5 -0.4 -0.4 -0.6 -0.7 -0.7],[-2 -2 -2 -2 -2 -2],-2.2333333333333334,-240.0,0.977070451229934,44.913249715423625,-2.65,-240.0,[-1.9 -2.5 -2.8 -3.  -2.8 -0.4],[-281 -199 -281 -199 -281 -199],-0.5166666666666666,2.0,0.1722401424368508,0.0,-0.5,2.0,[-0.4 -0.6 -0.7 -0.7 -0.4 -0.3],[2 2 2 2 2 2],E,1,[0.12596533 0.21170904 0.14981528 0.17887568 0.20461919],True,Beta
230174,169,172,labels,4,1-p,5uf2,A,['I' 'V' 'D' 'V'],0.931675,-0.099275,-0.0221615000627934,0.15909837,0.008857152,0.0054266834651151,[0.7232 1.1096 0.9602 0.9337],[-0.1122 -0.0971 -0.0922 -0.0956],[-0.016175 -0.021359 -0.029352 -0.02176 ],[0.38179775 0.45493221 0.48921909 0.36876711],[0.35482273 0.42446812 0.43624116 0.51553194],[0.46362277 0.4628411  0.45973833 0.46807001],0.4236790413657824,0.4327659867703915,0.4635680541396141,0.0578550517785401,0.0658439702577036,0.0034383046606209,['-116.2' '-109.1' '-94.4' '-108.3'],['132.0' '119.6' '130.7' '119.4'],['E' 'E' 'E' 'E'],['E' 'E' 'E' 'E'],-2.1,-24.75,1.2328828005937953,15.649813630413195,-2.6,-2.0,[-0.3 -2.9 -2.9 -2.3],[ -8 -36 -15 -40],-0.425,-4.25,0.0957427107756338,4.5,-0.45,[-0.3 -0.4 -0.5 -0.5],[-11  -2  -2  -2],-2.325,-25.5,0.5560275772537425,14.617341299520463,-2.3,-25.5,[-3.  -1.7 -2.1 -2.5],[-11 -36 -15 -40],-0.475,2.25,0.1258305739211791,0.5,-0.5,2.0,[-0.5 -0.5 -0.6 -0.3],[2 2 2 3],E,1,[0.098337   0.14854666 0.12073953 0.14461784 0.16385827],True,Beta
231041,176,179,labels,4,1-p,5cv0,B,['L' 'T' 'V' 'T'],1.045625,-0.08,-0.0139982500113546,0.08575767,0.004570194,0.0022540004530259,[1.1554 0.9468 1.0305 1.0498],[-0.086  -0.0799 -0.0749 -0.0792],[-0.015468 -0.016244 -0.012894 -0.011387],[0.47262131 0.51026358 0.49306313 0.48166132],[0.45971634 0.46751776 0.47234045 0.45333336],[0.47519889 0.47521889 0.47748611 0.47128221],0.4894023363788923,0.4632269789775213,0.474796528617541,0.0162287720080869,0.0083998927188536,0.0025771149960509,['-111.4' '-93.3' '-117.5' '-111.0'],['109.6' '136.4' '116.7' '120.3'],['E' 'E' 'E' 'E'],['E' 'E' 'E' 'E'],-2.95,36.0,0.4123105625617661,75.09105583667517,-2.9,-2.0,[-3.5 -2.5 -2.9 -2.9],[103 -27  99 -31],-0.5,-2.0,0.0816496580927725,0.0,-0.5,[-0.5 -0.6 -0.4 -0.5],[-2 -2 -2 -2],-2.225,36.0,0.4031128874149275,75.09105583667517,-2.2,36.0,[-2.7 -1.8 -2.  -2.4],[103 -27  99 -31],-0.525,2.0,0.0957427107756337,0.0,-0.55,2.0,[-0.4 -0.5 -0.6 -0.6],[2 2 2 2],E,1,[0.09843369 0.15198592 0.11482491 0.13679062 0.15765128],True,Beta
232166,15,18,labels,4,1-p,8eac,B,['F' 'S' 'F' 'E'],0.84384996,-0.0758,-0.0091900000115856,0.17047119,0.009774457,0.0030118773849326,[1.015  0.705  0.6897 0.9657],[-0.0668 -0.0738 -0.0897 -0.0729],[-0.011112 -0.005626 -0.012187 -0.007835],[0.42059647 0.39249915 0.38446902 0.36050894],[0.46482273 0.47496458 0.47063833 0.43631209],[0.47218946 0.48393056 0.48575111 0.48190944],0.3895183950662614,0.461684433122476,0.4809451426068942,0.024777519308454,0.0174178008466242,0.0060443353827701,['-112.6' '-124.7' '-132.5' '-119.0'],['126.1' '157.7' '135.0' '121.6'],['E' 'E' 'E' 'E'],['E' 'E' 'E' 'E'],-1.575,128.0,0.8655441448399189,133.35416503931677,-1.75,-2.0,[-0.4 -2.  -1.5 -2.4],[ -2 243  28 243],-0.375,5.25,0.0957427107756338,14.5,-0.35,[-0.3 -0.5 -0.3 -0.4],[27 -2 -2 -2],-2.7,137.25,0.6782329983125269,124.41965278845622,-2.95,137.5,[-2.9 -3.  -1.7 -3.2],[ 29 245  30 245],-0.425,16.0,0.1707825127659933,16.165807537309522,-0.45,16.0,[-0.6 -0.4 -0.5 -0.2],[30  2  2 30],E,1,[0.13855306 0.23398972 0.1777209  0.21345329 0.23628303],True,Beta
234007,72,75,labels,4,1-p,6mfi,A,['A' 'I' 'L' 'I'],0.96967494,-0.0665,-0.012191500281915,0.06925475,0.008479779,0.0031218187064017,[0.9286 0.8958 1.0093 1.045 ],[-0.0688 -0.0774 -0.0584 -0.0614],[-0.011885 -0.015961 -0.008346 -0.012574],[0.4257273  0.46156155 0.48052112 0.46493323],[0.4892908  0.49319151 0.49843974 0.50588654],[0.47812668 0.47989335 0.47951058 0.48354445],0.4581857994198799,0.4967021495103837,0.4802687639991443,0.0231613503818546,0.0071792517746462,0.0023118825981723,['-141.4' '-108.9' '-106.9' '-122.4'],['126.9' '121.6' '125.9' '115.6'],['' 'E' 'E' 'E'],['' 'E' 'E' 'E'],-1.7999999999999998,1.25,1.224744871391589,9.810708435174291,-2.05,-2.0,[-0.2 -1.5 -2.6 -2.9],[ -2  11 -11   7],-0.35,-2.75,0.1914854215512676,1.5,-0.4,[-0.1 -0.3 -0.5 -0.5],[-5 -2 -2 -2],-3.0,0.0,0.2943920288775948,10.64581294844754,-3.0,0.0,[-3.3 -2.7 -3.2 -2.8],[ -7  11 -11   7],-0.475,0.0,0.1258305739211791,4.0,-0.5,2.0,[-0.6 -0.5 -0.5 -0.3],[-6  2  2  2],E,1,[0.11990324 0.19712354 0.14459458 0.17335338 0.19794888],True,Beta
234115,57,60,labels,4,1-p,3qra,A,['L' 'K' 'Y' 'R'],0.87759995,-0.0479,-0.0057665000203996,0.1250607,0.0056909285,0.0016206200093999,[1.01   0.7742 0.9587 0.7675],[-0.0536 -0.0402 -0.0476 -0.0502],[-0.007881 -0.004676 -0.006175 -0.004334],[0.39124497 0.44677178 0.40727265 0.42507576],[0.50737591 0.53801419 0.54042554 0.51290781],[0.48679278 0.48959332 0.49156387 0.48489055],0.4175912886857987,0.5246808628241222,0.4882101292411487,0.0238615549206719,0.0169679970150278,0.0029546142954717,['-107.4' '-126.0' '-131.8' '-120.4'],['131.7' '143.7' '125.9' '142.2'],['E' 'E' 'E' 'E'],['E' 'E' 'E' 'E'],-2.45,-6.5,0.2081665999466132,23.78374795247096,-2.45,-2.0,[-2.5 -2.2 -2.4 -2.7],[ 16 -25  12 -29],-0.425,-2.0,0.0499999999999999,0.0,-0.4,[-0.4 -0.5 -0.4 -0.4],[-2 -2 -2 -2],-2.4000000000000004,-6.5,0.1414213562373094,23.78374795247096,-2.45,-6.5,[-2.5 -2.4 -2.5 -2.2],[ 16 -25  12 -29],-0.4,2.0,0.0,0.0,-0.4,2.0,[-0.4 -0.4 -0.4 -0.4],[2 2 2 2],E,1,[0.11949945 0.19219315 0.15068349 0.18102608 0.20268509],True,Beta
236669,19,23,labels,5,1-p,8urf,H,['K' 'I' 'S' 'C' 'K'],0.91252005,-0.08264001,-0.0147069998085498,0.13059832,0.009340396,0.0040375371583156,[0.9135 0.9287 0.6941 1.0138 1.0125],[-0.0931 -0.089  -0.0838 -0.0779 -0.0694],[-0.015846 -0.013383 -0.0094   -0.014378 -0.020528],[0.40362407 0.41312015 0.42945732 0.44310693 0.45716372],[0.43985818 0.44971633 0.46049648 0.47439718 0.51453901],[0.47701166 0.47853943 0.47935498 0.47538555 0.47567611],0.4292944371700288,0.4678014357884725,0.4771935443083446,0.0217260436339625,0.0291082642052253,0.001738371379938,['-117.6' '-108.4' '-114.3' '-142.4' '-94.7'],['121.9' '136.8' '157.6' '107.7' '123.3'],['E' 'E' 'E' 'E' 'E'],['E' 'E' 'E' 'E' 'E'],-1.82,19.2,1.3809417076763235,36.941846191006746,-2.3,-2.0,[-0.3 -2.9 -0.4 -2.3 -3.2],[ -2  61  -2  57 -18],-0.32,23.2,0.1303840481040529,34.53548899320813,-0.3,[-0.2 -0.5 -0.2 -0.3 -0.4],[63 -2 59 -2 -2],-2.14,17.6,1.0310189135025605,38.55256152319844,-2.4,2.0,[-0.4 -2.4 -2.1 -2.9 -2.9],[  2  61 -14  57 -18],-0.36,14.2,0.1140175425099138,27.280029325497438,-0.4,2.0,[-0.2 -0.3 -0.4 -0.5 -0.4],[63  2  2  2  2],E,1,[0.13708897 0.21748911 0.16708829 0.1926194  0.20405469],True,Beta
236671,34,37,labels,4,1-p,8urf,H,['M' 'N' 'W' 'V'],0.846025,-0.092925,-0.0145537501666694,0.19238791,0.0060851616,0.0064152169828559,[1.094  0.6886 0.9024 0.6991],[-0.0992 -0.0891 -0.0969 -0.0865],[-0.023971 -0.011936 -0.012705 -0.009603],[0.42751901 0.43734086 0.37301835 0.39013735],[0.4189362  0.43602839 0.4450355  0.45141848],[0.45875999 0.47299333 0.48097556 0.48263945],0.4070038944482804,0.4378546426693599,0.4738420844078064,0.0304450238796978,0.014104194349419,0.0109006111879516,['-110.0' '-103.1' '-126.5' '-130.3'],['119.6' '153.9' '135.0' '143.4'],['E' 'E' 'E' 'E'],['E' 'E' 'E' 'E'],-2.925,37.5,0.5795112883571238,26.083200212652844,-2.85,-2.0,[-2.9 -3.7 -2.3 -2.8],[17 62 13 58],-0.35,-2.0,0.1290994448735805,0.0,-0.35,[-0.2 -0.5 -0.3 -0.4],[-2 -2 -2 -2],-2.6,37.25,0.3829708431025354,26.399179280172078,-2.5,37.5,[-2.3 -2.3 -3.1 -2.7],[17 62 12 58],-0.55,4.75,0.3696845502136472,5.5,-0.4,2.0,[-0.3 -0.4 -1.1 -0.4],[ 2  2 13  2],E,1,[0.13681175 0.23078033 0.17538873 0.21105716 0.2345952 ],True,Beta
238014,258,261,labels,4,1-p,6ome,A,['T' 'V' 'L' 'I'],0.98670006,-0.073875,-0.0130665001925081,0.04931139,0.005185478,0.004004029035593,[1.0066 0.9998 1.0258 0.9146],[-0.0775 -0.0732 -0.0668 -0.078 ],[-0.017083 -0.015409 -0.011656 -0.008118],[0.45439471 0.49389383 0.47890859 0.4265417 ],[0.51595746 0.48404258 0.48368797 0.46198585],[0.48016501 0.47547335 0.4804539  0.47699333],0.4634347061316172,0.4864184657732646,0.4782713999350866,0.0294958479785341,0.0222306529107491,0.0024366365637724,['-104.7' '-108.3' '-105.4' '-121.3'],['128.8' '123.1' '128.5' '128.9'],['E' 'E' 'E' 'E'],['E' 'E' 'E' 'E'],-2.65,79.0,0.6027713773341707,33.48631561299829,-2.5,-2.0,[-2.1 -2.6 -3.5 -2.4],[ 50 108  50 108],-0.475,-2.0,0.0499999999999999,0.0,-0.5,[-0.4 -0.5 -0.5 -0.5],[-2 -2 -2 -2],-2.875,81.0,0.1499999999999999,33.48631561299829,-2.9,81.0,[-3.  -2.8 -3.  -2.7],[ 52 110  52 110],-0.475,2.0,0.0499999999999999,0.0,-0.5,2.0,[-0.5 -0.5 -0.4 -0.5],[2 2 2 2],E,1,[0.12532046 0.21050312 0.14994204 0.17952198 0.20569694],True,Beta
240069,109,112,labels,4,1-p,8f90,D,['Y' 'E' 'S' 'A'],0.937075,-0.058525,-0.007580250268802,0.16031897,0.008546882,0.0015522560457361,[0.9533 0.7332 0.9369 1.1249],[-0.0702 -0.0541 -0.0506 -0.0592],[-0.00941  -0.005655 -0.007919 -0.007337],[0.41295726 0.42730726 0.45525798 0.46613857],[0.47773053 0.51425535 0.52205676 0.491844  ],[0.48153723 0.48723112 0.48838278 0.48120777],0.4404152681430181,0.5014716610312462,0.4845897232492765,0.0245476175034114,0.0203592905239963,0.0037469776720782,['-105.4' '-134.0' '-136.3' '-104.3'],['147.2' '144.2' '118.1' '127.7'],['E' 'E' 'E' 'E'],['E' 'E' 'E' 'E'],-2.3,-14.0,0.0816496580927725,42.78629063925344,-2.3,-2.0,[-2.4 -2.2 -2.3 -2.3],[-49  25 -53  21],-0.35,-2.0,0.0577350269189625,0.0,-0.35,[-0.4 -0.3 -0.3 -0.4],[-2 -2 -2 -2],-1.925,-18.75,1.0688779163215971,38.43934616162628,-2.25,-23.5,[-2.  -2.8 -2.5 -0.4],[-49  25 -53   2],-0.35,-12.25,0.1290994448735805,28.5,-0.35,2.0,[-0.3 -0.4 -0.5 -0.2],[  2   2   2 -55],E,1,[0.11705908 0.18933954 0.14334921 0.17203136 0.19526547],True,Beta
240121,227,230,labels,4,1-p,3mc0,D,['E' 'V' 'F' 'L'],0.862475,-0.051175002,-0.007257750025019,0.15302601,0.0068407482,0.0037625120396306,[0.738  0.9093 1.0587 0.7439],[-0.0462 -0.0605 -0.0459 -0.0521],[-0.005375 -0.012813 -0.006234 -0.004609],[0.39820006 0.44076139 0.4417224  0.42908268],[0.54035465 0.53007096 0.52588656 0.53035464],[0.48858778 0.48643222 0.48685779 0.48800834],0.4274416342377664,0.5316667010386785,0.4874715333183607,0.0203233740052715,0.0061416181600692,0.0009984993240365,['-142.3' '-114.6' '-124.1' '-124.2'],['139.4' '135.4' '118.3' '145.3'],['E' 'E' 'E' 'E'],['E' 'E' 'E' 'E'],-2.475,-73.0,0.2986078811194819,30.066592756745816,-2.5,-2.0,[-2.1 -2.6 -2.4 -2.8],[-45 -99 -49 -99],-0.425,-2.0,0.0499999999999999,0.0,-0.4,[-0.4 -0.4 -0.4 -0.5],[-2 -2 -2 -2],-2.75,-72.0,0.6244997998398398,28.91366458960192,-2.75,-73.0,[-3.5 -2.6 -2.  -2.9],[-45 -97 -49 -97],-0.4,2.0,0.0816496580927726,0.0,-0.4,2.0,[-0.4 -0.5 -0.3 -0.4],[2 2 2 2],E,1,[0.11779881 0.18782161 0.14967113 0.17952218 0.20044457],True,Beta
240412,34,37,labels,4,1-p,7bv3,A,['V' 'T' 'V' 'L'],0.92645,-0.087375,-0.0160587502177804,0.19893359,0.009894571,0.0042782209843636,[0.6652 0.9974 0.9047 1.1385],[-0.0739 -0.0925 -0.0865 -0.0966],[-0.009888 -0.016833 -0.019671 -0.017843],[0.40895035 0.41816952 0.49526204 0.46222937],[0.49361705 0.45893621 0.44283692 0.42964543],[0.47994444 0.47422666 0.46980722 0.46858723],0.4461528186996778,0.456258902947108,0.4731413871049881,0.0401549486607307,0.0276358800367866,0.0051418660624206,['-129.4' '-122.3' '-106.4' '-103.5'],['138.9' '129.4' '123.7' '115.0'],['E' 'E' 'E' 'E'],['E' 'E' 'E' 'E'],-2.725,-2.5,0.3774917217635374,32.90896534380867,-2.8,-2.0,[-2.8 -2.2 -2.8 -3.1],[ 26 -31  26 -31],-0.4,-2.0,0.0816496580927726,0.0,-0.4,[-0.3 -0.4 -0.4 -0.5],[-2 -2 -2 -2],-2.05,7.25,1.2124355652982142,27.097047809678457,-2.35,15.0,[-1.9 -2.8 -3.1 -0.4],[ 28 -29  28   2],-0.425,8.5,0.1707825127659933,13.0,-0.45,2.0,[-0.4 -0.5 -0.6 -0.2],[ 2  2  2 28],E,1,[0.12683973 0.21182253 0.15609916 0.18760342 0.21299662],True,Beta
243043,186,189,labels,4,1-p,6rnn,D,['S' 'S' 'V' 'T'],0.78569996,-0.083399996,-0.0101115000434219,0.16217092,0.009066789,0.0025945114962755,[0.7005 0.6806 0.7351 1.0266],[-0.0964 -0.081  -0.0753 -0.0809],[-0.011747 -0.007472 -0.012855 -0.008372],[0.3225572  0.344693   0.39780914 0.36402721],[0.44843975 0.45907804 0.47007095 0.44517734],[0.48406167 0.48218111 0.48405611 0.48026333],0.3572716365257899,0.4556915188829105,0.4826405545075735,0.0318969229033164,0.0112749392082061,0.0018152704170647,['-142.9' '-126.1' '-135.4' '-115.0'],['142.9' '151.0' '139.4' '126.1'],['E' 'E' 'E' 'E'],['E' 'E' 'E' 'E'],-2.2,-27.0,0.4898979485566356,10.64581294844754,-2.3,-2.0,[-1.6 -2.6 -2.6 -2. ],[-34 -16 -38 -20],-0.3,-2.0,0.0,0.0,-0.3,[-0.3 -0.3 -0.3 -0.3],[-2 -2 -2 -2],-1.825,-27.0,1.0688779163215976,10.64581294844754,-2.15,-27.0,[-1.9 -2.4 -2.7 -0.3],[-34 -16 -38 -20],-0.325,-8.5,0.1258305739211791,21.0,-0.3,2.0,[-0.3 -0.3 -0.5 -0.2],[  2   2   2 -40],E,1,[0.09486006 0.1360063  0.12535391 0.1495517  0.16265455],True,Beta
243994,20,24,labels,5,1-p,4tvs,a,['R' 'L' 'S' 'C' 'A'],0.91966,-0.083060004,-0.0158895999193191,0.115247965,0.007394796,0.0055306395573713,[0.996  1.0005 0.7201 0.9362 0.9455],[-0.0887 -0.0764 -0.0765 -0.0928 -0.0809],[-0.020328 -0.01242  -0.008217 -0.017088 -0.021395],[0.43007626 0.44248795 0.43274754 0.42378898 0.44898699],[0.45801422 0.46695039 0.46404259 0.4608511  0.47574471],[0.47490335 0.47724168 0.47904167 0.47405556 0.47154333],0.4356175442536673,0.4651206036408742,0.4753571152687074,0.0100598454565426,0.0068211300883387,0.0028970838340188,['-125.8' '-84.6' '-126.6' '-128.0' '-95.5'],['108.3' '142.0' '151.5' '121.7' '128.7'],['E' 'E' 'E' 'E' 'E'],['E' 'E' 'E' 'E' 'E'],-2.16,15.0,0.996493853468249,40.26785318340177,-2.5,-2.0,[-0.4 -2.8 -2.5 -2.7 -2.4],[-11  61 -14  57 -18],-0.34,-2.0,0.0547722557505166,0.0,-0.3,[-0.3 -0.4 -0.3 -0.3 -0.4],[-2 -2 -2 -2 -2],-1.88,17.6,0.9833615815151616,38.55256152319844,-2.3,2.0,[-0.3 -2.4 -2.8 -2.3 -1.6],[  2  61 -14  57 -18],-0.36,14.2,0.1140175425099138,27.280029325497438,-0.4,2.0,[-0.2 -0.3 -0.4 -0.5 -0.4],[63  2  2  2  2],E,1,[0.12867333 0.2152765  0.1588999  0.19095547 0.21593605],True,Beta
245168,27,30,labels,4,1-p,4rnc,C,['L' 'V' 'L' 'L'],1.011325,-0.07615,-0.0131297498010098,0.08977865,0.0054274006,0.0028239157786625,[1.1232 0.9891 0.9067 1.0263],[-0.0778 -0.0829 -0.0704 -0.0735],[-0.010582 -0.017155 -0.012128 -0.012654],[0.48125412 0.49174378 0.47596039 0.40329829],[0.45070925 0.47439719 0.47744683 0.45212768],[0.46737167 0.47785278 0.47670167 0.47290112],0.4630641465385755,0.4636702388525009,0.4737068091829618,0.0403801423328411,0.0142136088352733,0.0047237471063771,['-124.4' '-99.6' '-102.7' '-125.0'],['110.0' '125.4' '129.7' '116.7'],['E' 'E' 'E' 'E'],['E' 'E' 'E' 'E'],-2.475,47.0,0.05,24.24871130596428,-2.5,-2.0,[-2.5 -2.5 -2.5 -2.4],[26 68 26 68],-0.5,-2.0,0.0816496580927725,0.0,-0.5,[-0.4 -0.5 -0.6 -0.5],[-2 -2 -2 -2],-2.7,49.0,0.2449489742783178,24.24871130596428,-2.75,49.0,[-2.9 -2.9 -2.4 -2.6],[28 70 28 70],-0.425,19.75,0.2217355782608345,35.5,-0.5,2.0,[-0.6 -0.5 -0.5 -0.1],[ 2  2  2 73],E,1,[0.12599095 0.21307306 0.14908872 0.17804615 0.20478565],True,Beta
246277,873,876,labels,4,l3(10),5dmy,B,['K' 'I' 'A' 'T'],0.85815,-0.102450006,-0.0175262500997632,0.032866243,0.0011239804,0.0030922762720256,[0.8395 0.8215 0.8826 0.889 ],[-0.1036 -0.103  -0.101  -0.1022],[-0.016323 -0.019081 -0.020869 -0.013832],[0.37899615 0.41430919 0.4223719  0.37065655],[0.42914897 0.42014186 0.42113476 0.38368795],[0.47444501 0.46873723 0.47012112 0.46868556],0.396583450337251,0.4135283852616946,0.470497228205204,0.0255653638820621,0.0202981858749202,0.0027145369553918,['-120.6' '-112.8' '-79.9' '-125.1'],['127.1' '122.2' '141.2' '136.4'],['E' 'E' 'E' 'E'],['E' 'E' 'E' 'E'],-2.075,-33.75,1.1954775893619531,42.86704250742444,-2.55,-2.0,[-0.3 -2.9 -2.6 -2.5],[ -2 -16 -97 -20],-0.375,-5.0,0.15,6.0,-0.4,[-0.2 -0.5 -0.5 -0.3],[-14  -2  -2  -2],-1.875,-32.25,1.5195942440884234,42.91367303474888,-1.7000000000000002,-18.0,[-0.5 -3.6 -2.7 -0.7],[  2 -16 -95 -20],-0.325,-2.0,0.0957427107756338,8.0,-0.35,2.0,[-0.2 -0.3 -0.4 -0.4],[-14   2   2   2],E,1,[0.11366523 0.17852157 0.14476484 0.17390655 0.19387246],True,Beta
246667,294,297,labels,4,1-p,4clt,A,['I' 'V' 'F' 'V'],1.0518,-0.064425,-0.0113377501256763,0.1842613,0.009988452,0.0023140569029965,[0.899  1.2691 1.1404 0.8987],[-0.0789 -0.0609 -0.056  -0.0619],[-0.014467 -0.010841 -0.011153 -0.00889 ],[0.49291652 0.5388984  0.53884953 0.47504826],[0.44212768 0.49943264 0.51148939 0.5085816 ],[0.46936223 0.47974388 0.48284221 0.48396332],0.5114281798402469,0.4904078294833501,0.4789779086907705,0.0325203688600766,0.0325941598681499,0.0066542000866941,['-97.0' '-124.2' '-106.0' '-109.2'],['134.0' '107.0' '112.8' '126.6'],['E' 'E' 'E' 'E'],['E' 'E' 'E' 'E'],-3.0,70.0,0.4082482904638631,24.358434541926812,-2.85,-2.0,[-3.6 -2.7 -2.9 -2.8],[93 51 89 47],-0.55,-2.0,0.0999999999999999,0.0,-0.5,[-0.5 -0.5 -0.5 -0.7],[-2 -2 -2 -2],-2.5250000000000004,70.0,0.2499999999999998,24.358434541926812,-2.55,70.0,[-2.2 -2.5 -2.6 -2.8],[93 51 89 47],-0.55,2.0,0.0999999999999999,0.0,-0.5,2.0,[-0.5 -0.7 -0.5 -0.5],[2 2 2 2],E,1,[0.09755464 0.15023166 0.11352034 0.13515068 0.1557933 ],True,Beta
247959,31,34,labels,4,1-p,6tge,X,['I' 'T' 'G' 'Y'],0.897275,-0.05745,-0.0106150000356137,0.16738912,0.004660114,0.0021058543387489,[0.922  1.0959 0.688  0.8832],[-0.0539 -0.0625 -0.0603 -0.0531],[-0.010069 -0.013542 -0.01032  -0.008529],[0.38469708 0.44074513 0.43442526 0.3197882 ],[0.56695038 0.51297875 0.51354613 0.59113479],[0.48013054 0.48114944 0.48200499 0.49460944],0.3949139167865118,0.5461525122324626,0.4844736009836198,0.0560056655005087,0.0392412661440282,0.0068005246793693,['-123.5' '-118.3' '-107.5' '-124.2'],['127.6' '118.8' '139.9' '134.8'],['E' 'E' 'E' 'E'],['E' 'E' 'E' 'E'],-1.575,-14.0,1.4314910641239318,13.856406460551018,-1.35,-14.0,[-0.3 -2.2 -0.5 -3.3],[ -2 -26  -2 -26],-0.275,-14.0,0.0957427107756338,13.856406460551018,-0.25,[-0.2 -0.4 -0.2 -0.3],[-26  -2 -26  -2],-1.625,-11.0,1.3671747023210554,15.01110699893027,-1.55,-11.0,[-0.5 -2.6 -0.4 -3. ],[  2 -24   2 -24],-0.25,-10.75,0.0577350269189625,15.305227865013968,-0.25,-11.0,[-0.2 -0.3 -0.2 -0.3],[-24   2 -24   3],E,1,[0.13276077 0.22217364 0.16571788 0.19810564 0.22140609],True,Beta
250938,174,178,labels,5,1-p,2gb4,B,['Q' 'Y' 'L' 'V' 'A'],0.9599001,-0.051179998,-0.0082837999798357,0.14159814,0.009072598,0.0023208764141629,[0.9502 0.9372 1.1626 0.7652 0.9843],[-0.058  -0.0437 -0.044  -0.0466 -0.0636],[-0.01196  -0.009091 -0.007083 -0.006118 -0.007167],[0.38065758 0.49679315 0.46665979 0.47433158 0.38661909],[0.57475179 0.53496456 0.54304967 0.52893621 0.49836883],[0.48926722 0.48437    0.48761557 0.48868445 0.48859556],0.441012238462766,0.5360142131646475,0.4877065579096477,0.0535742128680227,0.0274703146211618,0.0019572381308886,['-127.3' '-127.3' '-100.1' '-134.2' '-109.5'],['134.6' '114.0' '124.6' '131.3' '126.1'],['E' 'E' 'E' 'E' 'E'],['E' 'E' 'E' 'E' 'E'],-2.46,4.8,0.5029910535983717,50.41031640448213,-2.6,-2.0,[-1.6 -2.9 -2.5 -2.6 -2.7],[-32  62 -32  58 -32],-0.4,-2.0,0.0707106781186547,0.0,-0.4,[-0.3 -0.4 -0.4 -0.5 -0.4],[-2 -2 -2 -2 -2],-2.14,6.0,1.1392980294900892,49.31531202375181,-2.7,-30.0,[-1.6 -3.2 -2.7 -2.8 -0.4],[-30  62 -30  58 -30],-0.44,-3.8,0.0547722557505166,12.96919426949878,-0.4,2.0,[-0.4 -0.5 -0.4 -0.5 -0.4],[  2   2   2   2 -27],E,1,[0.1105076  0.17577751 0.13382394 0.16102569 0.18362447],True,Beta
251034,830,833,labels,4,1-p,4dlq,A,['T' 'T' 'C' 'A'],0.80842495,-0.064950004,-0.0104039999423548,0.19373167,0.008931406,0.0025048953518576,[0.6574 0.9586 0.6255 0.9922],[-0.0527 -0.0659 -0.0671 -0.0741],[-0.012038 -0.012309 -0.006865 -0.010404],[0.31110653 0.36510225 0.41963547 0.39292267],[0.6043972  0.50659578 0.49141847 0.49617023],[0.48632612 0.48266001 0.48356778 0.48139279],0.3721917321284612,0.5246454204122226,0.4834866747260095,0.0464124365189962,0.053544380186124,0.0020925861377804,['-136.0' '-115.2' '-126.9' '-129.3'],['140.5' '135.4' '151.2' '122.1'],['E' 'E' 'E' 'E'],['E' 'E' 'E' 'E'],-2.65,-26.75,0.4358898943540673,20.08938359764513,-2.75,-2.0,[-2.1 -3.  -3.  -2.5],[-42  -7 -46 -12],-0.325,-2.0,0.05,0.0,-0.3,[-0.3 -0.3 -0.4 -0.3],[-2 -2 -2 -2],-2.3999999999999995,-27.0,0.2943920288775948,19.76528944049813,-2.35,-27.0,[-2.4 -2.8 -2.1 -2.3],[-42  -8 -46 -12],-0.6749999999999999,-0.25,0.55,4.5,-0.4,2.0,[-0.4 -1.5 -0.4 -0.4],[ 2 -7  2  2],E,1,[0.10550117 0.15986765 0.13819615 0.16668936 0.18421344],True,Beta
253048,611,615,labels,5,1-p,4f0h,B,['L' 'I' 'R' 'Q' 'E'],1.0058,-0.07708,-0.0200744001194834,0.07338503,0.008027888,0.0081132265316841,[0.9989 0.9136 1.0458 1.1048 0.9659],[-0.0851 -0.0715 -0.0714 -0.0866 -0.0708],[-0.023171 -0.012145 -0.011424 -0.030359 -0.023273],[0.44970366 0.48185677 0.49910609 0.50762486 0.40183235],[0.44950357 0.47659577 0.47553193 0.47602837 0.52049645],[0.46251221 0.47403332 0.47003999 0.46385778 0.47423778],0.4680247485637664,0.4796312173207601,0.4689362148443859,0.0431353664167961,0.0255765555641092,0.0055309077339112,['-107.4' '-107.9' '-119.3' '-97.1' '-81.7'],['120.9' '130.6' '108.3' '124.5' '126.5'],['E' 'E' 'E' 'E' 'E'],['E' 'E' 'E' 'E' 'E'],-1.52,2.8,1.4515508947329403,6.723094525588643,-0.6,6.0,[-0.4 -3.3 -0.4 -2.9 -0.6],[-2 12 -2  8 -2],-0.3399999999999999,5.2,0.1949358868961792,7.155417527999327,-0.2,[-0.2 -0.5 -0.2 -0.6 -0.2],[14 -2 10 -2  6],-1.1800000000000002,6.0,1.1454256850621083,4.242640687119285,-0.6,6.0,[-0.4 -1.8 -0.6 -2.9 -0.2],[ 2 12  2  8  6],-0.3,6.2,0.1999999999999999,5.495452665613634,-0.2,3.0,[-0.2 -0.6 -0.2 -0.4 -0.1],[14  2 10  2  3],E,1,[0.12596292 0.21235228 0.14948765 0.17846149 0.2047202 ],True,Beta
254755,147,150,labels,4,1-p,6i86,C,['I' 'I' 'T' 'L'],0.85719997,-0.043399997,-0.0061679999926127,0.14823286,0.0071260096,0.0036538076802805,[0.7408 1.0558 0.8852 0.747 ],[-0.0531 -0.0381 -0.038  -0.0444],[-0.009634 -0.007882 -0.005995 -0.001161],[0.33812881 0.43681962 0.43782948 0.35345611],[0.5931915  0.54666668 0.55283689 0.49553194],[0.48497334 0.48693834 0.49164555 0.48679389],0.3915585068364938,0.5470567544301351,0.4875877797603608,0.0532168430719662,0.0400698731705111,0.0028491442856633,['-135.8' '-117.9' '-117.8' '-118.7'],['132.4' '117.5' '131.0' '142.1'],['E' 'E' 'E' 'E'],['E' 'E' 'E' 'E'],-2.675,-57.0,0.741057802513857,32.37282811247729,-2.6,-2.0,[-2.  -3.1 -2.1 -3.5],[-27 -85 -31 -85],-0.4,-2.0,0.0816496580927726,0.0,-0.4,[-0.3 -0.4 -0.5 -0.4],[-2 -2 -2 -2],-2.825,-56.0,0.6849574196011505,31.219651930581588,-2.6,-57.0,[-2.4 -2.8 -2.3 -3.8],[-27 -83 -31 -83],-0.375,-6.75,0.1258305739211791,17.5,-0.4,2.0,[-0.5 -0.4 -0.4 -0.2],[  2   2   2 -33],E,1,[0.10207246 0.15364834 0.13006202 0.15650263 0.17412247],True,Beta
255499,72,75,labels,4,1-p,1gqg,C,['Y' 'E' 'N' 'F'],0.94345,-0.0718,-0.0140922496793791,0.16264023,0.008271639,0.0060564003831011,[1.1157 0.7349 0.909  1.0142],[-0.069  -0.0745 -0.0816 -0.0621],[-0.022238 -0.012239 -0.014144 -0.007748],[0.37759537 0.44949192 0.43295929 0.44976881],[0.59581562 0.4786525  0.48354613 0.4853901 ],[0.48206167 0.47298834 0.48103832 0.48009778],0.4274538457393646,0.5108510851860046,0.4790465285380682,0.034155586773106,0.0567143240829059,0.0041176513142307,['-111.4' '-105.4' '-130.8' '-107.2'],['122.8' '148.5' '125.2' '122.1'],['E' 'E' 'E' 'E'],['E' 'E' 'E' 'E'],-2.375,42.5,0.7135591542869216,13.47837774610382,-2.5,-2.0,[-2.6 -2.4 -1.4 -3.1],[56 33 52 29],-0.4,-2.0,0.0816496580927726,0.0,-0.4,[-0.4 -0.5 -0.3 -0.4],[-2 -2 -2 -2],-2.4000000000000004,42.5,0.3559026084010436,13.47837774610382,-2.35,42.5,[-2.1 -2.6 -2.1 -2.8],[56 33 52 29],-0.4249999999999999,2.0,0.1258305739211791,0.0,-0.4,2.0,[-0.3 -0.4 -0.6 -0.4],[2 2 2 2],E,1,[0.13425757 0.22867878 0.16397151 0.19609021 0.22197827],True,Beta
257159,103,106,labels,4,1-p,8ewu,A,['L' 'L' 'Y' 'L'],0.93415,-0.086050004,-0.0188874998129904,0.15122017,0.0044155014,0.0027242826757342,[0.7197 1.0295 0.937  1.0504],[-0.0919 -0.0812 -0.0852 -0.0859],[-0.01683  -0.01969  -0.022396 -0.016634],[0.33101083 0.43753631 0.49140173 0.42398445],[0.51659578 0.45510642 0.45936172 0.43390072],[0.47141332 0.46726888 0.46737778 0.47570391],0.4209833294153214,0.4662411610285442,0.4704409738381704,0.0666753582822105,0.0353685397460991,0.0040037152703192,['-133.7' '-105.6' '-101.3' '-91.4'],['138.7' '113.3' '127.4' '125.4'],['E' 'E' 'E' 'E'],['E' 'E' 'E' 'E'],-2.225,5.5,0.8808140174482542,57.15767664977295,-2.45,-2.0,[-2.2 -2.7 -3.  -1. ],[ 55 -44  55 -44],-0.4499999999999999,-2.0,0.1290994448735805,0.0,-0.45,[-0.3 -0.4 -0.6 -0.5],[-2 -2 -2 -2],-1.95,32.25,1.2793227374930325,49.5,-2.3,57.0,[-3.  -2.8 -1.8 -0.2],[ 57 -42  57  57],-0.425,2.0,0.2217355782608345,0.0,-0.5,2.0,[-0.6 -0.5 -0.5 -0.1],[2 2 2 2],E,1,[0.12820772 0.21538162 0.1571908  0.18912259 0.21499156],True,Beta
258526,75,78,labels,4,1-p,7yzn,A,['L' 'F' 'I' 'D'],0.98267496,-0.097975,-0.0210377499461174,0.07789103,0.008624913,0.0052028908679436,[1.093  0.9249 0.982  0.9308],[-0.1041 -0.0886 -0.0928 -0.1064],[-0.028311 -0.019168 -0.020596 -0.016076],[0.40320058 0.48863271 0.46221308 0.39059342],[0.38744684 0.43581564 0.43418442 0.38914897],[0.45665166 0.46218054 0.46897778 0.47091555],0.4361599485079448,0.41164896885554,0.4646813819805782,0.0468856202721322,0.0269806578705674,0.0065333627366378,['-104.1' '-89.9' '-108.4' '-85.3'],['108.0' '129.4' '116.5' '146.2'],['E' 'E' 'E' 'E'],['E' 'E' 'E' 'E'],-2.175,-49.0,1.0719919153923998,20.848661028149188,-2.6,-2.0,[-2.8 -2.9 -2.4 -0.6],[-67 -29 -67 -33],-0.55,-2.0,0.1290994448735805,0.0,-0.55,[-0.4 -0.7 -0.5 -0.6],[-2 -2 -2 -2],-2.4250000000000003,-48.0,0.5315072906367324,19.697715603592208,-2.45,-49.0,[-3.  -2.2 -2.7 -1.8],[-65 -29 -65 -33],-0.35,-14.75,0.2380476142847616,33.5,-0.35,2.0,[-0.5 -0.6 -0.2 -0.1],[  2   2   2 -65],E,1,[0.09438077 0.14214757 0.11314369 0.1354106  0.15498287],True,Beta
260011,146,149,labels,4,l3(10),3ls4,L,['N' 'V' 'K' 'W'],0.817375,-0.068775,-0.0107934998814016,0.022309411,0.0029159046,0.0016942469410157,[0.7884 0.8113 0.836  0.8338],[-0.0713 -0.0662 -0.0713 -0.0663],[-0.01246  -0.008444 -0.011336 -0.010934],[0.35979225 0.39673412 0.40412901 0.3980209 ],[0.55517734 0.4902128  0.49375889 0.49730499],[0.49149056 0.48208889 0.48293667 0.48373946],0.3896690706411998,0.5091135029991468,0.4850638955831527,0.0201773972534005,0.030845416266977,0.0043371233143029,['-137.0' '-120.9' '-125.0' '-98.9'],['136.5' '134.5' '129.9' '146.8'],['E' 'E' 'E' 'E'],['E' 'E' 'E' 'E'],-1.3249999999999995,26.25,0.9776672917374976,27.7173231030704,-1.25,-2.0,[-1.9 -0.4 -2.4 -0.6],[52 -2 48  7],-0.325,11.0,0.0957427107756338,26.0,-0.35,[-0.3 -0.2 -0.4 -0.4],[-2 50 -2 -2],-2.0250000000000004,27.25,1.1146748404803977,26.399179280172078,-2.45,27.5,[-2.8 -0.4 -2.7 -2.2],[52  2 48  7],-0.3,14.0,0.0816496580927726,24.0,-0.3,2.0,[-0.4 -0.2 -0.3 -0.3],[ 2 50  2  2],E,1,[0.1132742  0.17519559 0.14730004 0.17692377 0.19407783],True,Beta
260809,238,242,labels,5,1-p,5zxa,A,['I' 'W' 'T' 'G' 'V'],0.87329996,-0.033180002,-0.0045948000159114,0.14798063,0.005966323,0.0021849336941766,[0.716  1.0452 0.9202 0.7217 0.9634],[-0.0294 -0.03   -0.0277 -0.0371 -0.0417],[-0.002023 -0.00493  -0.003244 -0.004955 -0.007822],[0.41665472 0.43675447 0.4376829  0.42435907 0.36897886],[0.55304968 0.57652487 0.57106388 0.562766   0.56304967],[0.49274611 0.494335   0.49270612 0.49109945 0.58270722],0.4168860018253326,0.5652908205986023,0.5107187787691753,0.0281880355621665,0.0089550967514157,0.0402590182350719,['-143.5' '-121.1' '-126.8' '-117.2' '-126.0'],['133.5' '123.8' '121.7' '145.2' '132.2'],['E' 'E' 'E' 'E' 'E'],['E' 'E' 'E' 'E' 'E'],-2.7,-6.4,0.2121320343559642,16.195678435928517,-2.7,-2.0,[-2.5 -2.5 -2.8 -3.  -2.7],[-14  13 -18   9 -22],-0.4,-2.0,0.0707106781186547,0.0,-0.4,[-0.4 -0.4 -0.4 -0.5 -0.3],[-2 -2 -2 -2 -2],-2.4800000000000004,-6.4,0.3898717737923584,16.195678435928517,-2.3,-14.0,[-2.1 -2.9 -2.9 -2.2 -2.3],[-14  13 -18   9 -22],-0.4,2.0,0.0707106781186547,0.0,-0.4,2.0,[-0.4 -0.5 -0.3 -0.4 -0.4],[2 2 2 2 2],E,1,[0.09054662 0.13106489 0.11441688 0.13735301 0.15357131],True,Beta
260890,157,161,labels,5,1-p,6fop,A,['A' 'Y' 'F' 'V' 'F'],0.79840004,-0.059240002,-0.0104944001883268,0.19863148,0.006653796,0.0048962082373109,[1.0776 0.7183 0.5898 0.9254 0.6809],[-0.0574 -0.0646 -0.0606 -0.0649 -0.0487],[-0.016711 -0.012253 -0.004203 -0.012217 -0.007088],[0.36247983 0.38858997 0.36379917 0.35770735 0.33241162],[0.59361704 0.50879435 0.50347521 0.51475179 0.56950357],[0.49306834 0.4815739  0.48407058 0.48694002 0.49250334],0.3609975884358088,0.538028391202291,0.4876312335332235,0.0199960525766639,0.0408385126876786,0.0050780608331601,['-131.8' '-120.3' '-137.3' '-128.4' '-107.0'],['142.2' '140.7' '146.5' '131.5' '146.5'],['E' 'E' 'E' 'E' 'E'],['E' 'E' 'E' 'E' 'E'],-2.3,34.6,0.3674234614174768,41.74685616905781,-2.1,-2.0,[-2.  -2.  -2.7 -2.1 -2.7],[ 69  -9  65 -13  61],-0.32,-2.0,0.0836660026534075,0.0,-0.3,[-0.2 -0.3 -0.4 -0.3 -0.4],[-2 -2 -2 -2 -2],-2.1000000000000005,22.8,1.074709263010234,40.74555190447173,-2.2,2.0,[-2.2 -3.1 -2.2 -2.7 -0.3],[ 69  -9  65 -13   2],-0.32,-1.4,0.0836660026534075,7.602631123499285,-0.3,2.0,[-0.4 -0.3 -0.4 -0.3 -0.2],[  2   2   2   2 -15],E,1,[0.11241161 0.16124299 0.14060569 0.15460339 0.16228163],True,Beta
260903,266,269,labels,4,1-p,6fop,A,['T' 'T' 'F' 'T'],0.9009,-0.066025,-0.0101117501035332,0.13309835,0.0081401775,0.0046480925184815,[0.9018 0.9057 1.061  0.7351],[-0.0717 -0.0738 -0.0621 -0.0565],[-0.010671 -0.015541 -0.010041 -0.004194],[0.43538625 0.46722988 0.44007728 0.43828557],[0.4944681  0.49106386 0.50184401 0.48943265],[0.48087279 0.47985946 0.48345779 0.48128501],0.4452447469035785,0.4942021568616231,0.4813687627514204,0.014783650561292,0.0055095579059102,0.001516030504827,['-122.7' '-106.0' '-114.7' '-132.0'],['130.4' '135.2' '125.1' '130.6'],['E' 'E' 'E' 'E'],['E' 'E' 'E' 'E'],-2.7250000000000005,19.0,0.125830573921179,39.327683210007,-2.7,-2.0,[-2.7 -2.6 -2.9 -2.7],[ 55 -13  51 -17],-0.4,-2.0,0.0,0.0,-0.4,[-0.4 -0.4 -0.4 -0.4],[-2 -2 -2 -2],-2.075,19.0,0.3201562118716423,39.327683210007,-2.05,19.0,[-2.3 -1.8 -1.8 -2.4],[ 55 -13  51 -17],-0.4,2.0,0.0,0.0,-0.4,2.0,[-0.4 -0.4 -0.4 -0.4],[2 2 2 2],E,1,[0.13595041 0.23121918 0.16943679 0.20368838 0.22901204],True,Beta
261627,111,114,labels,4,l3(10),6mps,A,['A' 'K' 'M' 'L'],0.85895,-0.080800004,-0.012842500116676,0.026396792,0.006568612,0.0023580815372409,[0.8697 0.8762 0.8703 0.8196],[-0.071  -0.0834 -0.0838 -0.085 ],[-0.011256 -0.016348 -0.012015 -0.011751],[0.37984316 0.42613451 0.41797406 0.4441005 ],[0.53460993 0.46936171 0.45943263 0.43014185],[0.49253332 0.47798944 0.47771445 0.47026223],0.4170130565762521,0.4733865310748419,0.4796248575051626,0.0270767765202713,0.0440806770115009,0.0093204323334191,['-131.5' '-122.0' '-98.9' '-137.9'],['136.9' '126.2' '142.5' '116.7'],['E' 'E' 'E' 'E'],['E' 'E' 'E' 'E'],-2.2,77.0,0.5354126134736336,101.6267681273,-2.1500000000000004,-2.0,[-1.6 -2.1 -2.9 -2.2],[165  -9 165 -13],-0.375,-2.0,0.0957427107756338,0.0,-0.35,[-0.3 -0.4 -0.5 -0.3],[-2 -2 -2 -2],-2.6,78.0,0.4690415759823428,102.78132126023678,-2.55,79.0,[-2.2 -2.2 -2.9 -3.1],[167  -9 167 -13],-0.425,2.0,0.0957427107756338,0.0,-0.45,2.0,[-0.5 -0.3 -0.4 -0.5],[2 2 2 2],E,1,[0.1381141  0.23572039 0.1759449  0.21226919 0.23795141],True,Beta
261655,143,146,labels,4,1-p,8ahn,A,['L' 'P' 'T' 'V'],0.966925,-0.09392501,-0.0205767499282956,0.13881025,0.007875862,0.005716193275579,[1.0911 0.7688 1.018  0.9898],[-0.1045 -0.0861 -0.0947 -0.0904],[-0.028138 -0.01444  -0.018821 -0.020908],[0.4039987  0.46876099 0.45226093 0.45726143],[0.44375889 0.43595747 0.44595746 0.45808512],[0.46594055 0.46588943 0.46990611 0.47244611],0.4455705136060716,0.4459397370616595,0.4685455511013667,0.0285625209495717,0.0091635570139708,0.0032097003516734,['-107.2' '-82.2' '-125.6' '-93.7'],['106.2' '146.4' '121.0' '129.4'],['E' 'E' 'E' 'E'],['E' 'E' 'E' 'E'],-1.7999999999999998,-27.25,1.219289410544792,42.742445726311296,-2.3,-2.0,[-2.5  0.  -2.1 -2.6],[ -7   0 -11 -91],-0.25,-23.25,0.1914854215512676,43.84347157787577,-0.3,[-0.4  0.  -0.2 -0.4],[ -2   0 -89  -2],-1.95,-49.0,0.4203173404306163,46.245720522732334,-1.95,-49.0,[-1.5 -2.2 -2.4 -1.7],[ -7 -87 -11 -91],-0.375,2.0,0.1258305739211791,0.0,-0.4,2.0,[-0.2 -0.4 -0.5 -0.4],[2 2 2 2],E,1,[0.10047524 0.15394674 0.1213611  0.14524154 0.16544394],True,Beta
264175,134,137,labels,4,1-p,1ut7,B,['M' 'H' 'E' 'Y'],0.994575,-0.070374995,-0.0129317498067393,0.19042283,0.0061212056,0.0048967560936571,[0.7765 1.2398 0.962  1.    ],[-0.067  -0.0791 -0.0654 -0.07  ],[-0.01092  -0.018241 -0.015422 -0.007144],[0.455372   0.48511444 0.5215188  0.41206141],[0.50957449 0.4882979  0.48617024 0.4566667 ],[0.48089557 0.47523169 0.47732945 0.4815589 ],0.4685166602333387,0.4851773331562679,0.4787539020180703,0.0463490011998522,0.0217470420528998,0.0029938714180621,['-125.4' '-113.7' '-102.6' '-108.4'],['138.5' '116.8' '121.4' '129.9'],['E' 'E' 'E' 'E'],['E' 'E' 'E' 'E'],-2.8,-2.5,0.3651483716701108,19.192012227313043,-2.8,-2.0,[-2.6 -2.4 -3.  -3.2],[-17  16 -21  12],-0.4499999999999999,-2.0,0.1290994448735805,0.0,-0.45,[-0.3 -0.4 -0.5 -0.6],[-2 -2 -2 -2],-2.5,-2.5,0.2943920288775948,19.192012227313043,-2.45,-2.5,[-2.9 -2.5 -2.4 -2.2],[-17  16 -21  12],-0.5,2.0,0.0816496580927725,0.0,-0.5,2.0,[-0.5 -0.6 -0.5 -0.4],[2 2 2 2],E,1,[0.12727424 0.20952082 0.15217699 0.18027445 0.20173802],True,Beta
264559,63,66,labels,4,1-p,9gnx,B,['R' 'F' 'L' 'F'],0.81437504,-0.054075,-0.0209352493984624,0.18272214,0.0048196637,0.0182393567107631,[0.9817 0.9469 0.7339 0.595 ],[-0.0583 -0.0516 -0.0579 -0.0485],[-0.019621 -0.011642 -0.005579 -0.046899],[0.38238414 0.43367599 0.37068913 0.31063417],[0.61872343 0.5192908  0.52624116 0.51283692],[0.48742442 0.47953221 0.46437778 0.35688223],0.3743458576500416,0.5442730809251468,0.4470541613797347,0.0505213827391436,0.0499344603361825,0.0608705372554476,['-115.5' '-112.6' '-124.2' '-115.4'],['131.4' '124.3' '140.1' '111.6'],['E' 'E' 'E' 'E'],['E' 'E' 'E' 'E'],-2.175,13.25,1.1954775893619531,14.952703211571256,-2.6500000000000004,-2.0,[-2.7 -0.4 -3.  -2.6],[28 -2 24  3],-0.375,0.25,0.0957427107756338,4.5,-0.35,[-0.3 -0.3 -0.5 -0.4],[-2  7 -2 -2],-2.475,15.5,0.4031128874149275,12.342339054382412,-2.5,15.5,[-2.3 -2.9 -2.7 -2. ],[28  7 24  3],-0.375,7.0,0.1892969448600091,10.0,-0.45,2.0,[-0.5 -0.4 -0.5 -0.1],[ 2  2  2 22],E,1,[0.09548129 0.13821289 0.12427775 0.14863052 0.16285834],True,Beta
265277,218,222,labels,5,1-p,7eob,A,['H' 'A' 'V' 'F' 'N'],0.99788,-0.0561,-0.0114417999051511,0.15708312,0.0056324955,0.0056175420455403,[1.0291 0.9659 1.0203 1.2061 0.768 ],[-0.0634 -0.0603 -0.0495 -0.0532 -0.0541],[-0.020171 -0.013289 -0.009086 -0.009239 -0.005424],[0.42315374 0.4911411  0.51997139 0.48773685 0.46591052],[0.60056742 0.51546103 0.52269506 0.52709222 0.51297873],[0.49154723 0.47636333 0.48243666 0.4868061  0.4834589 ],0.4775827209154765,0.5357588926951091,0.4841224431991578,0.035994755431738,0.036663534757987,0.0056083741384879,['-93.7' '-117.4' '-114.2' '-105.4' '-115.1'],['138.1' '120.8' '116.8' '114.9' '136.4'],['E' 'E' 'E' 'E' 'E'],['E' 'E' 'E' 'E' 'E'],-2.8000000000000003,-33.0,0.2738612787525831,54.86346689738081,-2.8,-2.0,[-3.2 -2.5 -2.6 -2.8 -2.9],[-69  29 -73  25 -77],-0.48,-2.0,0.0836660026534075,0.0,-0.5,[-0.4 -0.4 -0.5 -0.5 -0.6],[-2 -2 -2 -2 -2],-2.68,-33.0,0.3114482300479488,54.86346689738081,-2.6,-69.0,[-2.7 -2.5 -2.6 -3.2 -2.4],[-69  29 -73  25 -77],-0.48,2.0,0.0836660026534075,0.0,-0.5,2.0,[-0.5 -0.5 -0.6 -0.4 -0.4],[2 2 2 2 2],E,1,[0.11667754 0.19153208 0.13880646 0.16612246 0.19125594],True,Beta
265572,84,87,labels,4,1-p,1ukv,Y,['I' 'I' 'I' 'V'],0.8995,-0.073325,-0.0154362496687099,0.19046263,0.009977768,0.0081778354801172,[0.763  1.0419 1.0835 0.7096],[-0.0802 -0.0774 -0.0772 -0.0585],[-0.015311 -0.022834 -0.019528 -0.004072],[0.34254294 0.47047125 0.4617733  0.3860327 ],[0.54198584 0.47177308 0.48716316 0.46574471],[0.47426278 0.46795944 0.47420333 0.47828612],0.4152050477763017,0.4916666969656945,0.4736779183149338,0.0615190018099946,0.0347371236212707,0.0042643707254382,['-131.7' '-99.8' '-93.5' '-113.3'],['125.6' '114.8' '121.2' '141.1'],['E' 'E' 'E' 'E'],['E' 'E' 'E' 'E'],-2.8000000000000003,-21.0,0.2581988897471611,60.04442799572108,-2.8,-2.0,[-2.5 -2.9 -2.7 -3.1],[ 31 -73  31 -73],-0.475,-2.0,0.15,0.0,-0.5,[-0.3 -0.4 -0.6 -0.6],[-2 -2 -2 -2],-1.825,-19.0,1.0111874208078342,60.04442799572108,-1.95,-19.0,[-1.7 -2.2 -2.9 -0.5],[ 33 -71  33 -71],-0.475,2.0,0.15,0.0,-0.5,2.0,[-0.6 -0.6 -0.4 -0.3],[2 2 2 2],E,1,[0.14007615 0.24067754 0.17469225 0.20942783 0.23512623],True,Beta
265755,3,6,labels,4,1-p,1s3k,L,['Q' 'M' 'T' 'Q'],0.93447506,-0.07875,-0.0187729999888688,0.17009354,0.0077358484,0.0055973578802122,[0.9201 1.1572 0.9177 0.7429],[-0.0817 -0.0772 -0.0689 -0.0872],[-0.024901 -0.016946 -0.01194  -0.021305],[0.46496581 0.48783458 0.45897172 0.33278626],[0.47879437 0.47673763 0.47283691 0.55219861],[0.46291778 0.47011834 0.47211612 0.46976721],0.4361395922799905,0.4951418787240983,0.4687298660477003,0.0700155715885297,0.0381179729757067,0.0040104438889181,['-85.7' '-104.4' '-113.3' '-97.3'],['127.9' '117.3' '119.3' '147.6'],['' 'E' 'E' 'E'],['P' 'E' 'E' 'E'],-1.0499999999999998,28.5,0.903696114115064,48.03123983409131,-0.6499999999999999,7.5,[-0.7 -0.5 -2.4 -0.6],[-2 99 19 -2],-0.325,28.0,0.275378527364305,48.17329827473584,-0.35,[-0.  -0.5 -0.6 -0.2],[99 -2 -2 17],-1.15,15.25,0.9398581453247788,9.17877987534291,-1.05,18.0,[-1.5 -0.6 -2.3 -0.2],[23  2 19 17],-0.35,51.0,0.264575131106459,56.586217403180434,-0.4,50.5,[-0.6 -0.5 -0.3 -0. ],[  2 101   2  99],E,1,[0.12735256 0.21272264 0.15615538 0.18713569 0.21219823],True,Beta
266943,599,603,labels,5,1-p,5ny0,A,['G' 'V' 'A' 'N' 'F'],0.86826,-0.0621,-0.0102601999416947,0.1900181,0.009287626,0.0037604647191681,[0.588  0.7736 0.989  0.9245 1.0662],[-0.0465 -0.0613 -0.0703 -0.0659 -0.0665],[-0.006401 -0.009415 -0.013315 -0.014975 -0.007195],[0.27862766 0.38287278 0.43768291 0.48534248 0.40411273],[0.62191492 0.51198585 0.49822699 0.49453903 0.45035464],[0.49144889 0.48381612 0.47905278 0.48028612 0.4796639 ],0.3977277119954427,0.5154042859872183,0.4828535616397859,0.0770049117992965,0.0638711140678812,0.0051482471284745,['-132.6' '-136.0' '-114.7' '-100.7' '-118.4'],['155.6' '128.5' '124.9' '130.3' '110.3'],['' 'E' 'E' 'E' 'E'],['' 'E' 'E' 'E' 'E'],-1.22,-20.0,1.2833549781724465,16.431676725154983,-0.4,-5.0,[-0.1 -2.3 -0.4 -2.9 -0.4],[-32 -32  -2 -32  -2],-0.26,-14.6,0.151657508881031,15.931101656822102,-0.2,[-0.1 -0.3 -0.2 -0.5 -0.2],[ -5  -2 -32  -2 -32],-1.34,-17.2,1.3921206844235885,17.527121840165318,-0.4,-30.0,[-0.4 -2.6 -0.4 -3.1 -0.2],[  2 -30   2 -30 -30],-0.32,-10.6,0.2167948338867879,17.714400921284355,-0.2,2.0,[-0.2 -0.5 -0.2 -0.6 -0.1],[-30   2 -30   2   3],E,1,[0.12958818 0.21591076 0.16427113 0.1982635  0.22258225],True,Beta
267424,23,26,labels,4,1-p,5v3s,B,['T' 'I' 'F' 'V'],0.8727,-0.050400004,-0.0085280002094805,0.19209898,0.007234177,0.0028587796523495,[0.8913 1.0197 0.9836 0.5962],[-0.0569 -0.0469 -0.0419 -0.0559],[-0.012349 -0.00905  -0.006684 -0.006029],[0.4388231  0.47148114 0.42341436 0.31167662],[0.53737591 0.53496456 0.53567378 0.56340426],[0.48370387 0.48439832 0.48790943 0.49217665],0.4113488060732683,0.5428546269734702,0.4870470662911733,0.0694042700822023,0.0137370740478764,0.0038836900989306,['-117.2' '-115.3' '-113.8' '-133.7'],['132.0' '117.4' '137.2' '155.9'],['E' 'E' 'E' 'E'],['E' 'E' 'E' 'E'],-2.475,79.0,0.5123475382979799,41.601282031527184,-2.5,-2.0,[-2.8 -3.  -2.2 -1.9],[115  45 115  41],-0.475,-2.0,0.0499999999999999,0.0,-0.5,[-0.5 -0.5 -0.5 -0.4],[-2 -2 -2 -2],-2.325,79.75,0.3862210075418821,43.06100323959023,-2.1500000000000004,81.0,[-2.9 -2.1 -2.2 -2.1],[117  45 117  40],-0.375,2.0,0.0957427107756338,0.0,-0.35,2.0,[-0.5 -0.4 -0.3 -0.3],[2 2 2 2],E,1,[0.11457232 0.18219613 0.14487033 0.17447189 0.19646146],True,Beta
268363,384,389,labels,6,1-p,3kl0,B,['V' 'T' 'T' 'F' 'V' 'V'],0.98681664,-0.07043334,-0.0144490000481406,0.16283417,0.0068184067,0.0030907903159545,[0.9444 0.7195 1.1189 0.9015 1.1212 1.1154],[-0.0706 -0.0644 -0.0834 -0.0705 -0.0679 -0.0658],[-0.012802 -0.009549 -0.015567 -0.013747 -0.017012 -0.018017],[0.34422064 0.4532708  0.44628312 0.51171323 0.51114313 0.41815322],[0.55929082 0.48340427 0.4834752  0.48099293 0.4934752  0.57489362],[0.49179167 0.47893445 0.47840945 0.47426333 0.47290223 0.47581722],0.4474640231993463,0.5125886731677586,0.478686390651597,0.0628274166122621,0.0427222110746553,0.0068284489444329,['-121.5' '-120.7' '-109.0' '-97.3' '-120.7' '-100.6'],['136.0' '135.1' '123.8' '139.1' '112.3' '118.4'],['E' 'E' 'E' 'E' 'E' 'E'],['E' 'E' 'E' 'E' 'E' 'E'],-2.733333333333333,-46.0,0.3011090610836324,15.748015748023622,-2.7,-2.0,[-2.3 -2.6 -2.7 -2.9 -2.7 -3.2],[-28 -56 -32 -60 -36 -64],-0.4166666666666667,-2.0,0.0752772652709081,0.0,-0.4,[-0.3 -0.4 -0.4 -0.5 -0.4 -0.5],[-2 -2 -2 -2 -2 -2],-2.3666666666666663,-46.0,0.3559026084010437,15.748015748023622,-2.45,-46.0,[-2.4 -2.7 -1.8 -2.5 -2.7 -2.1],[-28 -56 -32 -60 -36 -64],-0.4333333333333333,2.1666666666666665,0.1366260102127946,0.408248290463863,-0.45,2.0,[-0.4 -0.5 -0.4 -0.5 -0.6 -0.2],[2 2 2 2 2 3],E,1,[0.12532276 0.21034109 0.14994531 0.17968517 0.20569019],True,Beta
269864,22,25,labels,4,1-p,4pz3,B,['I' 'D' 'L' 'N'],1.01755,-0.072299995,-0.015186000149697,0.17509228,0.008849106,0.002400051986034,[0.7638 1.039  1.1253 1.1421],[-0.0842 -0.0738 -0.0648 -0.0664],[-0.017968 -0.014466 -0.016012 -0.012298],[0.39805349 0.47693774 0.53855636 0.45476933],[0.47404259 0.48028373 0.49290784 0.46666671],[0.4719989  0.47308555 0.47623556 0.4806611 ],0.4670792296528817,0.4784752180178961,0.4754952788352967,0.0580868794493869,0.0111154605862936,0.0038843794006005,['-130.9' '-100.0' '-116.2' '-92.5'],['121.4' '130.9' '104.6' '121.7'],['E' 'E' 'E' 'E'],['E' 'E' 'E' 'E'],-2.3000000000000003,63.5,1.2832251036613438,67.79134654708274,-2.8,0.0,[-2.7 -0.4 -3.2 -2.9],[122  -2 122  12],-0.3249999999999999,30.0,0.275378527364305,61.3623119946872,-0.35,[-0.  -0.2 -0.5 -0.6],[  2 122  -2  -2],-2.575,69.0,0.206155281280883,63.52952069707436,-2.6,70.0,[-2.6 -2.6 -2.8 -2.3],[124  16 124  12],-0.5,2.0,0.1414213562373095,0.0,-0.55,2.0,[-0.5 -0.6 -0.6 -0.3],[2 2 2 2],E,1,[0.12647789 0.21320485 0.14945206 0.17800936 0.20384036],True,Beta
272603,385,388,labels,4,1-p,2q8h,A,['A' 'V' 'I' 'Y'],1.000675,-0.071225,-0.011720749665983,0.15717366,0.0054187165,0.0039592856177449,[1.0683 0.7653 1.0788 1.0903],[-0.0674 -0.0728 -0.0782 -0.0665],[-0.010805 -0.011704 -0.01697  -0.007404],[0.4417224  0.47438043 0.47796384 0.4585482 ],[0.48730499 0.48340427 0.48404257 0.46503548],[0.48087833 0.47806721 0.47995666 0.47649222],0.4631537199020386,0.4799468244115512,0.478848603864511,0.0165920772172383,0.0100866213639577,0.0019588025898529,['-112.4' '-126.0' '-90.0' '-113.1'],['132.0' '121.5' '130.0' '119.5'],['E' 'E' 'E' 'E'],['E' 'E' 'E' 'E'],-3.075,-42.5,0.1892969448600092,32.98989744351039,-3.1500000000000004,-2.0,[-2.8 -3.2 -3.1 -3.2],[-69 -12 -73 -16],-0.475,-2.0,0.0499999999999999,0.0,-0.5,[-0.5 -0.4 -0.5 -0.5],[-2 -2 -2 -2],-2.5,-42.5,0.6782329983125268,32.98989744351039,-2.25,-42.5,[-3.5 -2.3 -2.2 -2. ],[-69 -12 -73 -16],-0.475,2.0,0.0499999999999999,0.0,-0.5,2.0,[-0.5 -0.5 -0.5 -0.4],[2 2 2 2],E,1,[0.12609811 0.21163037 0.15010566 0.17884806 0.20430233],True,Beta
273604,187,191,labels,5,l3(10),4zcc,A,['A' 'V' 'A' 'L' 'A'],0.8188,-0.06478,-0.0080387999303638,0.02899656,0.0065159043,0.0012090035070729,[0.7976 0.7862 0.861  0.8234 0.8258],[-0.0605 -0.0676 -0.0618 -0.0591 -0.0749],[-0.007092 -0.008635 -0.008001 -0.00673  -0.009736],[0.42712808 0.39821635 0.40241873 0.4088689  0.38179775],[0.48510643 0.50361706 0.50460995 0.49943264 0.49943264],[0.48195445 0.48681778 0.48701889 0.48640723 0.48229668],0.4036859611670177,0.4984397451082866,0.4848990043004354,0.016484931905089,0.0078202470336593,0.0025442536269344,['-118.9' '-131.0' '-117.8' '-129.4' '-128.3'],['144.7' '139.5' '140.2' '140.1' '136.2'],['E' 'E' 'E' 'E' 'E'],['E' 'E' 'E' 'E' 'E'],-2.32,66.2,0.4494441010848846,23.220680437919988,-2.3,-2.0,[-2.7 -2.3 -2.8 -2.1 -1.7],[87 43 83 39 79],-0.4,-2.0,0.0707106781186547,0.0,-0.4,[-0.5 -0.4 -0.3 -0.4 -0.4],[-2 -2 -2 -2 -2],-3.08,66.0,0.3271085446759225,23.08679276123039,-3.1,78.0,[-3.  -3.5 -2.6 -3.2 -3.1],[87 43 83 39 78],-0.4599999999999999,17.4,0.1949358868961793,34.435446853496764,-0.4,2.0,[-0.3 -0.4 -0.4 -0.4 -0.8],[ 2  2  2  2 79],E,1,[0.1111419  0.17183328 0.14466782 0.17442702 0.19273711],True,Beta
274780,392,396,labels,5,1-p,6hsj,B,['V' 'V' 'T' 'L' 'Y'],0.8811,-0.049200006,-0.0067244000616483,0.17548783,0.009218731,0.0043878911557852,[0.9358 1.1048 0.7353 0.9564 0.6732],[-0.0505 -0.0431 -0.0514 -0.0626 -0.0384],[-0.009379 -0.005209 -0.007295 -0.011609 -0.00013 ],[0.47345202 0.45214693 0.45550231 0.38520201 0.34832529],[0.52312058 0.53546101 0.52687945 0.5302128  0.49382982],[0.48366721 0.48784277 0.48660389 0.48942555 0.48177611],0.4229257126649221,0.5219007313251496,0.4858631054560344,0.0535171059441711,0.0163341936306555,0.0031098357329659,['-123.0' '-109.1' '-130.3' '-111.3' '-129.4'],['122.2' '132.3' '135.1' '138.1' '144.3'],['E' 'E' 'E' 'E' 'E'],['E' 'E' 'E' 'E' 'E'],-2.48,-64.8,0.3420526275297414,72.36850143536205,-2.4,-2.0,[-2.7 -2.4 -2.  -2.9 -2.4],[  -8 -142  -12 -146  -16],-0.4,-2.0,0.0,0.0,-0.4,[-0.4 -0.4 -0.4 -0.4 -0.4],[-2 -2 -2 -2 -2],-2.22,-65.0,0.3962322551231789,72.64984514780468,-2.3,-16.0,[-1.8 -2.3 -2.8 -1.9 -2.3],[  -8 -142  -12 -147  -16],-0.54,-27.6,0.3714835124201341,66.18761213399378,-0.4,2.0,[-0.4 -0.4 -0.4 -1.2 -0.3],[   2    2    2 -146    2],E,1,[0.12508317 0.20468583 0.1574278  0.18892752 0.21136927],True,Beta
274837,56,59,labels,4,1-p,2f51,B,['T' 'F' 'I' 'K'],1.038425,-0.068900004,-0.0146480002440512,0.05378552,0.009139655,0.0072391401376541,[1.0913 1.0516 0.9634 1.0474],[-0.0786 -0.061  -0.0612 -0.0748],[-0.025312 -0.012489 -0.009241 -0.01155 ],[0.43673818 0.50596346 0.49881289 0.47188834],[0.58028371 0.49588655 0.49858158 0.4821986 ],[0.48774001 0.47386557 0.48151113 0.47729   ],0.4783507212996483,0.5142376100023588,0.4801016772786777,0.0313822124050297,0.0446111290082481,0.0059756513604847,['-100.6' '-108.7' '-114.5' '-94.6'],['124.0' '116.7' '115.8' '137.1'],['E' 'E' 'E' 'E'],['E' 'E' 'E' 'E'],-2.375,-29.25,1.2606215398233789,20.91849261618373,-2.9,-2.0,[-2.8 -0.5 -3.  -3.2],[-31  -2 -31 -53],-0.525,-14.75,0.0957427107756337,25.5,-0.55,[-0.4 -0.5 -0.6 -0.6],[ -2 -53  -2  -2],-2.8000000000000003,-40.0,0.2581988897471611,12.701705922171769,-2.8,-40.0,[-2.7 -3.1 -2.9 -2.5],[-29 -51 -29 -51],-0.525,2.0,0.0957427107756337,0.0,-0.55,2.0,[-0.6 -0.6 -0.4 -0.5],[2 2 2 2],E,1,[0.10309981 0.16212219 0.12055667 0.14381445 0.1659803 ],True,Beta
275016,354,357,labels,4,l3(10),1pii,A,['A' 'I' 'W' 'K'],0.81579995,-0.100525,-0.0196112501434981,0.04398135,0.008174911,0.0081474409411366,[0.7935 0.8817 0.7965 0.7915],[-0.1106 -0.1015 -0.0907 -0.0993],[-0.029941 -0.018641 -0.010048 -0.019815],[0.3892578  0.40259791 0.40227214 0.4225185 ],[0.52028373 0.42354613 0.43156031 0.43602839],[0.49105501 0.46742778 0.47305334 0.47542777],0.4041615873575211,0.4528546382983526,0.4767409736911456,0.0137248476256398,0.0452483601244002,0.0101151773983108,['-78.6' '-116.8' '-114.6' '-120.5'],['161.9' '125.0' '149.1' '125.5'],['E' 'E' 'E' 'E'],['E' 'E' 'E' 'E'],-2.0250000000000004,-14.25,1.3124404748406688,21.5,-2.35,-2.0,[-2.7 -0.2 -3.2 -2. ],[-25 -25 -25  18],-0.4,2.75,0.1825741858350553,9.5,-0.4,[-0.6 -0.2 -0.5 -0.3],[-2 17 -2 -2],-2.45,-1.75,0.404145188432738,24.54078238361605,-2.35,-2.0,[-2.1 -2.2 -3.  -2.5],[-23  19 -23  20],-0.575,6.5,0.3593976442141304,9.0,-0.45,2.0,[-0.5 -1.1 -0.4 -0.3],[ 2 20  2  2],E,1,[0.09094497 0.13016212 0.11847833 0.14230728 0.15687682],True,Beta
276629,100,103,labels,4,1-p,1nsj,A,['V' 'I' 'K' 'A'],0.9393,-0.097674996,-0.0200597499497234,0.17920126,0.008083059,0.0073526303744967,[0.6769 1.0636 0.973  1.0437],[-0.0857 -0.1028 -0.0999 -0.1023],[-0.011642 -0.023055 -0.028587 -0.016955],[0.41966805 0.44198301 0.50172849 0.43699879],[0.42000003 0.43375888 0.42198583 0.42524825],[0.46031723 0.46484222 0.46189056 0.46360722],0.4500945881009102,0.4252482478817305,0.4626643086473147,0.0357264238436638,0.0060722896221214,0.0019782005043932,['-118.0' '-112.1' '-97.2' '-92.2'],['136.1' '123.8' '121.9' '138.0'],['E' 'E' 'E' 'E'],['E' 'E' 'E' 'E'],-1.925,-10.75,1.1757976016304847,20.5,-2.35,-2.0,[-0.2 -2.8 -2.2 -2.5],[-21 -21  20 -21],-0.4,-2.0,0.2160246899469286,0.0,-0.45,[-0.1 -0.4 -0.5 -0.6],[-2 -2 -2 -2],-1.5750000000000002,1.75,1.2996794476587936,16.740669042783207,-1.6,2.0,[-0.5 -2.7 -2.7 -0.4],[  2 -19  22   2],-0.35,1.75,0.1914854215512676,16.740669042783207,-0.3,2.0,[-0.2 -0.6 -0.4 -0.2],[-19   2   2  22],E,1,[0.10552656 0.16294114 0.12914332 0.15447013 0.17422665],True,Beta
277325,3,6,labels,4,1-p,1zea,L,['L' 'M' 'T' 'Q'],0.899575,-0.076025,-0.0183132500387728,0.16905013,0.009884121,0.0074648273874868,[0.9306 1.0743 0.9253 0.6681],[-0.0886 -0.078  -0.0652 -0.0723],[-0.029084 -0.016716 -0.011919 -0.015534],[0.46550332 0.47727976 0.43452298 0.31433161],[0.46765958 0.47390072 0.48546101 0.58851065],[0.45839778 0.46793389 0.47546166 0.47911056],0.4229094150165717,0.5038829892873765,0.470225972433885,0.0745975656853033,0.0568983969740588,0.009156203350855,['-83.3' '-114.5' '-103.9' '-101.9'],['135.2' '110.2' '120.6' '147.8'],['' 'E' 'E' 'E'],['P' 'E' 'E' 'E'],-1.2999999999999998,27.5,1.4023789311975088,46.07602413403309,-0.6499999999999999,7.5,[-0.7 -0.5 -3.4 -0.6],[-2 95 19 -2],-0.325,27.0,0.2217355782608345,46.20966709827429,-0.3,[-0.1 -0.4 -0.6 -0.2],[95 -2 -2 17],-1.4,15.25,1.1775681155103797,9.17877987534291,-1.4,18.0,[-2.2 -0.6 -2.6 -0.2],[23  2 19 17],-0.35,24.75,0.264575131106459,48.203561417527375,-0.4,2.0,[-0.6 -0.5 -0.3 -0. ],[ 2 97  2 -2],E,1,[0.13939278 0.24078943 0.17384324 0.20928956 0.23668499],True,Beta
277976,190,193,labels,4,1-p,3i75,B,['S' 'S' 'V' 'T'],0.79695,-0.071425,-0.0088840000098571,0.099623494,0.005296146,0.0025980978915549,[0.7394 0.7457 0.7567 0.946 ],[-0.0787 -0.0703 -0.066  -0.0707],[-0.010416 -0.007688 -0.011581 -0.005851],[0.34514907 0.36515111 0.39880273 0.34304788],[0.47687946 0.48581562 0.4914894  0.45269507],[0.48545056 0.48350834 0.48604445 0.4862261 ],0.3630376967291038,0.4767198885480563,0.4853073606888454,0.0258405339278108,0.0171083622820986,0.0012442355543665,['-139.1' '-111.5' '-135.2' '-116.5'],['135.2' '147.9' '141.8' '126.3'],['E' 'E' 'E' 'E'],['E' 'E' 'E' 'E'],-2.025,-29.5,0.805708797684788,13.47837774610382,-2.2,-2.0,[-2.1 -2.8 -2.3 -0.9],[-39 -16 -43 -20],-0.35,-2.0,0.0577350269189625,0.0,-0.35,[-0.3 -0.4 -0.3 -0.4],[-2 -2 -2 -2],-1.875,-35.75,1.181453906563152,13.400870618483465,-2.25,-41.0,[-1.9 -2.6 -2.8 -0.2],[-39 -16 -43 -45],-0.3,1.0,0.2160246899469286,2.0,-0.35,2.0,[-0.3 -0.4 -0.5 -0. ],[ 2  2  2 -2],E,1,[0.11131221 0.17138792 0.14671625 0.1768838  0.19445131],True,Beta
278863,580,584,labels,5,1-p,4ys0,A,['S' 'I' 'F' 'F' 'L'],0.81185997,-0.061679997,-0.0074913998134434,0.13585722,0.009487992,0.0061916761032806,[0.7106 0.7741 0.9449 0.9639 0.6658],[-0.0583 -0.0628 -0.0735 -0.0479 -0.0659],[-0.003345 -0.008931 -0.017133 -0.006946 -0.001102],[0.3344151  0.39574054 0.4369988  0.41935856 0.36234952],[0.48255321 0.50028371 0.5076596  0.50546103 0.46680855],[0.48836664 0.48366165 0.48166111 0.48601056 0.47729834],0.3897725045681001,0.4925532201925914,0.4833996613820394,0.0417065286404435,0.0174453651325891,0.0042368927070609,['-136.5' '-141.4' '-103.6' '-100.7' '-131.2'],['150.2' '125.5' '129.1' '132.1' '162.8'],['E' 'E' 'E' 'E' 'E'],['E' 'E' 'E' 'E' 'E'],-2.08,-91.8,1.0377861051295687,57.329747949908175,-2.5,-2.0,[-2.5 -1.8 -0.4 -2.7 -3. ],[-134  -29 -134  -29 -133],-0.38,-2.0,0.0836660026534075,0.0,-0.4,[-0.3 -0.3 -0.4 -0.5 -0.4],[-2 -2 -2 -2 -2],-2.06,-83.8,0.9964938534682488,65.89157761049586,-2.4,-131.0,[-2.3 -2.7 -2.4 -0.3 -2.6],[-132  -27 -131    2 -131],-0.36,-24.6,0.1140175425099137,59.47940820149441,-0.4,2.0,[-0.4 -0.5 -0.4 -0.2 -0.3],[   2    2    2 -131    2],E,1,[0.11297218 0.17447477 0.1473355  0.17645276 0.19363477],True,Beta
279105,46,49,labels,4,1-p,3i2n,A,['I' 'Q' 'L' 'Y'],0.8637,-0.074149996,-0.0102415000437758,0.16672446,0.0063616023,0.005048778743591,[1.0552 0.7581 0.947  0.6945],[-0.0719 -0.08   -0.0785 -0.0662],[-0.009381 -0.0151   -0.01294  -0.003545],[0.38525088 0.44960595 0.39085405 0.3715687 ],[0.47787237 0.47489364 0.4789362  0.46985819],[0.48460557 0.47921057 0.48245279 0.47735724],0.3993198946118356,0.4753900989890099,0.4809065411488216,0.0344887621610528,0.0040655041804919,0.0032428170357052,['-117.7' '-125.2' '-103.9' '-114.6'],['137.8' '133.9' '123.5' '154.3'],['E' 'E' 'E' 'E'],['E' 'E' 'E' 'E'],-2.5,0.5,0.7527726527090809,15.758595538097085,-2.45,-2.0,[-1.7 -2.8 -2.1 -3.4],[ 16 -11  12 -15],-0.4,-2.0,0.0816496580927726,0.0,-0.4,[-0.3 -0.4 -0.4 -0.5],[-2 -2 -2 -2],-2.4,0.25,0.496655480858378,15.521490478258416,-2.35,0.0,[-2.6 -1.9 -3.  -2.1],[ 16 -11  11 -15],-0.6,4.5,0.408248290463863,5.0,-0.45,2.0,[-0.4 -0.5 -1.2 -0.3],[ 2  2 12  2],E,1,[0.13819799 0.23638155 0.17560709 0.21182913 0.23798425],True,Beta
280223,86,89,labels,4,1-p,6p7h,B,['Y' 'Y' 'C' 'E'],0.82085,-0.0808,-0.0116830000188201,0.16284251,0.005591065,0.0031620121909771,[0.9278 0.7002 0.9912 0.6642],[-0.0868 -0.0765 -0.0843 -0.0756],[-0.015819 -0.01018  -0.012259 -0.008474],[0.36591666 0.42662315 0.38368719 0.40575783],[0.43042554 0.46269506 0.47063832 0.5024823 ],[0.46733944 0.47874555 0.48282611 0.48696556],0.3954962069789569,0.4665603091319402,0.4789691641926766,0.026385538166716,0.0295955027007761,0.0084482529296623,['-105.6' '-119.0' '-96.2' '-149.1'],['127.1' '134.8' '156.2' '140.5'],['E' 'E' 'E' 'E'],['E' 'E' 'E' 'E'],-1.775,-23.0,1.0078855755160567,35.44949458972112,-1.95,-2.0,[-2.8 -2.1 -0.4 -1.8],[ 16 -51  -2 -55],-0.375,-14.75,0.15,25.5,-0.4,[-0.5 -0.5 -0.2 -0.3],[ -2  -2 -53  -2],-2.575,-19.75,0.6184658438426491,38.48268008684773,-2.75,-20.0,[-1.7 -3.1 -2.9 -2.6],[ 16 -51  11 -55],-0.35,2.0,0.0577350269189625,0.0,-0.35,2.0,[-0.4 -0.3 -0.3 -0.4],[2 2 2 2],E,1,[0.11717425 0.18543364 0.15242979 0.18414997 0.20404443],True,Beta
281667,129,132,labels,4,1-p,2p5m,B,['L' 'I' 'I' 'C'],0.96742505,-0.074125,-0.0174720000941306,0.1647418,0.0066178413,0.0060035420661672,[1.1051 1.0895 0.9207 0.7544],[-0.0741 -0.0782 -0.0648 -0.0794],[-0.018764 -0.018683 -0.009084 -0.023357],[0.49387755 0.50742942 0.45030635 0.41357624],[0.49269506 0.48432627 0.48056741 0.52815606],[0.47084281 0.47414948 0.4715978  0.4559389 ],0.4662973880767823,0.4964362010359764,0.4681322450439136,0.0427697043337389,0.0217456103516797,0.0082511022331435,['-103.6' '-109.5' '-105.3' '-117.5'],['124.3' '125.3' '128.0' '170.3'],['E' 'E' 'E' ''],['E' 'E' 'E' ''],-3.0250000000000004,-23.5,0.2362907813126304,16.901676445449624,-3.1,-2.0,[-3.2 -3.2 -2.7 -3. ],[ -7 -36 -11 -40],-0.5,-2.0,0.0816496580927725,0.0,-0.5,[-0.4 -0.6 -0.5 -0.5],[-2 -2 -2 -2],-1.825,-17.25,1.1528949070347507,12.84198842339716,-2.35,-13.0,[-2.3 -2.5 -2.4 -0.1],[ -7 -36 -12 -14],-0.5750000000000001,-11.75,0.4573474244670747,19.80530232033836,-0.5,-4.5,[-0.5 -0.5 -1.2 -0.1],[  2   2 -11 -40],E,1,[0.11863529 0.19362783 0.14327145 0.17137641 0.19517512],True,Beta
282372,127,130,labels,4,1-p,5lt0,A,['E' 'F' 'H' 'I'],0.92034996,-0.043849997,-0.0082042501308023,0.18176286,0.008005207,0.0042197898943579,[1.0637 0.6757 1.0534 0.8886],[-0.0496 -0.0481 -0.0456 -0.0321],[-0.014382 -0.006132 -0.007277 -0.005026],[0.3898116  0.45489964 0.42637883 0.45139765],[0.61361704 0.53666669 0.54907805 0.55907804],[0.50312222 0.48456054 0.48975831 0.49133388],0.4306219269831975,0.5646099547545116,0.4921937386194865,0.0300251279979681,0.0339330856100222,0.0078393898376252,['-120.0' '-116.2' '-133.2' '-113.6'],['128.7' '142.6' '120.5' '130.6'],['E' 'E' 'E' 'E'],['E' 'E' 'E' 'E'],-1.4249999999999998,53.25,1.090489186863706,42.07433897282285,-1.35,-2.0,[-2.1 -0.4 -2.6 -0.6],[88 -2 84 43],-0.325,20.0,0.0957427107756338,44.0,-0.35,[-0.4 -0.2 -0.3 -0.4],[-2 86 -2 -2],-1.8,54.25,0.9899494936611666,40.3350550596707,-2.05,63.5,[-1.9 -0.4 -2.7 -2.2],[88  2 84 43],-0.35,23.0,0.1290994448735805,42.0,-0.35,2.0,[-0.3 -0.2 -0.5 -0.4],[ 2 86  2  2],E,1,[0.09824415 0.14854999 0.1212668  0.14584428 0.16544239],True,Beta
283013,16,19,labels,4,1-p,8ovo,A,['I' 'V' 'V' 'G'],0.963,-0.097625,-0.0213749997783452,0.18014112,0.008102006,0.0072986822949783,[1.1503 1.0236 0.721  0.9571],[-0.1014 -0.0894 -0.0926 -0.1071],[-0.031271 -0.022481 -0.015613 -0.016135],[0.43284527 0.47152999 0.44006098 0.35726756],[0.52361705 0.43730499 0.43326244 0.41241136],[0.47630666 0.46146389 0.46987278 0.47750777],0.4254259516795476,0.4516489605108897,0.4712877745429675,0.0484437111074939,0.0492030098239703,0.0073572745113918,['-105.0' '-99.9' '-122.2' '-76.3'],['127.9' '124.2' '122.5' '145.4'],['E' 'E' 'E' 'E'],['E' 'E' 'E' 'E'],-1.95,38.0,0.9746794344808964,28.130647581122854,-2.35,-2.0,[-2.4 -0.5 -2.3 -2.6],[45 -2 45 64],-0.375,9.75,0.15,23.5,-0.4,[-0.3 -0.2 -0.5 -0.5],[-2 45 -2 -2],-2.225,56.25,0.9945685831890462,10.688779163215974,-2.5,56.0,[-2.4 -3.1 -2.6 -0.8],[47 65 47 66],-0.5,34.0,0.3559026084010437,36.95041722813605,-0.4,34.0,[-0.5 -1.  -0.2 -0.3],[ 2 66 66  2],E,1,[0.09477827 0.14167329 0.11471623 0.13726873 0.1558033 ],True,Beta
283113,185,188,labels,4,1-p,7fgj,H,['S' 'S' 'V' 'T'],0.80377495,-0.082425,-0.0111007499508559,0.19345929,0.0076225013,0.0043768837078625,[0.7165 0.7204 0.6852 1.093 ],[-0.0729 -0.0797 -0.0878 -0.0893],[-0.008173 -0.00729  -0.016886 -0.012054],[0.34066979 0.345654   0.40697946 0.37187817],[0.47453904 0.46780145 0.45617024 0.42645392],[0.48683222 0.48202834 0.47987223 0.47909612],0.3662953563034535,0.4562411631147067,0.4819572269916535,0.0303814603811801,0.0212582345953156,0.0034786855565494,['-125.8' '-131.7' '-147.7' '-98.7'],['151.7' '157.7' '133.1' '120.7'],['E' 'E' 'E' 'E'],['E' 'E' 'E' 'E'],-2.025,-29.5,0.4031128874149274,13.47837774610382,-2.0,-2.0,[-1.8 -2.5 -2.2 -1.6],[-39 -16 -43 -20],-0.3,-2.0,0.0,0.0,-0.3,[-0.3 -0.3 -0.3 -0.3],[-2 -2 -2 -2],-2.225,-24.0,1.2945398152754255,21.02379604162864,-2.75,-27.5,[-2.7 -2.8 -3.1 -0.3],[-39 -16 -43   2],-0.325,-9.75,0.1258305739211791,23.5,-0.3,2.0,[-0.3 -0.3 -0.5 -0.2],[  2   2   2 -45],E,1,[0.10926456 0.16680284 0.14331787 0.17240239 0.18929132],True,Beta
284483,20,23,labels,4,1-p,3qyc,A,['L' 'R' 'L' 'S'],0.81072503,-0.07995,-0.0119907497428357,0.17912148,0.008101234,0.005435664872543,[0.6567 0.9845 0.946  0.6557],[-0.0719 -0.0912 -0.0779 -0.0788],[-0.008498 -0.019326 -0.012831 -0.007308],[0.39877015 0.42141089 0.42124801 0.40004065],[0.46929081 0.46737591 0.4624823  0.4643972 ],[0.47801556 0.47741388 0.478075   0.4819161 ],0.4103674242893855,0.4658865580956142,0.4788551355401675,0.0126686522658168,0.0030339338527199,0.0020623781218183,['-135.2' '-119.7' '-90.0' '-136.6'],['148.6' '114.8' '151.5' '156.3'],['E' 'E' 'E' 'E'],['E' 'E' 'E' 'E'],-1.925,27.5,1.090489186863706,41.31585652022719,-2.4,-2.0,[-2.3 -0.3 -2.6 -2.5],[ 65  -2  61 -14],-0.325,14.25,0.15,32.5,-0.3,[-0.4 -0.2 -0.5 -0.2],[-2 63 -2 -2],-2.075,28.5,1.3744695946679455,40.402145157569706,-2.3,31.5,[-3.5 -0.2 -2.2 -2.4],[ 65   2  61 -14],-0.35,17.25,0.1290994448735805,30.5,-0.35,2.0,[-0.5 -0.2 -0.3 -0.4],[ 2 63  2  2],E,1,[0.11269044 0.17328172 0.14696942 0.17663695 0.19289679],True,Beta
285205,469,473,labels,5,1-p,5jir,A,['V' 'E' 'I' 'T' 'I'],0.9903,-0.083560005,-0.0179872000589966,0.10679091,0.006449653,0.0029301660134736,[0.9198 0.9054 1.0634 0.9203 1.1426],[-0.0902 -0.0751 -0.0809 -0.0817 -0.0899],[-0.020764 -0.016103 -0.014351 -0.021105 -0.017613],[0.36360371 0.47050383 0.47058527 0.50922113 0.41447208],[0.53978726 0.46368797 0.46971634 0.45921989 0.44347521],[0.48296666 0.47154555 0.4713561  0.47051722 0.47280945],0.4456772019465765,0.4751773337523143,0.4738389968872071,0.0569746029138277,0.0374029935688895,0.0051680050033904,['-121.5' '-106.8' '-113.5' '-95.6' '-95.1'],['130.8' '128.3' '111.0' '127.4' '116.3'],['E' 'E' 'E' 'E' 'E'],['E' 'E' 'E' 'E' 'E'],-2.82,-90.0,0.4086563348340509,22.13594362117865,-3.1,-2.0,[-2.2 -2.6 -3.1 -3.1 -3.1],[-102  -64 -106  -68 -110],-0.4599999999999999,-2.0,0.1140175425099137,0.0,-0.5,[-0.3 -0.4 -0.5 -0.6 -0.5],[-2 -2 -2 -2 -2],-2.5,-90.0,0.758287544405155,22.13594362117865,-2.9,-102.0,[-3.  -3.1 -2.9 -2.2 -1.3],[-102  -64 -106  -68 -110],-0.5,2.0,0.1224744871391589,0.0,-0.5,2.0,[-0.5 -0.6 -0.5 -0.6 -0.3],[2 2 2 2 2],E,1,[0.1205131  0.19951715 0.14393718 0.17247315 0.19777126],True,Beta
286240,144,151,labels,8,1-p,2wjq,A,['F' 'A' 'W' 'Q' 'T' 'T' 'L' 'Y'],0.860875,-0.039525,-0.0049717500733095,0.1205539,0.009525867,0.0039016568306521,[0.9111 0.7535 0.9008 0.9627 0.9795 0.645  0.9537 0.7807],[-0.0444 -0.0403 -0.0418 -0.0425 -0.0496 -0.0322 -0.0195 -0.0459],"[-0.010598 -0.004002 -0.005201 -0.00772  -0.008987 -0.002735  0.000419
 -0.00095 ]","[0.40800562 0.41786003 0.4262648  0.46307635 0.42141089 0.41994494
 0.38756381 0.37111263]","[0.56035461 0.54858158 0.5499291  0.54333337 0.55014187 0.56645393
 0.56907805 0.50113478]","[0.48606833 0.48899944 0.49059833 0.48782888 0.48919889 0.49372055
 0.49818556 0.48962667]",0.4144048852225145,0.5486259125173092,0.490528330206871,0.0273519297901751,0.0212505707801979,0.0037970822107197,['-111.2' '-129.6' '-127.7' '-125.7' '-112.9' '-137.1' '-127.6' '-130.1'],['133.7' '141.3' '133.7' '123.7' '141.1' '135.5' '128.9' '145.5'],['E' 'E' 'E' 'E' 'E' 'E' 'E' 'E'],['E' 'E' 'E' 'E' 'E' 'E' 'E' 'E'],-2.6375,3.5,0.1846811924835414,19.309509130403672,-2.6500000000000004,-2.0,[-2.9 -2.7 -2.8 -2.3 -2.5 -2.6 -2.7 -2.6],[ -8  27 -12  23 -16  19 -20  15],-0.4,-2.0,0.0,0.0,-0.4,[-0.4 -0.4 -0.4 -0.4 -0.4 -0.4 -0.4 -0.4],[-2 -2 -2 -2 -2 -2 -2 -2],-2.7,3.5,0.568205194324324,19.309509130403672,-2.9,3.5,[-3.  -3.  -2.8 -2.7 -3.2 -1.6 -3.2 -2.1],[ -8  27 -12  23 -16  19 -20  15],-0.3875,2.0,0.0353553390593273,0.0,-0.4,2.0,[-0.4 -0.4 -0.4 -0.4 -0.4 -0.4 -0.4 -0.3],[2 2 2 2 2 2 2 2],E,1,[0.09537091 0.13956296 0.12119083 0.14484026 0.16075335],True,Beta
287929,176,180,labels,5,1-p,7rp3,I,['S' 'S' 'Y' 'L' 'S'],0.85621995,-0.07582,-0.0112209998071193,0.19239528,0.0089183515,0.0044335285794346,[0.6741 0.7784 0.7065 1.0965 1.0256],[-0.0845 -0.08   -0.0774 -0.0763 -0.0609],[-0.008467 -0.008571 -0.010036 -0.019038 -0.009993],[0.3327211  0.35166439 0.42046617 0.46073085 0.42667201],[0.46553195 0.46673762 0.47255322 0.48609932 0.46531918],[0.48703167 0.48495891 0.47908612 0.47829613 0.48069835],0.3984509070714315,0.4712482571601868,0.4820142348607382,0.0540122182984122,0.0088095568446393,0.0038070803227729,['-134.1' '-138.6' '-119.7' '-114.2' '-96.3'],['143.2' '138.1' '135.2' '118.7' '127.7'],['E' 'E' 'E' 'E' 'E'],['E' 'E' 'E' 'E' 'E'],-2.0,-25.6,1.0559356040971437,18.283872675120005,-2.4,-2.0,[-0.3 -1.8 -3.1 -2.4 -2.4],[ -2 -42 -17 -46 -21],-0.36,-9.6,0.1140175425099138,16.994116628998402,-0.4,[-0.2 -0.3 -0.4 -0.4 -0.5],[-40  -2  -2  -2  -2],-2.24,-23.2,1.2033287165193058,20.31501907456648,-2.7,-17.0,[-2.7 -3.  -1.9 -3.3 -0.3],[-13 -42 -17 -46   2],-0.4,-8.0,0.1224744871391589,22.360679774997894,-0.4,2.0,[-0.4 -0.4 -0.5 -0.5 -0.2],[  2   2   2   2 -48],E,1,[0.13858182 0.23576947 0.17667945 0.21214096 0.2368283 ],True,Beta
288356,1305,1308,labels,4,1-p,4hvc,A,['V' 'I' 'I' 'P'],0.96765006,-0.07615,-0.0191885004751384,0.14897154,0.004154917,0.0033790528325998,[1.0073 1.0382 0.7483 1.0768],[-0.0819 -0.0731 -0.0731 -0.0765],[-0.021307 -0.016845 -0.015819 -0.022783],[0.39749968 0.45506253 0.46638289 0.35203902],[0.53780143 0.47652484 0.48035463 0.57638299],[0.47712391 0.47001612 0.46919611 0.48029555],0.4177460297942161,0.5177659740050634,0.4741579219698906,0.0531833018090035,0.0480895512835464,0.0054234553152415,['-107.6' '-95.4' '-123.0' '-75.4'],['126.8' '124.5' '121.7' '130.6'],['E' 'E' 'E' 'E'],['E' 'E' 'E' 'E'],-2.175,37.5,1.4795832746644126,27.440845468024488,-2.75,-2.0,[-2.5 -3.2 -3.   0. ],[58 34 58  0],-0.35,-1.5,0.2380476142847616,1.0,-0.45,[-0.4 -0.5 -0.5  0. ],[-2 -2 -2  0],-2.05,39.5,1.3403979508588733,27.440845468024488,-2.3,48.0,[-3.4 -2.4 -2.2 -0.2],[60 36 60  2],-0.3,31.0,0.1414213562373095,33.48631561299829,-0.25,31.0,[-0.5 -0.2 -0.3 -0.2],[ 2 60  2 60],E,1,[0.11761863 0.19128892 0.14203203 0.16990613 0.19346466],True,Beta
292429,19,23,labels,5,1-p,7nfr,B,['R' 'L' 'S' 'C' 'A'],0.9273,-0.079500005,-0.0158804001286625,0.11098902,0.008133571,0.0055751754523833,[1.0034 0.9245 0.7572 0.9055 1.0459],[-0.0918 -0.0757 -0.0737 -0.0837 -0.0726],[-0.019553 -0.012584 -0.007949 -0.017593 -0.021723],[0.41450466 0.43735714 0.42141089 0.44118489 0.44572933],[0.45617023 0.46723406 0.47297874 0.47517732 0.52000001],[0.47642723 0.47773001 0.47881889 0.47374167 0.47507667],0.4320373793443045,0.4783120711644491,0.4763588925202688,0.0134142161965819,0.0244394093307838,0.0020267081555537,['-125.7' '-89.3' '-120.7' '-140.3' '-88.6'],['108.3' '139.2' '153.1' '113.9' '123.9'],['E' 'E' 'E' 'E' 'E'],['E' 'E' 'E' 'E' 'E'],-2.04,15.0,0.9710818709048172,40.26785318340177,-2.2,-2.0,[-0.4 -2.9 -2.2 -2.1 -2.6],[-11  61 -14  57 -18],-0.36,-2.0,0.0894427190999916,0.0,-0.3,[-0.3 -0.5 -0.3 -0.3 -0.4],[-2 -2 -2 -2 -2],-1.72,17.6,0.8438009243891594,38.55256152319844,-2.0,2.0,[-0.3 -2.  -2.1 -2.5 -1.7],[  2  61 -14  57 -18],-0.36,14.2,0.1140175425099138,27.280029325497438,-0.4,2.0,[-0.2 -0.3 -0.4 -0.5 -0.4],[63  2  2  2  2],E,1,[0.12834919 0.21516203 0.15789964 0.18950367 0.21499038],True,Beta
293621,55,58,labels,4,1-p,1tkl,B,['S' 'M' 'V' 'I'],0.9042,-0.0435,-0.0066490001045167,0.1747836,0.0093676755,0.0023296532019573,[0.9059 1.065  0.6608 0.9851],[-0.0562 -0.0449 -0.037  -0.0359],[-0.009824 -0.006959 -0.005034 -0.004779],[0.43045091 0.42865919 0.44155952 0.31411986],[0.49304967 0.54035463 0.55475179 0.58276598],[0.48144723 0.48787945 0.49068221 0.49563386],0.4036973702410857,0.5427305176854134,0.4889106874664625,0.0599903243883057,0.0375108001799537,0.0059190659176353,['-99.6' '-144.5' '-124.2' '-116.6'],['148.4' '115.6' '136.9' '137.9'],['E' 'E' 'E' 'E'],['E' 'E' 'E' 'E'],-2.0,-5.75,1.2622730819174324,11.7011395456454,-2.3,-2.0,[-3.1 -0.3 -1.8 -2.8],[-13  -2 -17   9],-0.35,-5.25,0.1,6.5,-0.4,[-0.4 -0.2 -0.4 -0.4],[ -2 -15  -2  -2],-2.5250000000000004,-2.0,0.4349329450233297,15.18771433319269,-2.6500000000000004,-2.0,[-2.7 -2.6 -2.9 -1.9],[-13  13 -17   9],-0.375,2.0,0.05,0.0,-0.4,2.0,[-0.4 -0.4 -0.4 -0.3],[2 2 2 2],E,1,[0.10847005 0.16994034 0.13496399 0.16263258 0.18422054],True,Beta
296565,27,30,labels,4,1-p,3fob,C,['V' 'V' 'L' 'I'],1.026625,-0.09005,-0.0180607496295124,0.10295683,0.008782749,0.0033112456747335,[1.1674 1.0315 0.9798 0.9278],[-0.0844 -0.0854 -0.0873 -0.1031],[-0.013799 -0.020525 -0.017083 -0.020836],[0.46646432 0.51775617 0.47872942 0.39982889],[0.44134755 0.45595747 0.44269506 0.40404258],[0.46610498 0.47144054 0.46753111 0.46346389],0.4656947006781897,0.4360106661915779,0.4671351338426273,0.0490550644277244,0.0223084211352973,0.0033282916569107,['-116.9' '-105.0' '-99.3' '-119.5'],['118.3' '116.9' '126.5' '110.9'],['E' 'E' 'E' 'E'],['E' 'E' 'E' 'E'],-2.95,46.0,0.1290994448735807,23.094010767585036,-2.95,-2.0,[-2.9 -3.1 -2.8 -3. ],[26 66 26 66],-0.4499999999999999,-2.0,0.1732050807568877,0.0,-0.5,[-0.2 -0.5 -0.6 -0.5],[-2 -2 -2 -2],-2.35,48.0,0.9882644720249062,23.094010767585036,-2.7,48.0,[-2.8 -3.1 -0.9 -2.6],[28 68 28 68],-0.45,8.5,0.2380476142847616,13.0,-0.55,2.0,[-0.6 -0.5 -0.6 -0.1],[ 2  2  2 28],E,1,[0.10250394 0.15138343 0.1211129  0.14127272 0.15495743],True,Beta
297892,34,38,labels,5,1-p,5vpl,C,['S' 'W' 'L' 'Q' 'Q'],0.85382,-0.08446,-0.0134614001959562,0.16685249,0.009165042,0.0028124110962086,[0.7257 0.9397 0.7205 0.7767 1.1065],[-0.0691 -0.0896 -0.0924 -0.0836 -0.0876],[-0.014151 -0.017626 -0.011737 -0.010172 -0.013621],[0.35686036 0.38862254 0.39692957 0.42409846 0.40813593],[0.55758869 0.46021281 0.44992911 0.45134755 0.42226954],[0.49331833 0.47582556 0.47803612 0.48026111 0.46108277],0.3949293732643127,0.4682695388793946,0.4777047753334046,0.0250912116597705,0.0519171113483418,0.0115135824360908,['-121.4' '-111.0' '-117.5' '-118.4' '-130.9'],['151.3' '133.9' '149.2' '139.0' '100.6'],['E' 'E' 'E' 'E' 'E'],['E' 'E' 'E' 'E' 'E'],-2.48,34.8,0.7596051605933177,22.432119828495924,-2.6,-2.0,[-2.6 -1.2 -3.  -3.1 -2.5],[55 13 51  8 47],-0.36,-2.0,0.0547722557505166,0.0,-0.4,[-0.4 -0.3 -0.4 -0.3 -0.4],[-2 -2 -2 -2 -2],-2.42,34.6,0.363318042491699,22.678183348760545,-2.4,47.0,[-2.  -3.  -2.3 -2.4 -2.4],[55 12 51  8 47],-0.62,5.0,0.5585696017507576,4.795831523312719,-0.4,2.0,[-0.4 -1.6 -0.4 -0.5 -0.2],[ 2 13  2  2  6],E,1,[0.13857396 0.23501238 0.17688636 0.21287655 0.23665076],True,Beta
299051,3,7,labels,5,1-p,2jh3,C,['S' 'L' 'V' 'L' 'I'],0.9065,-0.08506,-0.0147466000169515,0.08668624,0.008451213,0.0033494922589038,[0.7665 0.9923 0.8874 0.9384 0.9479],[-0.0975 -0.0817 -0.0742 -0.0857 -0.0862],[-0.01748  -0.015418 -0.012103 -0.018218 -0.010514],[0.37674836 0.43102098 0.45902056 0.45178856 0.39732049],[0.45460996 0.45858159 0.46695038 0.46375889 0.44879436],[0.47789277 0.47499945 0.47458945 0.4773139  0.47360945],0.4231797913710277,0.4585390349229177,0.4756810009479523,0.0353167387841642,0.0072179558680981,0.0018374976867807,['-108.6' '-102.7' '-109.2' '-107.1' '-109.2'],['135.2' '125.4' '128.1' '128.7' '123.4'],['E' 'E' 'E' 'E' 'E'],['E' 'E' 'E' 'E' 'E'],-2.66,51.4,0.3049590136395382,13.145341380123988,-2.6,-2.0,[-2.8 -2.5 -3.1 -2.6 -2.3],[61 37 61 37 61],-0.44,-2.0,0.0547722557505166,0.0,-0.4,[-0.4 -0.4 -0.5 -0.4 -0.5],[-2 -2 -2 -2 -2],-2.58,53.4,0.4658325879540845,13.145341380123988,-2.5,63.0,[-2.5 -2.5 -2.6 -2.  -3.3],[63 39 63 39 63],-0.42,2.0,0.1303840481040529,0.0,-0.5,2.0,[-0.5 -0.4 -0.5 -0.5 -0.2],[2 2 2 2 2],E,1,[0.13014163 0.21901602 0.16172996 0.19448993 0.2203272 ],True,Beta
300537,229,233,labels,5,1-p,4lj3,A,['L' 'V' 'L' 'E' 'L'],0.99707997,-0.09202,-0.0201291998848319,0.15296337,0.008504234,0.0092699018494674,[1.0619 0.9516 1.1452 1.0736 0.7531],[-0.0956 -0.0917 -0.1042 -0.0822 -0.0864],[-0.025398 -0.018579 -0.03076  -0.01994  -0.005969],[0.46276691 0.51449854 0.51640426 0.48407198 0.39067487],[0.43645393 0.4315603  0.44106385 0.44482272 0.45638301],[0.45816279 0.45847946 0.46151168 0.46851724 0.47403947],0.4736833115418752,0.4420567611853282,0.4641421298185985,0.051498680569799,0.0094266280602736,0.0069252502317831,['-77.5' '-117.1' '-90.8' '-89.0' '-107.8'],['127.6' '114.8' '114.2' '115.1' '161.3'],['E' 'E' 'E' 'E' 'E'],['E' 'E' 'E' 'E' 'E'],-2.5,-2.8,1.1789826122551597,30.00333314816872,-3.0,-2.0,[-0.4 -2.9 -3.  -3.  -3.2],[ -2 -33  27 -33  27],-0.54,3.8,0.2073644135332772,12.96919426949878,-0.5,[-0.3 -0.4 -0.5 -0.8 -0.7],[27 -2 -2 -2 -2],-2.82,5.0,0.3420526275297413,32.863353450309965,-2.7,29.0,[-2.8 -2.7 -2.5 -2.7 -3.4],[ 29 -31  29 -31  29],-0.5,2.0,0.2549509756796392,0.0,-0.5,2.0,[-0.5 -0.8 -0.7 -0.2 -0.3],[2 2 2 2 2],E,1,[0.10779188 0.16978277 0.12855258 0.15291112 0.17437713],True,Beta
300782,392,395,labels,4,1-p,1d8h,B,['L' 'R' 'M' 'S'],0.96545,-0.077999994,-0.0133879999630153,0.024847463,0.008922257,0.0046541397387932,[0.9538 0.9686 0.9986 0.9408],[-0.0895 -0.0804 -0.0725 -0.0696],[-0.01898  -0.015201 -0.010912 -0.008459],[0.45201661 0.47578124 0.47366376 0.45573035],[0.44595747 0.46638302 0.48049651 0.47000004],[0.46780611 0.47494834 0.48079333 0.47820722],0.4642979900042217,0.4657092591126761,0.4754387487967809,0.0121630505667493,0.0144644449881163,0.0056223841974568,['-94.6' '-115.6' '-109.3' '-114.8'],['139.8' '114.7' '131.1' '120.0'],['E' 'E' 'E' 'E'],['E' 'E' 'E' 'E'],-3.325,1.0,0.788986691902975,12.909944487358056,-3.55,-2.0,[-3.4 -3.7 -4.  -2.2],[ -8  14 -12  10],-0.525,-2.0,0.0957427107756337,0.0,-0.55,[-0.6 -0.4 -0.6 -0.5],[-2 -2 -2 -2],-2.25,1.0,1.482115605027714,12.909944487358056,-2.1,1.0,[-2.2 -2.  -4.2 -0.6],[ -8  14 -12  10],-0.5,2.0,0.0816496580927725,0.0,-0.5,2.0,[-0.6 -0.5 -0.5 -0.4],[2 2 2 2],E,1,[0.12298369 0.20408702 0.14859779 0.1781962  0.20335912],True,Beta
301060,86,89,labels,4,1-p,6mnq,L,['Y' 'Y' 'C' 'M'],0.815575,-0.0824,-0.0117134999018162,0.15754625,0.004200794,0.0016920261176162,[0.9175 0.691  0.9823 0.6715],[-0.0814 -0.078  -0.0881 -0.0821],[-0.013807 -0.010395 -0.012367 -0.010285],[0.36296847 0.42199727 0.38192805 0.40554609],[0.43702131 0.46276597 0.46226951 0.48929079],[0.47094057 0.4796839  0.48164057 0.48479944],0.3931099697947503,0.4628368963797888,0.4792661195000013,0.0259658638397765,0.0213430737192924,0.0059370307178942,['-103.5' '-122.7' '-99.2' '-153.6'],['131.3' '139.1' '159.4' '131.9'],['E' 'E' 'E' 'E'],['E' 'E' 'E' 'E'],-1.975,-23.0,1.090489186863706,35.44949458972112,-2.35,-2.0,[-2.6 -2.8 -0.4 -2.1],[ 16 -51  -2 -55],-0.35,-14.75,0.1290994448735805,25.5,-0.35,[-0.5 -0.4 -0.2 -0.3],[ -2  -2 -53  -2],-2.525,-19.75,0.3862210075418822,38.48268008684773,-2.6,-20.0,[-2.  -2.7 -2.5 -2.9],[ 16 -51  11 -55],-0.325,2.0,0.05,0.0,-0.3,2.0,[-0.4 -0.3 -0.3 -0.3],[2 2 2 2],E,1,[0.11086734 0.17055248 0.14443305 0.17361086 0.19107459],True,Beta
302898,57,60,labels,4,1-p,6vpw,B,['M' 'S' 'I' 'T'],0.827525,-0.074499995,-0.0095649998402222,0.19477925,0.008175983,0.0027059267986774,[0.6859 0.6616 1.0786 0.884 ],[-0.0855 -0.0673 -0.0694 -0.0758],[-0.007806 -0.008446 -0.0136   -0.008408],[0.29752208 0.39517044 0.42743756 0.406784  ],[0.43085109 0.48070924 0.48758868 0.44737591],[0.48357444 0.48341555 0.4830811  0.47839555],0.3817285199960073,0.4616312334934871,0.4821166619658471,0.0577018305889173,0.027008585076228,0.0024892466253039,['-136.8' '-137.8' '-117.6' '-113.2'],['148.0' '142.9' '121.3' '131.8'],['E' 'E' 'E' 'E'],['E' 'E' 'E' 'E'],-2.675,38.0,0.2362907813126304,58.934992435168205,-2.6,-2.0,[-2.5 -2.7 -2.5 -3. ],[-11  91 -15  87],-0.375,-2.0,0.0957427107756338,0.0,-0.35,[-0.3 -0.3 -0.4 -0.5],[-2 -2 -2 -2],-2.475,38.0,0.2629955639676583,58.934992435168205,-2.55,38.0,[-2.6 -2.5 -2.7 -2.1],[-11  91 -15  87],-0.425,2.0,0.0499999999999999,0.0,-0.4,2.0,[-0.4 -0.5 -0.4 -0.4],[2 2 2 2],E,1,[0.119803   0.19131316 0.15521474 0.18722408 0.20759041],True,Beta
304520,472,475,labels,4,1-p,4b60,B,['T' 'Q' 'M' 'V'],0.91945,-0.046800002,-0.006478999974206,0.18851577,0.0040743095,0.0017532063301757,[1.1121 0.7722 0.7438 1.0497],[-0.0491 -0.0455 -0.0509 -0.0417],[-0.006294 -0.00419  -0.00705  -0.008382],[0.43540255 0.42807281 0.41790891 0.37345814],[0.52553193 0.5351064  0.54035463 0.55326243],[0.48891555 0.49025887 0.48909889 0.60604888],0.4137106028695901,0.5385638475418092,0.5185805484652519,0.0277770890282469,0.0115620091887837,0.0583152554629254,['-107.6' '-134.0' '-128.7' '-115.6'],['132.1' '139.8' '131.4' '125.4'],['E' 'E' 'E' 'E'],['E' 'E' 'E' 'E'],-2.6500000000000004,-42.0,0.2081665999466132,58.934992435168205,-2.6500000000000004,-2.0,[-2.7 -2.6 -2.9 -2.4],[ 11 -91   7 -95],-0.4499999999999999,-2.0,0.0577350269189625,0.0,-0.45,[-0.5 -0.5 -0.4 -0.4],[-2 -2 -2 -2],-2.575,-42.0,0.3304037933599834,58.934992435168205,-2.6,-42.0,[-2.8 -2.9 -2.2 -2.4],[ 11 -91   7 -95],-0.4,2.0,0.0816496580927726,0.0,-0.4,2.0,[-0.4 -0.4 -0.5 -0.3],[2 2 2 2],E,1,[0.10415225 0.15996502 0.12863579 0.15385518 0.17357424],True,Beta
307081,165,168,labels,4,1-p,9rc4,B,['A' 'L' 'L' 'I'],0.90639997,-0.054125,-0.0077072500716894,0.19839405,0.002594063,0.0041593423410694,[0.6369 0.8813 1.027  1.0804],[-0.0509 -0.0546 -0.0538 -0.0572],[-0.00281  -0.008489 -0.012834 -0.006696],[0.37801888 0.41456981 0.48680842 0.41595432],[0.47340428 0.52531918 0.5208511  0.47645393],[0.48102166 0.48659276 0.48443388 0.48392612],0.4238378542164962,0.4990071207284928,0.4839936047792434,0.0455072072305647,0.0278904737796234,0.00229393716655,['-147.3' '-132.0' '-112.0' '-108.0'],['144.2' '125.9' '121.3' '120.5'],['E' 'E' 'E' 'E'],['E' 'E' 'E' 'E'],-2.1,-10.5,1.2754084313139329,36.37306695894642,-2.5,-2.0,[-0.3 -2.1 -2.9 -3.1],[ 21 -42  21 -42],-0.35,-12.0,0.1290994448735805,20.0,-0.35,[-0.2 -0.3 -0.4 -0.5],[-42  -2  -2  -2],-2.7750000000000004,-8.5,0.4112987559751022,36.37306695894642,-2.75,-8.5,[-2.7 -3.3 -2.3 -2.8],[ 23 -40  23 -40],-0.425,7.25,0.1707825127659933,10.5,-0.45,2.0,[-0.4 -0.5 -0.6 -0.2],[ 2  2  2 23],E,1,[0.11871989 0.19221578 0.14755926 0.17741804 0.20053047],True,Beta
307546,156,159,labels,4,1-p,1epx,B,['K' 'W' 'R' 'N'],0.798225,-0.062625006,-0.0071615000488236,0.12054427,0.0073839366,0.0011712791511668,[0.6583 0.8999 0.7369 0.8978],[-0.0577 -0.0622 -0.0574 -0.0732],[-0.006511 -0.008672 -0.00601  -0.007453],[0.34324334 0.37383276 0.41284325 0.36339197],[0.49000002 0.5125532  0.5015603  0.47290781],[0.48599556 0.48822612 0.48770279 0.48635056],0.3733278289437294,0.4942553316553434,0.487068754931291,0.0292433528491764,0.0169508965603713,0.0010659949002008,['-135.2' '-143.3' '-113.2' '-119.8'],['140.3' '126.6' '132.3' '147.7'],['E' 'E' 'E' 'E'],['E' 'E' 'E' 'E'],-1.5499999999999998,8.25,1.0472185381603338,37.86269051894402,-1.45,-2.0,[-1.7 -1.2 -0.4 -2.9],[-41  38  -2  38],-0.3,8.0,0.1632993161855452,20.0,-0.3,[-0.3 -0.3 -0.1 -0.5],[-2 -2 38 -2],-1.7000000000000002,10.75,0.9556847457887636,37.69504830434187,-1.85,21.0,[-1.9 -1.8 -0.4 -2.7],[-39  40   2  40],-0.475,-18.0,0.3862210075418822,23.094010767585036,-0.4,-18.0,[-1.  -0.5 -0.1 -0.3],[-38   2 -38   2],E,1,[0.10399701 0.15631453 0.13709447 0.16599739 0.18271474],True,Beta
308710,180,183,labels,4,1-p,3mlr,L,['S' 'Y' 'L' 'S'],0.85955,-0.073425,-0.010761999990791,0.18126966,0.009539523,0.0047979821563294,[0.7479 0.6668 0.9755 1.048 ],[-0.0812 -0.0782 -0.0746 -0.0597],[-0.008096 -0.00824  -0.017946 -0.008766],[0.33664659 0.38932295 0.43820414 0.41025341],[0.46319151 0.47234044 0.48758866 0.46602839],[0.48597221 0.48095443 0.48058222 0.48292888],0.3936067707836629,0.4722872525453567,0.4826094334324201,0.0429295921073187,0.0108940640758191,0.0024670449001652,['-138.7' '-126.0' '-127.0' '-92.2'],['142.9' '143.9' '115.5' '128.8'],['E' 'E' 'E' 'E'],['E' 'E' 'E' 'E'],-2.3,-31.5,0.687992248018343,14.617341299520463,-2.05,-2.0,[-1.9 -3.3 -1.8 -2.2],[-42 -17 -46 -21],-0.4,-2.0,0.0816496580927726,0.0,-0.4,[-0.3 -0.4 -0.4 -0.5],[-2 -2 -2 -2],-1.975,-25.75,1.20381338531629,22.51480994071828,-2.25,-29.5,[-3.1 -2.  -2.5 -0.3],[-42 -17 -46   2],-0.3999999999999999,-10.5,0.1414213562373095,25.0,-0.45,2.0,[-0.4 -0.5 -0.5 -0.2],[  2   2   2 -48],E,1,[0.13818727 0.235982   0.17595901 0.21202349 0.23784822],True,Beta
310685,2127,2130,labels,4,1-p,9e50,B,['I' 'K' 'L' 'A'],0.8598751,-0.0659,-0.0068602500250563,0.10780005,0.0034506053,0.0007339784433666,[0.8793 0.7022 0.9232 0.9348],[-0.0688 -0.065  -0.0614 -0.0684],[-0.007575 -0.007398 -0.00636  -0.006108],[0.37147097 0.40797305 0.41701307 0.41437436],[0.43709223 0.4998582  0.50014189 0.46397166],[0.47345388 0.48814832 0.48896334 0.48168556],0.4027078623572985,0.4752659971515338,0.4830627739429474,0.021167679162685,0.0305962118918069,0.0071857962221391,['-120.0' '-132.4' '-108.0' '-148.2'],['131.1' '142.7' '139.0' '109.6'],['E' 'E' 'E' ''],['E' 'E' 'E' ''],-1.275,-16.0,1.129527924990495,16.165807537309522,-1.3,-16.0,[-0.2 -2.2 -0.4 -2.3],[ -2 -30  -2 -30],-0.3,-16.0,0.1154700538379251,16.165807537309522,-0.3,[-0.2 -0.4 -0.2 -0.4],[-30  -2 -30  -2],-0.925,-13.0,1.1176612486199329,17.320508075688775,-0.4,-13.0,[-0.4 -2.6 -0.3 -0.4],[  2 -28   2 -28],-0.25,-13.0,0.1,17.320508075688775,-0.2,-13.0,[-0.2 -0.4 -0.2 -0.2],[-28   2 -28   2],E,1,[0.1282668  0.21172434 0.16322996 0.19611748 0.21910856],True,Beta
312220,72,75,labels,4,1-p,5b0p,A,['E' 'L' 'Q' 'S'],0.833025,-0.103424996,-0.0181169998832047,0.1377477,0.001662078,0.004521775769216,[0.7696 0.7658 1.0395 0.7572],[-0.1025 -0.1044 -0.1052 -0.1016],[-0.014421 -0.019815 -0.023742 -0.01449 ],[0.39070744 0.41940742 0.41738767 0.38088559],[0.3928369  0.41695038 0.41758868 0.4079433 ],[0.46996167 0.46779002 0.46775167 0.47112834],0.4020970314741134,0.408829815685749,0.4691579267382622,0.0192622354277304,0.0115357513051084,0.00167105582913,['-114.2' '-119.0' '-100.4' '-101.6'],['152.3' '127.8' '129.6' '150.4'],['E' 'E' 'E' 'E'],['E' 'E' 'E' 'E'],-1.725,-6.5,1.596610994158147,5.446711546122731,-1.5,-6.5,[-3.6 -0.3 -2.5 -0.5],[ -9  -2 -13  -2],-0.275,-7.5,0.0957427107756338,6.557438524302,-0.25,[-0.3 -0.2 -0.4 -0.2],[ -2 -11  -2 -15],-1.65,-4.5,1.445683229480096,7.681145747868608,-1.7,-3.5,[-2.9 -0.5 -2.9 -0.3],[ -9   2 -13   2],-0.2249999999999999,-6.0,0.1707825127659933,9.273618495495704,-0.25,-5.5,[-0.4 -0.  -0.3 -0.2],[  2 -13   2 -15],E,1,[0.10047403 0.14934321 0.12962948 0.15572668 0.17199204],True,Beta
313160,848,851,labels,4,1-p,5dkx,A,['V' 'V' 'V' 'L'],1.0283749,-0.074825004,-0.0129152503795921,0.1934007,0.007629493,0.0052667248994088,[1.1112 1.1633 1.0976 0.7414],[-0.0838 -0.0701 -0.0671 -0.0783],[-0.016726 -0.015776 -0.013953 -0.005206],[0.51185981 0.54925776 0.48902363 0.39191278],[0.46099292 0.4815603  0.48546102 0.43255322],[0.47091168 0.47419168 0.48059167 0.46838445],0.4855134934186936,0.4651418651143711,0.4735198716322581,0.0671587037327624,0.0242326660399019,0.0052800530612389,['-108.6' '-105.3' '-110.5' '-102.8'],['118.7' '115.6' '110.9' '136.5'],['E' 'E' 'E' ''],['E' 'E' 'E' 'P'],-3.025,22.5,0.1258305739211792,52.5642464038057,-3.0,-2.0,[-3.  -3.2 -3.  -2.9],[-21  68 -25  68],-0.6000000000000001,-2.0,0.0816496580927725,0.0,-0.6,[-0.5 -0.6 -0.6 -0.7],[-2 -2 -2 -2],-1.925,6.25,1.2606215398233789,44.214439572007095,-2.35,-9.5,[-2.1 -2.9 -2.6 -0.1],[-21  70 -26   2],-0.6,-12.25,0.3741657386773941,16.5,-0.6499999999999999,-11.5,[-0.6 -0.7 -1.  -0.1],[  2   2 -25 -28],E,1,[0.11555827 0.18804594 0.13596543 0.16171777 0.18521474],True,Beta
313411,40,44,labels,5,1-p,8hhj,A,['K' 'I' 'K' 'N' 'Y'],1.0536001,-0.07136001,-0.0139709999784827,0.13255571,0.007100213,0.0037079418171325,[1.0704 0.9677 0.8903 1.1029 1.2367],[-0.0654 -0.0646 -0.0701 -0.0751 -0.0816],[-0.012666 -0.010303 -0.011244 -0.018995 -0.016647],[0.47050384 0.47698658 0.48228028 0.52609582 0.47802904],[0.49751776 0.496383   0.48950356 0.47744681 0.47687945],[0.48066835 0.48099279 0.47747668 0.47395222 0.47162444],0.4867791116237641,0.4875461181004842,0.4769428968429565,0.0223795934882812,0.0099640556674349,0.0041169049715248,['-115.9' '-109.0' '-118.8' '-112.8' '-91.9'],['119.3' '127.4' '129.6' '106.6' '117.4'],['E' 'E' 'E' 'E' 'E'],['E' 'E' 'E' 'E' 'E'],-2.7,6.2,0.3391164991562634,26.442390209661458,-2.6,-2.0,[-2.5 -2.6 -2.3 -3.  -3.1],[ -9  35 -13  35 -17],-0.5,-2.0,0.0707106781186547,0.0,-0.5,[-0.4 -0.5 -0.5 -0.5 -0.6],[-2 -2 -2 -2 -2],-2.58,6.8,0.5540758070878028,27.752477366894656,-2.4,-9.0,[-2.4 -1.9 -2.3 -3.2 -3.1],[ -9  37 -13  37 -18],-0.72,-1.8,0.3834057902536162,8.497058314499201,-0.6,2.0,[-0.5 -0.5 -0.6 -0.6 -1.4],[  2   2   2   2 -17],E,1,[0.09927332 0.15357161 0.11550732 0.13729285 0.158028  ],True,Beta
316080,114,117,labels,4,l3(10),8qk4,A,['I' 'S' 'L' 'F'],0.85395,-0.085475,-0.0142037498299032,0.034565628,0.0071913726,0.005412342829665,[0.8144 0.8746 0.8368 0.89  ],[-0.0796 -0.081  -0.0858 -0.0955],[-0.010325 -0.012332 -0.011941 -0.022217],[0.39176618 0.41140987 0.42372383 0.4619036 ],[0.47560286 0.46354612 0.45226953 0.41340429],[0.48365999 0.48077889 0.47417223 0.4624439 ],0.4222008710106214,0.4512056981523832,0.4752637545267741,0.0295597824421219,0.0269418245613653,0.0094243248872735,['-134.4' '-111.7' '-123.0' '-129.1'],['130.8' '143.0' '139.6' '106.1'],['E' 'E' 'E' 'E'],['E' 'E' 'E' 'E'],-2.275,-31.5,0.25,47.9756882875761,-2.25,-2.0,[-2.  -2.3 -2.2 -2.6],[-71  12 -75   8],-0.375,-2.0,0.05,0.0,-0.4,[-0.3 -0.4 -0.4 -0.4],[-2 -2 -2 -2],-1.85,-31.5,0.714142842854285,47.9756882875761,-2.05,-31.5,[-2.4 -1.7 -0.9 -2.4],[-71  12 -75   8],-0.325,4.0,0.0957427107756338,4.0,-0.35,2.0,[-0.4 -0.4 -0.2 -0.3],[ 2  2 10  2],E,1,[0.13833111 0.23524716 0.17662222 0.21254846 0.23725104],True,Beta
317205,1018,1022,labels,5,1-p,7djm,A,['Q' 'F' 'E' 'V' 'P'],1.0302999,-0.0827,-0.0188196003437042,0.15039226,0.0036612826,0.0032021776789403,[0.9074 1.0148 1.268  0.8979 1.0634],[-0.082  -0.087  -0.0829 -0.0771 -0.0845],[-0.016425 -0.022917 -0.017251 -0.015922 -0.021583],[0.44084285 0.51962934 0.51808194 0.52599807 0.44862864],[0.49468086 0.45964542 0.46312059 0.46489364 0.5086525 ],[0.47694721 0.46855942 0.46883887 0.46957999 0.47865557],0.4906361679236095,0.4781986018021902,0.4725162128607433,0.0420961555751266,0.0220663416149126,0.0048766224953232,['-122.3' '-84.9' '-108.3' '-109.1' '-77.2'],['117.2' '128.4' '111.5' '112.3' '140.5'],['E' 'E' 'E' 'E' 'E'],['E' 'E' 'E' 'E' 'E'],-2.58,-40.8,1.5089731607951151,42.64035647130544,-3.0,-2.0,[-3.3 -2.7 -3.  -3.9  0. ],[-87 -13 -87 -17   0],-0.38,-1.6,0.2280350850198275,0.8944271909999159,-0.4,[-0.4 -0.5 -0.4 -0.6  0. ],[-2 -2 -2 -2  0],-2.8600000000000003,-56.8,0.5029910535983716,38.186385008272254,-2.6,-84.0,[-2.4 -2.6 -2.5 -3.5 -3.3],[-85 -13 -85 -17 -84],-0.38,-1.4,0.1483239697419132,7.602631123499285,-0.4,2.0,[-0.4 -0.6 -0.2 -0.3 -0.4],[  2   2 -15   2   2],E,1,[0.10858376 0.17379974 0.12743057 0.15202795 0.17524513],True,Beta
321916,181,185,labels,5,1-p,7a73,A,['T' 'I' 'A' 'I' 'K'],1.02016,-0.08628,-0.016827399842441,0.17803848,0.008133081,0.0039727953507003,[0.9371 0.7586 1.1571 1.0493 1.1987],[-0.0968 -0.0806 -0.093  -0.0783 -0.0827],[-0.016615 -0.012359 -0.019685 -0.021819 -0.013659],[0.37081944 0.46467262 0.48294807 0.55463288 0.46325552],[0.4485816  0.44652486 0.45964543 0.45815606 0.45595747],[0.47726167 0.47296723 0.47007611 0.46935388 0.46773222],0.4672657072544098,0.4537730832894643,0.4714782238006593,0.0655813391490211,0.0058727079136331,0.0037475550978974,['-117.1' '-122.2' '-101.8' '-103.7' '-87.8'],['128.2' '129.5' '118.3' '111.4' '116.6'],['E' 'E' 'E' 'E' 'E'],['E' 'E' 'E' 'E' 'E'],-2.8000000000000003,106.4,0.5385164807134505,88.98202065586058,-2.5,-2.0,[-2.5 -2.9 -2.5 -3.7 -2.4],[176  11 171   7 167],-0.5,-2.0,0.1581138830084189,0.0,-0.5,[-0.3 -0.5 -0.4 -0.6 -0.7],[-2 -2 -2 -2 -2],-2.66,106.0,0.461519230368573,88.61715409558128,-2.7,166.0,[-2.  -2.7 -2.6 -2.7 -3.3],[175  11 171   7 166],-0.94,69.8,0.3781534080237808,92.89348739281996,-0.7,2.0,[-1.4 -0.6 -0.7 -0.7 -1.3],[176   2   2   2 167],E,1,[0.11283142 0.18126118 0.13329078 0.15822294 0.18071694],True,Beta
323393,22,25,labels,4,1-p,8stl,D,['L' 'S' 'C' 'T'],0.981225,-0.0736,-0.0143082498107105,0.16173477,0.0082748635,0.0037797195016786,[0.9399 0.7697 1.1023 1.113 ],[-0.0842 -0.0741 -0.072  -0.0641],[-0.013073 -0.009936 -0.01531  -0.018914],[0.42095481 0.4580107  0.48620576 0.49439877],[0.45921989 0.47496457 0.48921988 0.51177309],[0.47749888 0.47871166 0.47546667 0.47610446],0.46489251156648,0.4837943588693937,0.4769454176227252,0.0331800866707919,0.0223167744520243,0.001451419953208,['-94.2' '-124.6' '-126.5' '-81.4'],['143.6' '141.6' '102.8' '123.0'],['E' 'E' 'E' 'E'],['E' 'E' 'E' 'E'],-2.5250000000000004,21.5,0.2217355782608344,43.3628104870214,-2.6,-2.0,[-2.6 -2.7 -2.6 -2.2],[ 61 -14  57 -18],-0.425,-2.0,0.0499999999999999,0.0,-0.4,[-0.5 -0.4 -0.4 -0.4],[-2 -2 -2 -2],-2.4,21.5,0.3265986323710903,43.3628104870214,-2.4,21.5,[-2.  -2.4 -2.8 -2.4],[ 61 -14  57 -18],-0.425,2.0,0.0499999999999999,0.0,-0.4,2.0,[-0.4 -0.4 -0.5 -0.4],[2 2 2 2],E,1,[0.12410108 0.20798261 0.14878451 0.17841419 0.204762  ],True,Beta
323498,171,174,labels,4,1-p,2b4l,A,['I' 'N' 'L' 'A'],0.935525,-0.0743,-0.0128279997734352,0.122145265,0.008124037,0.0062933105039009,[0.7699 0.926  0.9923 1.0539],[-0.0663 -0.0843 -0.0773 -0.0693],[-0.004642 -0.01526  -0.019535 -0.011875],[0.41510732 0.43786207 0.48412084 0.41121441],[0.47113478 0.47666669 0.47453904 0.45943265],[0.47609164 0.47809053 0.47407221 0.48169944],0.4370761575798194,0.470443290968736,0.4774884556730588,0.0334926829101507,0.0076858786868293,0.003251496846741,['-147.0' '-120.8' '-98.7' '-79.3'],['139.7' '114.2' '113.6' '140.8'],['E' 'E' 'E' 'E'],['E' 'E' 'E' 'E'],-1.95,24.5,1.1090536506409416,19.80740602232744,-2.45,-2.0,[-2.3 -0.3 -2.6 -2.6],[27 -2 27 46],-0.4,5.25,0.2449489742783178,14.5,-0.35,[-0.2 -0.2 -0.5 -0.7],[-2 27 -2 -2],-1.9,38.25,0.976387901058454,10.688779163215974,-2.05,38.0,[-2.3 -1.8 -2.9 -0.6],[29 47 29 48],-0.725,25.25,0.6551081335677849,26.849891371599004,-0.45,25.0,[-0.5 -1.7 -0.3 -0.4],[ 2 48  2 49],E,1,[0.13389667 0.22872787 0.16407145 0.19686756 0.22371868],True,Beta
324295,47,51,labels,5,1-p,6ehb,B,['L' 'N' 'F' 'L' 'G'],0.8988,-0.038640004,-0.0043498000595718,0.16810137,0.005497545,0.0017958191562436,[1.0269 0.6072 0.9115 0.9687 0.9797],[-0.034  -0.0395 -0.0478 -0.0356 -0.0363],[-0.002872 -0.002406 -0.00674  -0.005454 -0.004277],[0.39528447 0.41463497 0.40515517 0.46582908 0.45009459],[0.55226952 0.55226952 0.55113479 0.55340427 0.55737591],[0.49309112 0.49332335 0.49188889 0.49084945 0.49238556],0.4261996587117513,0.5532908002535503,0.4923076709111532,0.0303060232388325,0.0024205069337639,0.0009941387813439,['-126.9' '-139.9' '-136.8' '-122.1' '-105.8'],['130.6' '155.0' '120.5' '117.0' '139.4'],['E' 'E' 'E' 'E' 'E'],['E' 'E' 'E' 'E' 'E'],-2.44,-0.4,0.1949358868961793,22.678183348760545,-2.5,-2.0,[-2.2 -2.5 -2.3 -2.5 -2.7],[ 20 -23  16 -27  12],-0.4,-2.0,0.0707106781186547,0.0,-0.4,[-0.4 -0.4 -0.3 -0.4 -0.5],[-2 -2 -2 -2 -2],-2.3400000000000003,-0.4,0.3049590136395381,22.678183348760545,-2.3,12.0,[-2.6 -2.3 -2.  -2.7 -2.1],[ 20 -23  16 -27  12],-0.42,2.0,0.0836660026534075,0.0,-0.4,2.0,[-0.3 -0.4 -0.5 -0.5 -0.4],[2 2 2 2 2],E,1,[0.09563594 0.14245456 0.11929414 0.14311162 0.16162037],True,Beta
324859,243,246,labels,4,1-p,4zk3,A,['M' 'I' 'V' 'L'],0.96025,-0.08485,-0.0157502500806003,0.16412805,0.008587004,0.007594507149964,[0.9892 0.9733 0.7406 1.1379],[-0.0958 -0.0834 -0.0749 -0.0853],[-0.026652 -0.015232 -0.010605 -0.010512],[0.40600215 0.44028903 0.46450973 0.43377371],[0.43453903 0.45808513 0.46553194 0.45446811],[0.46876    0.47083944 0.47980612 0.47730389],0.4361436540881793,0.4531560515364012,0.4741773630181949,0.0240551092242479,0.0132384956538347,0.005226456556885,['-108.4' '-105.1' '-126.8' '-119.2'],['125.9' '137.1' '136.6' '115.1'],['E' 'E' 'E' 'E'],['E' 'E' 'E' 'E'],-2.575,54.5,0.2362907813126304,75.66813508119958,-2.5,-2.0,[-2.4 -2.9 -2.6 -2.4],[ -9 122 -13 118],-0.4,-2.0,0.0816496580927726,0.0,-0.4,[-0.3 -0.5 -0.4 -0.4],[-2 -2 -2 -2],-2.525,54.5,0.3403429642777022,75.66813508119958,-2.45,54.5,[-3.  -2.2 -2.4 -2.5],[ -9 122 -13 118],-0.375,-2.25,0.1258305739211791,8.5,-0.4,2.0,[-0.4 -0.4 -0.5 -0.2],[  2   2   2 -15],E,1,[0.12223363 0.20106469 0.14814873 0.1768902  0.20075051],True,Beta
325368,78,81,labels,4,1-p,5d7z,A,['E' 'L' 'T' 'Y'],0.98352504,-0.08732501,-0.0165827504824847,0.05874309,0.009427397,0.0040791867883973,[1.0445 0.9147 0.9569 1.018 ],[-0.1002 -0.0875 -0.078  -0.0836],[-0.021901 -0.016294 -0.011958 -0.016178],[0.45641443 0.4749831  0.47066671 0.46675752],[0.40680854 0.44985817 0.46163122 0.42120569],[0.46162055 0.47213721 0.47531665 0.45581332],0.4672054375211398,0.4348759030302366,0.4662219335635503,0.0079397482090035,0.0252650421769713,0.009077746887026,['-111.3' '-88.1' '-116.4' '-113.6'],['108.9' '136.1' '124.6' '116.3'],['E' 'E' 'E' 'E'],['E' 'E' 'E' 'E'],-3.075,-33.5,0.6396613687465165,19.122412679017955,-3.2,-2.0,[-3.6 -3.6 -2.3 -2.8],[-50 -15 -50 -19],-0.5,-2.0,0.0816496580927725,0.0,-0.5,[-0.5 -0.6 -0.4 -0.5],[-2 -2 -2 -2],-2.175,-32.5,0.2629955639676583,17.97220075561143,-2.25,-33.5,[-2.2 -1.8 -2.3 -2.4],[-48 -15 -48 -19],-0.475,2.0,0.0499999999999999,0.0,-0.5,2.0,[-0.4 -0.5 -0.5 -0.5],[2 2 2 2],E,1,[0.11404025 0.18436507 0.13665295 0.16362027 0.18730753],True,Beta
327822,42,46,labels,5,1-p,8zaj,C,['V' 'I' 'Q' 'C' 'S'],0.89331996,-0.08426,-0.0131937999278306,0.14829183,0.009351364,0.0034325158399662,[0.7263 1.0924 0.7701 0.9155 0.9623],[-0.0819 -0.097  -0.0888 -0.0818 -0.0718],[-0.010173 -0.018016 -0.014889 -0.013143 -0.009748],[0.4261182  0.42167149 0.45248896 0.4312979  0.39391625],[0.43836882 0.44843975 0.44851068 0.46638302 0.45992911],[0.47554277 0.47606778 0.47441778 0.47901111 0.46662721],0.4250985582669576,0.4523262739181519,0.4743333299954733,0.0210581736569819,0.0109529639890109,0.0046299054620852,['-126.3' '-106.7' '-112.7' '-110.9' '-116.6'],['135.7' '124.6' '138.5' '124.2' '124.7'],['E' 'E' 'E' 'E' 'E'],['E' 'E' 'E' 'E' 'E'],-2.08,18.2,1.3590437814875576,17.181385275931625,-2.1,-2.0,[-0.4 -1.3 -4.  -2.6 -2.1],[-2 13 38  8 34],-0.4,1.4,0.1224744871391589,7.602631123499285,-0.4,[-0.2 -0.4 -0.5 -0.4 -0.5],[15 -2 -2 -2 -2],-2.7,26.8,0.5916079783099616,15.658863304850708,-2.7,34.0,[-3.4 -2.7 -3.  -2.6 -1.8],[42 12 38  8 34],-0.58,4.2,0.1788854381999831,4.919349550499538,-0.5,2.0,[-0.5 -0.9 -0.5 -0.5 -0.5],[ 2 13  2  2  2],E,1,[0.13817773 0.23541433 0.17281877 0.20661233 0.23138307],True,Beta
328677,87,91,labels,5,1-p,5ews,O,['F' 'T' 'V' 'T' 'F'],0.9354199,-0.0705,-0.0121367997489869,0.13634568,0.009082677,0.0052422305248724,[0.7121 1.007  1.0006 1.0541 0.9033],[-0.0685 -0.073  -0.0663 -0.0845 -0.0602],[-0.00888  -0.01208  -0.01165  -0.020814 -0.00726 ],[0.41927713 0.44299289 0.49869887 0.48180791 0.45862966],[0.48425535 0.49092201 0.47957449 0.4886525  0.48127662],[0.48411779 0.48188334 0.47525333 0.47793112 0.46919112],0.4602812906106314,0.4849361956119538,0.477675340572993,0.0313139886927313,0.0048022083450792,0.005855036524877,['-125.2' '-120.5' '-107.4' '-105.8' '-103.7'],['141.4' '119.0' '121.9' '126.8' '112.4'],['E' 'E' 'E' 'E' 'E'],['E' 'E' 'E' 'E' 'E'],-2.44,-37.2,0.5412947441089744,42.2930254297325,-2.5,-2.0,[-2.6 -1.6 -2.4 -3.1 -2.5],[-64  11 -68   7 -72],-0.44,-2.0,0.0894427190999915,0.0,-0.5,[-0.3 -0.4 -0.5 -0.5 -0.5],[-2 -2 -2 -2 -2],-2.76,-37.4,0.6268971207462992,42.50058823122335,-2.8,-64.0,[-2.8 -3.  -2.5 -1.9 -3.6],[-64  11 -68   7 -73],-0.54,-12.8,0.0894427190999915,33.09380606699689,-0.5,2.0,[-0.5 -0.5 -0.5 -0.7 -0.5],[  2   2   2   2 -72],E,1,[0.13621767 0.23202995 0.16702119 0.19934235 0.22443812],True,Beta
332276,33,36,labels,4,1-p,5ob5,H,['W' 'I' 'V' 'W'],0.82152504,-0.0935,-0.018083750270307,0.15879855,0.009385095,0.0075157184261433,[0.7028 1.0132 0.6798 0.8903],[-0.1065 -0.0903 -0.0929 -0.0843],[-0.028246 -0.019036 -0.013852 -0.011201],[0.31995108 0.39023509 0.42077565 0.39499127],[0.54390074 0.4328369  0.44858159 0.46127662],[0.46876834 0.46603668 0.47550612 0.482545  ],0.3814882710576058,0.4716489613056183,0.473214032749335,0.0431631101502069,0.0495526137589715,0.0073846506925885,['-93.3' '-115.6' '-114.9' '-120.1'],['150.2' '132.1' '155.7' '131.7'],['E' 'E' 'E' 'E'],['E' 'E' 'E' 'E'],-2.05,22.5,1.1818065267490556,27.57414247684474,-2.5,-2.0,[-0.3 -2.5 -2.9 -2.5],[-2 17 62 13],-0.35,3.25,0.1,10.5,-0.3,[-0.3 -0.3 -0.5 -0.3],[19 -2 -2 -2],-2.375,39.25,0.6020797289396148,28.69814163553685,-2.25,39.5,[-2.4 -2.1 -1.8 -3.2],[66 17 62 12],-0.5750000000000001,4.75,0.3593976442141304,5.5,-0.45,2.0,[-0.5 -0.3 -0.4 -1.1],[ 2  2  2 13],E,1,[0.10279658 0.153776   0.13345202 0.16020329 0.17653016],True,Beta
335289,24,27,labels,4,1-p,2bwx,A,['A' 'A' 'L' 'I'],0.88890004,-0.073875,-0.0132575000170618,0.12736577,0.009038205,0.0051458540701211,[0.7021 0.9197 0.9488 0.985 ],[-0.0758 -0.0832 -0.0615 -0.075 ],[-0.015648 -0.019375 -0.009236 -0.008771],[0.33506662 0.41870704 0.46478665 0.40859201],[0.56687945 0.48191492 0.48248229 0.44290783],[0.48708    0.47541166 0.47923222 0.47779833],0.4067880796889465,0.4935461233059566,0.4798805539806684,0.0537063540963916,0.0522803563842251,0.0050516978800613,['-134.9' '-106.4' '-116.8' '-123.2'],['138.7' '133.6' '119.0' '118.6'],['E' 'E' 'E' 'E'],['E' 'E' 'E' 'E'],-2.425,69.5,0.5188127472091126,37.5632799419859,-2.6,-2.0,[-1.7 -2.4 -2.8 -2.8],[102  39 102  35],-0.375,-2.0,0.0957427107756338,0.0,-0.35,[-0.3 -0.3 -0.4 -0.5],[-2 -2 -2 -2],-2.225,70.5,1.1954775893619531,38.71692136521188,-2.6,71.5,[-3.2 -2.4 -0.5 -2.8],[104  39 104  35],-0.425,2.0,0.0957427107756338,0.0,-0.45,2.0,[-0.4 -0.5 -0.5 -0.3],[2 2 2 2],E,1,[0.13962958 0.2391033  0.17504609 0.21051542 0.23570561],True,Beta
337190,942,946,labels,5,1-p,4amw,D,['V' 'A' 'A' 'E' 'Q'],0.81071997,-0.056900002,-0.0061486000195145,0.15827009,0.004191063,0.0019072390377004,[0.6926 0.6806 0.8957 0.7362 1.0485],[-0.0512 -0.0573 -0.0567 -0.0563 -0.063 ],[-0.003654 -0.007089 -0.006574 -0.008533 -0.004893],[0.35293488 0.36956523 0.37666692 0.43659159 0.39518673],[0.52198583 0.52113477 0.51751775 0.5134752  0.4892908 ],[0.49026111 0.49037944 0.48766889 0.48888888 0.47866167],0.3861890693505606,0.5126808702945709,0.4871719976266225,0.0319931094822762,0.0135015950680795,0.0048849419619916,['-144.0' '-139.7' '-129.8' '-135.4' '-105.8'],['149.8' '151.8' '137.1' '138.0' '134.4'],['E' 'E' 'E' 'E' 'E'],['E' 'E' 'E' 'E' 'E'],-1.88,-13.2,0.3346640106136301,20.51097267318154,-1.9,-2.0,[-1.9 -1.5 -2.3 -2.1 -1.6],[-24  11 -28   7 -32],-0.3399999999999999,-2.0,0.0547722557505166,0.0,-0.3,[-0.3 -0.3 -0.3 -0.4 -0.4],[-2 -2 -2 -2 -2],-1.9000000000000004,-6.4,0.9617692030835672,18.22909761891685,-2.4,2.0,[-2.4 -2.5 -1.7 -2.6 -0.3],[-24  11 -28   7   2],-0.3399999999999999,2.6,0.0894427190999916,1.3416407864998738,-0.4,2.0,[-0.3 -0.4 -0.4 -0.4 -0.2],[2 2 2 2 5],E,1,[0.10444054 0.15697282 0.13643964 0.16393726 0.18038348],True,Beta
337506,172,175,labels,4,1-p,5h7w,B,['G' 'I' 'I' 'G'],0.862225,-0.084275,-0.0142862498760223,0.11749982,0.0071597844,0.003580586692628,[0.942  0.9127 0.9067 0.6875],[-0.0907 -0.076  -0.0898 -0.0806],[-0.017289 -0.011781 -0.017432 -0.010643],[0.43719425 0.4497851  0.40833138 0.36080212],[0.46134754 0.456383   0.46354613 0.45127663],[0.47542831 0.47416554 0.47785777 0.48230999],0.4140282149116199,0.4581383243203163,0.4774404019117355,0.0394997502291371,0.0054683150421899,0.003589813571227,['-95.7' '-123.1' '-108.6' '-95.7'],['135.6' '121.8' '131.7' '158.1'],['E' 'E' 'E' 'E'],['E' 'E' 'E' 'E'],-2.5,14.5,0.2943920288775948,31.796226191169293,-2.45,-2.0,[-2.9 -2.4 -2.5 -2.2],[ 42 -11  42 -15],-0.4,-2.0,0.0,0.0,-0.4,[-0.4 -0.4 -0.4 -0.4],[-2 -2 -2 -2],-2.65,11.0,0.5446711546122731,39.14928692411481,-2.75,16.5,[-3.1 -2.  -3.1 -2.4],[ 44 -11  44 -33],-0.325,-10.75,0.0957427107756338,17.03672503740082,-0.35,-5.5,[-0.4 -0.4 -0.2 -0.3],[  2   2 -13 -34],E,1,[0.13845505 0.23593401 0.17603252 0.21230389 0.23727453],True,Beta
338865,354,357,labels,4,1-p,8egu,A,['L' 'Q' 'L' 'Q'],0.89337504,-0.07405,-0.0090497500495985,0.19979541,0.007264753,0.0033055846107642,[0.9445 0.7493 0.7253 1.1544],[-0.0835 -0.0662 -0.0715 -0.075 ],[-0.010411 -0.004801 -0.008407 -0.01258 ],[0.34063722 0.39403026 0.4282194  0.44012614],[0.41886526 0.48141846 0.48744683 0.49404259],[0.48291388 0.48687834 0.48567333 0.48278056],0.4007532546917598,0.4704432860016823,0.484561525285244,0.0445860583549144,0.0347696920713489,0.0020404490673777,['-135.3' '-118.8' '-119.6' '-125.2'],['109.3' '141.6' '137.4' '112.3'],['E' 'E' 'E' 'E'],['E' 'E' 'E' 'E'],-1.4,4.0,1.2138094304022082,7.118052168020874,-1.4,4.0,[-0.3 -2.4 -0.4 -2.5],[-2 12 -2  8],-0.3,5.0,0.1154700538379251,8.246211251235321,-0.3,[-0.2 -0.4 -0.2 -0.4],[14 -2 10 -2],-1.6749999999999998,6.0,1.4361406616345074,4.898979485566356,-1.55,5.0,[-0.4 -3.2 -0.5 -2.6],[ 2 12  2  8],-0.325,7.0,0.15,6.0,-0.3,6.0,[-0.2 -0.4 -0.2 -0.5],[14  2 10  2],E,1,[0.13990297 0.24003911 0.17500019 0.2097566  0.23530113],True,Beta
339135,148,151,labels,4,1-p,6e1i,A,['M' 'R' 'Y' 'F'],0.89762497,-0.0553,-0.0074882499757222,0.18962666,0.009938143,0.0038688562607845,[1.0868 0.6345 0.9423 0.9269],[-0.0592 -0.0444 -0.0671 -0.0505],[-0.006841 -0.00255  -0.011781 -0.008781],[0.3668451  0.43385517 0.40781018 0.43822043],[0.5067376  0.51723406 0.52340427 0.53049649],[0.48998666 0.48823776 0.48716    0.48655945],0.4116827199856441,0.5194681038459144,0.4879859661062559,0.0327682575694203,0.0100693489212377,0.0015036997533613,['-118.1' '-138.4' '-114.2' '-125.4'],['132.6' '137.3' '140.0' '127.1'],['E' 'E' 'E' 'E'],['E' 'E' 'E' 'E'],-2.6,56.5,0.1414213562373096,43.3628104870214,-2.6500000000000004,-2.0,[-2.6 -2.4 -2.7 -2.7],[96 21 92 17],-0.375,-2.0,0.05,0.0,-0.4,[-0.3 -0.4 -0.4 -0.4],[-2 -2 -2 -2],-2.125,56.5,0.7889866919029751,43.3628104870214,-1.95,56.5,[-1.4 -3.2 -1.7 -2.2],[96 21 92 17],-0.4,2.0,0.0,0.0,-0.4,2.0,[-0.4 -0.4 -0.4 -0.4],[2 2 2 2],E,1,[0.12867962 0.21482905 0.16064628 0.19336751 0.21822977],True,Beta
340468,93,96,labels,4,1-p,3k8g,B,['F' 'R' 'L' 'F'],0.94089997,-0.06815,-0.0116875000530853,0.161321,0.008280701,0.0035301130223737,[0.8989 1.0486 0.7312 1.0849],[-0.0726 -0.0612 -0.0612 -0.0776],[-0.014493 -0.01033  -0.007315 -0.014612],[0.39018621 0.43631466 0.46661092 0.42885465],[0.54624116 0.50000002 0.49645392 0.50212767],[0.49045056 0.48214556 0.48207945 0.47933889],0.4304916101197402,0.5112056930859885,0.4835036148627599,0.0314415735187295,0.0234739336384634,0.0048123983550326,['-113.5' '-123.9' '-125.3' '-117.5'],['141.8' '128.3' '137.6' '124.3'],['E' 'E' 'E' 'E'],['E' 'E' 'E' 'E'],-2.875,18.0,0.4573474244670748,33.56585566713095,-2.9,-2.0,[-2.8 -2.3 -3.4 -3. ],[ 49  -9  45 -13],-0.375,-2.0,0.05,0.0,-0.4,[-0.3 -0.4 -0.4 -0.4],[-2 -2 -2 -2],-2.575,18.0,0.3685557397915996,33.56585566713095,-2.6,18.0,[-2.6 -2.1 -2.6 -3. ],[ 49  -9  45 -13],-0.425,2.0,0.0499999999999999,0.0,-0.4,2.0,[-0.4 -0.4 -0.5 -0.4],[2 2 2 2],E,1,[0.13077657 0.21934366 0.15995106 0.19073094 0.21496396],True,Beta
340822,75,78,labels,4,1-p,7a8v,A,['V' 'E' 'L' 'Q'],0.94909996,-0.094025,-0.0176247498020529,0.03510907,0.008996063,0.0005753970535732,[0.899  0.9517 0.978  0.9677],[-0.1035 -0.0877 -0.0851 -0.0998],[-0.017982 -0.016957 -0.018211 -0.017349],[0.40077361 0.46074713 0.4719372  0.40351005],[0.40468088 0.44234045 0.44496458 0.39290784],[0.46831613 0.47047223 0.47082389 0.46658388],0.4342420001824697,0.4212234367926916,0.4690490315357845,0.0373632414986193,0.0263628498379515,0.0019824018533953,['-129.6' '-104.3' '-106.1' '-106.5'],['122.2' '123.3' '123.9' '114.4'],['E' 'E' 'E' 'E'],['E' 'E' 'E' 'E'],-2.9250000000000003,-2.0,0.3095695936834452,78.55359104882899,-3.0,-2.0,[-2.5 -2.9 -3.2 -3.1],[ 68 -68  64 -72],-0.4499999999999999,-2.0,0.1290994448735805,0.0,-0.45,[-0.3 -0.4 -0.6 -0.5],[-2 -2 -2 -2],-2.325,-2.25,0.0957427107756337,78.85165396701159,-2.35,-2.0,[-2.4 -2.4 -2.2 -2.3],[ 68 -68  64 -73],-0.75,-16.5,0.3696845502136472,37.0,-0.6,2.0,[-0.6 -0.5 -0.6 -1.3],[  2   2   2 -72],E,1,[0.108595   0.17081498 0.13224613 0.15841028 0.18000949],True,Beta
341187,182,185,labels,4,1-p,2xkn,B,['S' 'S' 'V' 'T'],0.813325,-0.073275,-0.0089167498517781,0.115357645,0.009779356,0.0026030267629619,[0.7347 0.7759 0.7582 0.9845],[-0.0874 -0.0713 -0.065  -0.0694],[-0.011398 -0.00786  -0.010658 -0.005751],[0.34905827 0.36954895 0.41023711 0.35073595],[0.46801422 0.47964544 0.49241138 0.45588656],[0.48453389 0.48338001 0.48651722 0.48593945],0.3698950707912445,0.4739894022544225,0.4850926424066226,0.0284537301969368,0.01565008861506,0.0014132505026707,['-140.1' '-113.0' '-138.2' '-113.3'],['134.4' '149.4' '134.9' '123.3'],['E' 'E' 'E' 'E'],['E' 'E' 'E' 'E'],-2.325,-29.5,0.6448514040717702,13.47837774610382,-2.25,-2.0,[-1.7 -3.1 -2.6 -1.9],[-39 -16 -43 -20],-0.375,-2.0,0.05,0.0,-0.4,[-0.3 -0.4 -0.4 -0.4],[-2 -2 -2 -2],-2.1,-35.75,1.319090595827292,13.400870618483465,-2.5,-41.0,[-2.3 -2.7 -3.2 -0.2],[-39 -16 -43 -45],-0.325,1.0,0.2217355782608345,2.0,-0.4,2.0,[-0.4 -0.4 -0.5 -0. ],[ 2  2  2 -2],E,1,[0.11301196 0.17557619 0.14756731 0.17822893 0.19649561],True,Beta
342807,101,104,labels,4,1-p,4dzz,B,['V' 'I' 'I' 'P'],1.023875,-0.073825,-0.016974750207737,0.06833961,0.009051472,0.0046925285138902,[1.0695 0.9236 1.0374 1.065 ],[-0.0775 -0.0701 -0.0843 -0.0634],[-0.014987 -0.014883 -0.023985 -0.014044],[0.3831008  0.49361691 0.49288395 0.43818785],[0.53893619 0.47382982 0.48382981 0.47865251],[0.47798667 0.47008056 0.47060445 0.47912223],0.4519473773737749,0.4938120792309444,0.4744484797120095,0.0527299041376363,0.0303586035625473,0.0047685784902055,['-114.5' '-107.7' '-110.5' '-71.3'],['121.9' '127.7' '104.8' '136.5'],['E' 'E' 'E' 'E'],['E' 'E' 'E' 'E'],-2.25,-8.75,1.57797338380595,60.62109093926525,-2.7,-2.0,[-2.4 -3.6 -3.   0. ],[ 31 -97  31   0],-0.325,-1.5,0.2362907813126304,1.0,-0.4,[-0.3 -0.5 -0.5  0. ],[-2 -2 -2  0],-1.725,-6.75,1.021028892833107,60.62109093926525,-1.95,17.5,[-2.1 -1.8 -2.7 -0.3],[ 33 -95  33   2],-0.2749999999999999,17.5,0.15,17.897858344878397,-0.2,17.5,[-0.5 -0.2 -0.2 -0.2],[ 2 33  2 33],E,1,[0.12574504 0.20988491 0.1484404  0.17616456 0.20037037],True,Beta
343221,186,189,labels,4,1-p,7qt3,C,['S' 'S' 'V' 'T'],0.78732497,-0.07625,-0.0091552499216049,0.1105005,0.009871337,0.0027860492860679,[0.7051 0.7519 0.742  0.9503],[-0.091  -0.0723 -0.0702 -0.0715],[-0.011146 -0.007541 -0.011852 -0.006082],[0.32853501 0.35817972 0.39811863 0.34366684],[0.45078017 0.47269507 0.48652485 0.45141847],[0.48415778 0.48303389 0.48584722 0.48528054],0.3571250475943089,0.4653546412785849,0.4845798586805662,0.0298892366027313,0.0174039428740785,0.0012470443449304,['-140.5' '-119.2' '-137.2' '-119.6'],['138.4' '151.1' '143.2' '125.3'],['E' 'E' 'E' 'E'],['E' 'E' 'E' 'E'],-2.1,-29.5,0.5477225575051662,13.47837774610382,-2.15,-2.0,[-2.  -2.7 -2.3 -1.4],[-39 -16 -43 -20],-0.3249999999999999,-2.0,0.05,0.0,-0.3,[-0.3 -0.3 -0.3 -0.4],[-2 -2 -2 -2],-2.025,-35.75,1.2446552400832396,13.400870618483465,-2.45,-41.0,[-2.4 -2.5 -3.  -0.2],[-39 -16 -43 -45],-0.3,1.0,0.2160246899469286,2.0,-0.35,2.0,[-0.3 -0.4 -0.5 -0. ],[ 2  2  2 -2],E,1,[0.09660984 0.14039031 0.1279834  0.15427639 0.16871978],True,Beta
343357,271,275,labels,5,1-p,3ss7,X,['P' 'L' 'F' 'V' 'Y'],0.96599996,-0.08174,-0.0148933999240398,0.14445448,0.009450025,0.0033860930938437,[0.9133 0.929  1.102  0.77   1.1157],[-0.0765 -0.0835 -0.0768 -0.0744 -0.0975],[-0.016691 -0.019896 -0.011469 -0.012905 -0.013506],[0.41300614 0.47957642 0.45623528 0.48664553 0.41360879],[0.55063831 0.47035463 0.47184399 0.46191492 0.44560287],[0.49734834 0.47330223 0.47540555 0.47895556 0.47540166],0.4498144308725994,0.4800709426403046,0.480082666873932,0.0351753892844862,0.0408029768791694,0.0098632574408364,['-65.5' '-117.8' '-114.4' '-126.4' '-124.6'],['157.2' '128.7' '131.2' '139.7' '113.5'],['' 'E' 'E' 'E' 'E'],['P' 'E' 'E' 'E' 'E'],-2.12,68.4,1.2214745187681977,70.72693970475466,-2.5,-2.0,[ 0.  -2.3 -3.1 -2.7 -2.5],[  0  26 145  26 145],-0.3,27.8,0.2,65.52251521423763,-0.4,[ 0.  -0.2 -0.5 -0.4 -0.4],[  0 145  -2  -2  -2],-2.6,99.4,0.3741657386773941,65.17898434311476,-2.6,147.0,[-2.2 -2.6 -3.2 -2.6 -2.4],[147  28 147  28 147],-0.4,7.2,0.1224744871391589,11.627553482998907,-0.4,2.0,[-0.5 -0.4 -0.4 -0.5 -0.2],[ 2  2  2  2 28],E,1,[0.11951581 0.19618602 0.14436351 0.17315394 0.19768581],True,Beta
343545,205,209,labels,5,1-p,7k9u,A,['I' 'Q' 'L' 'V' 'V'],0.90347993,-0.097839996,-0.0169155997224152,0.17222582,0.008010181,0.0069242109669612,[1.042  0.7063 0.7547 1.0992 0.9152],[-0.0964 -0.085  -0.1064 -0.1005 -0.1009],[-0.019441 -0.00688  -0.022319 -0.02313  -0.012808],[0.42505948 0.40769616 0.41701306 0.45103931 0.42323518],[0.40177308 0.43418442 0.43127661 0.42000003 0.39900711],[0.460885   0.47297779 0.47092835 0.46763502 0.4610739 ],0.4248086373011271,0.4172482490539552,0.466700009504954,0.0161570039585294,0.0163050699671316,0.0055594765845746,['-116.8' '-111.5' '-128.7' '-86.4' '-108.3'],['118.9' '149.0' '131.5' '116.8' '138.3'],['E' 'E' 'E' '' ''],['E' 'E' 'E' 'P' ''],-1.44,-86.0,1.4791889669680476,76.68115805072325,-0.7,-4.0,[-0.2 -3.5 -0.3 -2.5 -0.7],[-142 -142   -2 -142   -2],-0.26,-58.4,0.1816590212458495,76.32037735755766,-0.2,[-0.1 -0.5 -0.2 -0.4 -0.1],[  -4   -2 -142   -2 -142],-0.86,-26.4,0.9289779329994874,63.50433056099402,-0.4,2.0,[-0.3 -2.5 -0.7 -0.4 -0.4],[   2 -140    2    2    2],-0.16,-56.4,0.1673320053068151,76.33347889360212,-0.2,-2.0,[-0.2 -0.4 -0.2 -0.  -0. ],[-140    2 -140   -2   -2],E,1,[0.1047177  0.161812   0.13034304 0.15749317 0.17822637],True,Beta
344140,182,185,labels,4,1-p,2r85,A,['Y' 'P' 'H' 'Y'],0.92157495,-0.07625,-0.0140820001251995,0.18519467,0.009828699,0.0076666066056587,[1.0585 0.9938 0.9859 0.6481],[-0.0643 -0.0816 -0.0865 -0.0726],[-0.011578 -0.021823 -0.018407 -0.00452 ],[0.46423284 0.49487113 0.42802394 0.40829881],[0.50425533 0.47347521 0.46758867 0.46390073],[0.48061334 0.4712178  0.4751389  0.48003779],0.4488566815853119,0.4773049876093865,0.4767519583304724,0.0384391276461494,0.0183944662842276,0.0044322981196359,['-129.0' '-71.1' '-110.8' '-112.3'],['88.0' '138.5' '122.9' '163.6'],['E' 'E' 'E' 'E'],['E' 'E' 'E' 'E'],-2.075,28.5,1.461449052595859,36.49200825751669,-2.6,-2.0,[-2.1  0.  -3.1 -3.1],[18  0 14 82],-0.25,-1.5,0.2081665999466132,1.0,-0.25,[-0.3  0.  -0.2 -0.5],[-2  0 -2 -2],-1.7999999999999998,49.75,0.7958224257542214,39.63479111420504,-1.65,50.0,[-1.7 -1.  -2.9 -1.6],[18 86 13 82],-0.5499999999999999,5.0,0.4509249752822894,6.0,-0.4,2.0,[-0.2 -0.5 -1.2 -0.3],[ 2  2 14  2],E,1,[0.13188659 0.22264538 0.16272535 0.19524615 0.22062471],True,Beta
346068,149,153,labels,5,l3(10),5obf,L,['N' 'V' 'K' 'W' 'K'],0.8504999,-0.0722,-0.0115682002156972,0.026477639,0.005644908,0.0029492124678949,[0.8085 0.8422 0.8615 0.8639 0.8764],[-0.0789 -0.0671 -0.0742 -0.0752 -0.0656],[-0.015126 -0.009162 -0.011919 -0.013564 -0.00807 ],[0.36772465 0.40919467 0.41821839 0.42378899 0.37503811],[0.54085109 0.48212768 0.4847518  0.48581562 0.5192908 ],[0.48820722 0.479885   0.48075279 0.48135946 0.46958168],0.3987929622332255,0.5025673985481263,0.4799572308858236,0.0256898708681508,0.0262731458807789,0.0066768012238389,['-124.4' '-115.5' '-131.2' '-99.7' '-130.8'],['136.3' '139.3' '125.3' '141.0' '130.1'],['E' 'E' 'E' 'E' 'E'],['E' 'E' 'E' 'E' 'E'],-1.5,29.8,0.959166304662544,25.28240494889677,-1.8,-2.0,[-2.1 -0.4 -1.8 -0.6 -2.6],[52 -2 48  7 44],-0.34,8.4,0.0894427190999916,23.25510696599781,-0.4,[-0.3 -0.2 -0.4 -0.4 -0.4],[-2 50 -2 -2 -2],-2.0,30.6,0.9513148795220224,24.05826261391292,-2.3,44.0,[-2.9 -0.4 -2.3 -2.  -2.4],[52  2 48  7 44],-0.38,11.6,0.1095445115010332,21.46625258399798,-0.4,2.0,[-0.4 -0.2 -0.4 -0.4 -0.5],[ 2 50  2  2  2],E,1,[0.1386557  0.23481884 0.17726104 0.21290995 0.23635446],True,Beta
349755,436,439,labels,4,1-p,6iik,B,['Y' 'V' 'S' 'W'],0.7934,-0.08765,-0.0103867498692125,0.136813,0.005192622,0.0032414845023698,[0.7593 0.6741 0.7497 0.9905],[-0.085  -0.0871 -0.0951 -0.0834],[-0.007989 -0.009302 -0.015172 -0.009084],[0.30030737 0.35558987 0.39324842 0.3910658 ],[0.41255321 0.44879435 0.4499291  0.44326242],[0.47660111 0.48196501 0.48135668 0.47603834],0.3600528637568156,0.4386347681283952,0.478990284105142,0.0434096335310722,0.0176299145492099,0.0031021995267467,['-102.4' '-134.1' '-115.3' '-131.3'],['144.5' '151.4' '149.3' '126.2'],['E' 'E' 'E' 'E'],['E' 'E' 'E' 'E'],-1.675,-4.5,0.899536917900909,12.476644848141934,-1.95,-2.0,[-0.4 -1.7 -2.4 -2.2],[ -2 -12  12 -16],-0.3,-4.0,0.0816496580927726,4.0,-0.3,[-0.2 -0.3 -0.3 -0.4],[-10  -2  -2  -2],-2.1,-3.5,1.267543556122103,12.897028081435405,-2.45,-5.0,[-0.3 -2.7 -3.2 -2.2],[  2 -12  12 -16],-0.35,-1.0,0.1,6.0,-0.4,2.0,[-0.2 -0.4 -0.4 -0.4],[-10   2   2   2],E,1,[0.09899518 0.14522538 0.13064526 0.15750674 0.17233367],True,Beta
351478,115,119,labels,5,1-p,9ay8,E,['M' 'T' 'I' 'T' 'S'],0.92956,-0.056160003,-0.0081838001031428,0.13911082,0.0060351472,0.0031475123540657,[0.9743 1.0294 0.948  1.009  0.6871],[-0.0582 -0.054  -0.0555 -0.0483 -0.0648],[-0.009715 -0.010063 -0.011098 -0.006643 -0.0034  ],[0.41771345 0.48078175 0.48643378 0.43067893 0.38047839],[0.49815607 0.51936173 0.526383   0.51872343 0.49531919],[0.48501112 0.48284668 0.48455335 0.488255   0.48782612],0.4392172634601593,0.5115886847178142,0.4856984535853068,0.0445605728910627,0.0139223593750718,0.0022901546665332,['-131.2' '-112.8' '-109.3' '-105.0' '-134.8'],['119.2' '118.1' '124.2' '133.9' '154.7'],['E' 'E' 'E' 'E' 'E'],['E' 'E' 'E' 'E' 'E'],-2.74,0.6,0.2190890230020664,17.271363582531635,-2.8,-2.0,[-2.8 -2.7 -3.  -2.8 -2.4],[ 17 -16  13 -20   9],-0.4399999999999999,-2.0,0.1140175425099137,0.0,-0.4,[-0.3 -0.4 -0.6 -0.5 -0.4],[-2 -2 -2 -2 -2],-2.74,0.4,0.2509980079602226,17.572706109191035,-2.6,9.0,[-2.9 -2.6 -3.1 -2.5 -2.6],[ 17 -16  13 -21   9],-0.6599999999999999,-2.4,0.4219004621945796,9.838699100999076,-0.5,2.0,[-0.6 -0.5 -0.4 -1.4 -0.4],[  2   2   2 -20   2],E,1,[0.11548967 0.18615825 0.14190403 0.17086692 0.19426569],True,Beta
356616,220,223,labels,4,1-p,1vl2,C,['L' 'L' 'E' 'I'],0.943025,-0.082475,-0.0140415001660585,0.17446807,0.0070844316,0.003602124778717,[0.9773 0.7024 1.1202 0.9722],[-0.0853 -0.0779 -0.0911 -0.0756],[-0.012559 -0.010206 -0.018685 -0.014716],[0.41038371 0.45605611 0.45522541 0.47374521],[0.45446811 0.45794329 0.46482272 0.47014187],[0.47659778 0.4769722  0.47577387 0.47494221],0.4488526086012522,0.4618439972400666,0.4760715141892433,0.0270308496306226,0.0070082487172844,0.0009040863416703,['-105.2' '-116.8' '-108.8' '-118.0'],['126.7' '146.2' '125.4' '121.8'],['E' 'E' 'E' 'E'],['E' 'E' 'E' 'E'],-2.05,65.5,1.1030261405182866,70.11181545693042,-2.55,-2.0,[-0.4 -2.5 -2.6 -2.7],[ -2 128  12 124],-0.4,31.0,0.1414213562373095,66.0,-0.45,[-0.2 -0.5 -0.4 -0.5],[130  -2  -2  -2],-2.475,70.0,0.0957427107756339,64.70445631227162,-2.45,70.0,[-2.5 -2.6 -2.4 -2.4],[ 16 128  12 124],-0.5,5.75,0.1414213562373095,7.5,-0.55,2.0,[-0.6 -0.5 -0.6 -0.3],[17  2  2  2],E,1,[0.13263741 0.22661804 0.16190671 0.19476405 0.22209489],True,Beta
359807,67,70,labels,4,1-p,2aml,B,['R' 'I' 'T' 'I'],0.99649996,-0.0732,-0.0138752502389252,0.16593602,0.0055262996,0.0026744375668383,[1.1661 0.7684 1.0187 1.0328],[-0.0735 -0.0661 -0.0736 -0.0796],[-0.016496 -0.01133  -0.015851 -0.011824],[0.39513788 0.48102608 0.45931376 0.41893506],[0.55375888 0.48709223 0.48276598 0.4582979 ],[0.49029721 0.475735   0.47833054 0.47660777],0.4386031962931156,0.4954787467916807,0.4802426298459371,0.038750045039952,0.0408694566117975,0.0067892456583177,['-120.9' '-112.3' '-107.6' '-109.5'],['128.9' '126.6' '130.0' '124.7'],['E' 'E' 'E' 'E'],['E' 'E' 'E' 'E'],-1.45,-15.0,1.1561430130683084,15.01110699893027,-1.45,-15.0,[-2.4 -0.4 -2.5 -0.5],[-28  -2 -28  -2],-0.275,-15.0,0.0957427107756338,15.01110699893027,-0.25,[-0.3 -0.2 -0.4 -0.2],[ -2 -28  -2 -28],-1.75,-12.0,1.5022205785658331,16.165807537309522,-1.75,-12.0,[-3.1 -0.5 -3.  -0.4],[-26   2 -26   2],-0.325,-12.0,0.15,16.165807537309522,-0.3,-12.0,[-0.4 -0.2 -0.5 -0.2],[  2 -26   2 -26],E,1,[0.12569472 0.21137621 0.14978035 0.1790355  0.20509776],True,Beta
359867,12,15,labels,4,1-p,3t1t,C,['N' 'F' 'K' 'I'],0.923775,-0.082125,-0.0137857501395046,0.109967925,0.003765967,0.0020516738447379,[0.7643 0.9419 0.9782 1.0107],[-0.0863 -0.0842 -0.0782 -0.0798],[-0.015281 -0.014453 -0.014655 -0.010754],[0.41419518 0.43724312 0.47737749 0.45040408],[0.44758869 0.46191493 0.46652485 0.46978725],[0.47042946 0.47533945 0.47785445 0.47526612],0.4448049689332644,0.4614539295434952,0.474722370505333,0.0263720818529884,0.0097914211481653,0.0031045910382111,['-102.2' '-123.7' '-109.1' '-118.3'],['136.4' '135.3' '126.2' '126.5'],['E' 'E' 'E' 'E'],['E' 'E' 'E' 'E'],-1.65,26.5,1.46401275039985,32.90896534380867,-1.5,26.5,[-0.4 -2.6 -0.4 -3.2],[-2 55 -2 55],-0.4,31.75,0.1632993161855452,39.90300740545755,-0.4,[-0.2 -0.4 -0.4 -0.6],[55 -2 76 -2],-1.825,48.5,1.01447851956888,32.54228019054596,-2.05,57.0,[-0.4 -2.  -2.8 -2.1],[ 2 57 78 57],-0.7,35.0,0.5597618541248889,39.14928692411481,-0.55,29.5,[-0.2 -0.6 -1.5 -0.5],[57  2 79  2],E,1,[0.12820494 0.21648272 0.15789448 0.19131049 0.21851229],True,Beta
360879,1224,1227,labels,4,1-p,3rsj,C,['T' 'M' 'N' 'F'],0.929,-0.08455,-0.0147587498649954,0.15211251,0.0032787179,0.0049686882991448,[0.715  1.0139 0.93   1.0571],[-0.0802 -0.0866 -0.0839 -0.0875],[-0.009191 -0.013346 -0.021139 -0.015359],[0.42541781 0.4330896  0.4888119  0.4118334 ],[0.45808512 0.46049647 0.45531916 0.42751775],[0.47502945 0.47573557 0.47230889 0.47606   ],0.4397881776094438,0.4503546232978503,0.4747834776838621,0.033843628411793,0.0153708253990703,0.0017049001378275,['-131.9' '-128.6' '-107.7' '-71.8'],['146.2' '113.9' '110.2' '129.4'],['E' 'E' 'E' 'E'],['E' 'E' 'E' 'E'],-1.825,-2.75,0.9639329160614168,8.65544144839919,-2.2,18.5,[-2.5 -0.4 -2.1 -2.3],[ -7  -2 -11   9],-0.425,19.0,0.2217355782608344,24.26245384677046,-0.4,[-0.2 -0.3 -0.5 -0.7],[41 39 -2 -2],-2.35,0.75,0.5802298395176404,11.557825631723873,-2.3,0.5,[-1.7 -3.1 -2.4 -2.2],[ -7  13 -11   8],-0.75,3.75,0.5259911279353167,3.5,-0.6,2.0,[-0.5 -0.7 -0.3 -1.5],[2 2 2 9],E,1,[0.13071207 0.21980464 0.16071661 0.19238509 0.21737292],True,Beta
360997,142,145,labels,4,l3(10),8cbx,L,['N' 'V' 'K' 'W'],0.834475,-0.068749994,-0.0106234999839216,0.04207132,0.007500001,0.0028362772434205,[0.7958 0.869  0.8004 0.8727],[-0.0776 -0.0594 -0.0702 -0.0678],[-0.013338 -0.006713 -0.010606 -0.011837],[0.36689396 0.40153917 0.41406486 0.42481514],[0.54453901 0.49134754 0.4982979  0.49631209],[0.49146778 0.48296834 0.48380223 0.48286112],0.4018282815814019,0.5076241369048755,0.4852748687068622,0.0251569748488193,0.0247829027742229,0.0041499844971382,['-118.4' '-123.4' '-121.8' '-113.5'],['135.0' '131.5' '138.3' '130.4'],['E' 'E' 'E' 'E'],['E' 'E' 'E' 'E'],-1.4,26.25,1.0708252269472671,27.7173231030704,-1.3,-2.0,[-2.  -0.4 -2.6 -0.6],[52 -2 48  7],-0.325,11.0,0.0957427107756338,26.0,-0.35,[-0.3 -0.2 -0.4 -0.4],[-2 50 -2 -2],-2.125,27.25,1.17011395456454,26.399179280172078,-2.6,27.5,[-2.8 -0.4 -2.4 -2.9],[52  2 48  7],-0.35,14.0,0.1,24.0,-0.4,2.0,[-0.4 -0.2 -0.4 -0.4],[ 2 50  2  2],E,1,[0.12376948 0.19942149 0.15952367 0.19122114 0.21134206],True,Beta
362301,97,100,labels,4,1-p,7w8y,A,['L' 'R' 'V' 'L'],0.8178,-0.08032499,-0.0111517498735338,0.19206132,0.008583076,0.0057318385537646,[0.7548 0.7162 0.6966 1.1036],[-0.0891 -0.0707 -0.0858 -0.0757],[-0.015335 -0.003319 -0.015531 -0.010422],[0.36896257 0.35306518 0.40987877 0.38541375],[0.4124823  0.46411351 0.47361706 0.47950358],[0.46482445 0.48100833 0.48373778 0.48102888],0.3793300663431486,0.4574291134874026,0.4776498600840569,0.0242731927336902,0.0306280307048917,0.0086458286010224,['-102.5' '-130.4' '-133.6' '-103.7'],['132.9' '157.4' '135.8' '132.9'],['E' 'E' 'E' 'E'],['E' 'E' 'E' 'E'],-2.125,23.0,1.1870832602082582,42.78629063925344,-2.5,-2.0,[-0.4 -2.6 -2.4 -3.1],[ 62 -12  58 -16],-0.375,-2.0,0.05,0.0,-0.4,[-0.4 -0.4 -0.3 -0.4],[-2 -2 -2 -2],-2.35,23.0,0.4434711565216689,42.78629063925344,-2.4000000000000004,23.0,[-2.6 -2.2 -2.8 -1.8],[ 62 -12  58 -16],-0.35,2.0,0.0577350269189625,0.0,-0.35,2.0,[-0.3 -0.4 -0.4 -0.3],[2 2 2 2],E,1,[0.11648623 0.18323569 0.151708   0.18330089 0.20218441],True,Beta
363220,19,24,labels,6,1-p,6mtt,H,['K' 'V' 'S' 'C' 'K' 'A'],0.89741665,-0.09091667,-0.0173543334628144,0.16667052,0.008834798,0.0077009592670875,[0.9651 0.9019 0.6957 0.9212 0.7412 1.1594],[-0.094  -0.0955 -0.0834 -0.0789 -0.0902 -0.1035],[-0.017046 -0.017138 -0.010064 -0.007861 -0.02472  -0.027297],[0.40939012 0.41742026 0.4102697  0.38409439 0.45962324 0.37495665],[0.42794329 0.4447518  0.45546102 0.45921987 0.44496456 0.50326245],[0.47332611 0.47541776 0.48052056 0.47630834 0.46673446 0.47101723],0.4092923924326897,0.455933830804295,0.4738874087731044,0.0297122982463799,0.0256119231870941,0.0047311560242421,['-117.4' '-96.7' '-120.3' '-142.8' '-112.3' '-77.0'],['116.0' '145.4' '147.5' '119.3' '127.0' '123.4'],['E' 'E' 'E' 'E' 'E' 'E'],['E' 'E' 'E' 'E' 'E' 'E'],-1.8333333333333333,23.33333333333333,1.2290918056299402,34.191616906292495,-2.35,-2.0,[-0.3 -2.5 -0.3 -2.3 -3.2 -2.4],[ -2  58  -2  54 -18  50],-0.35,18.0,0.1378404875209022,31.00967590930289,-0.35,[-0.2 -0.5 -0.2 -0.3 -0.4 -0.5],[60 -2 56 -2 -2 -2],-1.8333333333333333,14.0,1.2372011423639513,33.56188314144485,-2.1,2.0,[-0.3 -2.  -2.2 -3.3 -2.8 -0.4],[  2  58 -14  54 -18   2],-0.3666666666666666,11.833333333333334,0.1211060141638996,23.600141242515196,-0.35,2.0,[-0.2 -0.3 -0.4 -0.5 -0.5 -0.3],[60  2  2  2  2  3],E,1,[0.12090757 0.19733798 0.15096507 0.18232214 0.2061404 ],True,Beta
364332,39,42,labels,4,1-p,4gpv,B,['T' 'I' 'K' 'L'],1.01055,-0.0736,-0.0141332496423274,0.11148323,0.009213397,0.0043587678058665,[1.1775 0.9635 0.953  0.9482],[-0.0864 -0.0691 -0.0737 -0.0652],[-0.01893  -0.012247 -0.016297 -0.009059],[0.48371366 0.50396001 0.46661094 0.38194434],[0.47432627 0.4757447  0.49078016 0.45411348],[0.47536667 0.47362555 0.47910943 0.48526442],0.4590572379529476,0.4737411563595136,0.4783415173490842,0.0536272788595385,0.0150546772274384,0.0051512561474692,['-106.4' '-104.3' '-111.6' '-101.5'],['116.7' '126.0' '127.5' '130.5'],['E' 'E' 'E' 'E'],['E' 'E' 'E' 'E'],-2.9,82.0,0.1414213562373094,43.9089968002003,-2.95,-2.0,[-2.7 -3.  -3.  -2.9],[120  46 120  42],-0.5,-2.0,0.0816496580927725,0.0,-0.5,[-0.4 -0.6 -0.5 -0.5],[-2 -2 -2 -2],-2.2,73.0,1.34412301024373,59.36328831862332,-2.6500000000000004,84.0,[-3.2 -2.2 -3.1 -0.3],[122  46 122   2],-0.425,32.0,0.15,60.0,-0.5,2.0,[-0.5 -0.5 -0.5 -0.2],[  2   2   2 122],E,1,[0.13312153 0.20906098 0.15718172 0.17985276 0.19176754],True,Beta
364339,105,108,labels,4,1-p,4gpv,B,['A' 'Y' 'V' 'V'],0.89905,-0.042850003,-0.0077045001089572,0.11678837,0.0032908963,0.0019094696004598,[0.9254 0.8814 0.7535 1.0359],[-0.0409 -0.0466 -0.0394 -0.0445],[-0.009443 -0.008558 -0.005025 -0.007792],[0.34899311 0.41702934 0.43502791 0.3435854 ],[0.60872344 0.5482979  0.54574472 0.57304966],[0.48887501 0.48720779 0.48812501 0.48660778],0.3861589382092159,0.5689539313316345,0.4877038970589639,0.0466724876069757,0.0292331328233985,0.0009994059558847,['-118.4' '-118.2' '-126.4' '-126.5'],['129.7' '139.0' '132.6' '123.7'],['E' 'E' 'E' 'E'],['E' 'E' 'E' 'E'],-2.575,6.5,0.4991659710623979,49.12908167945607,-2.7,-2.0,[-3.  -2.5 -2.9 -1.9],[ 51 -34  47 -38],-0.375,-2.0,0.05,0.0,-0.4,[-0.3 -0.4 -0.4 -0.4],[-2 -2 -2 -2],-2.5,6.5,0.3559026084010437,49.12908167945607,-2.6,6.5,[-2.7 -2.8 -2.  -2.5],[ 51 -34  47 -38],-0.375,2.0,0.05,0.0,-0.4,2.0,[-0.4 -0.4 -0.4 -0.3],[2 2 2 2],E,1,[0.10504475 0.16123961 0.13103616 0.15720838 0.17661408],True,Beta
364883,116,119,labels,4,1-p,2z84,A,['G' 'R' 'L' 'C'],0.85365003,-0.093375005,-0.0153430001810193,0.08759792,0.006183514,0.0044178744665859,[0.9112 0.9458 0.7812 0.7764],[-0.0976 -0.0991 -0.0911 -0.0857],[-0.018083 -0.019244 -0.014647 -0.009398],[0.41766458 0.42971792 0.4077613  0.39010478],[0.39978728 0.43418443 0.44262414 0.45049648],[0.44855111 0.47112554 0.47595054 0.47669277],0.4113121430079142,0.431773083905379,0.4680799891551336,0.0167480021112815,0.0223399316880479,0.0132511390918675,['-112.5' '-97.0' '-82.4' '-146.3'],['103.1' '121.7' '148.3' '132.7'],['E' 'E' 'E' 'E'],['E' 'E' 'E' 'E'],-1.375,43.75,1.1470977871713175,58.16284610184294,-1.3,46.0,[-0.3 -2.6 -0.5 -2.1],[-11  96  -2  92],-0.3,47.0,0.1999999999999999,56.60388679233962,-0.2,[-0.2 -0.6 -0.2 -0.2],[98 -2 94 -2],-1.6,48.0,1.390443574307614,53.14132102234569,-1.6,47.0,[-0.5 -2.9 -0.3 -2.7],[ 2 96  2 92],-0.275,49.0,0.15,54.29548784199291,-0.2,48.0,[-0.2 -0.2 -0.2 -0.5],[98  2 94  2],E,1,[0.12985625 0.21653618 0.16597923 0.20114481 0.22569512],True,Beta
364890,210,213,labels,4,1-p,2z84,A,['N' 'L' 'C' 'F'],0.905375,-0.091625005,-0.0166765004396438,0.16154234,0.009636866,0.0059497315224427,[0.9162 0.6965 1.0908 0.918 ],[-0.103  -0.08   -0.0944 -0.0891],[-0.014267 -0.009735 -0.019292 -0.023412],[0.3594502  0.4403542  0.44064738 0.45426439],[0.44794329 0.44156031 0.45141847 0.46411351],[0.48097612 0.47594779 0.47086724 0.46926278],0.4236790438493093,0.4512588952978453,0.4742634817957878,0.0433081712960092,0.0094924971633959,0.0053052795088527,['-115.1' '-123.1' '-132.6' '-82.3'],['142.5' '152.0' '106.7' '135.9'],['E' 'E' 'E' 'E'],['E' 'E' 'E' 'E'],-1.95,-64.0,1.1818065267490558,43.42042530115675,-2.3,-2.0,[-0.3 -2.7 -1.9 -2.9],[ -2 -92 -66 -96],-0.325,-24.0,0.0957427107756338,44.0,-0.35,[-0.2 -0.4 -0.3 -0.4],[-90  -2  -2  -2],-2.275,-79.0,0.2362907813126304,17.473789896108208,-2.2,-79.0,[-2.1 -2.1 -2.3 -2.6],[-62 -92 -66 -96],-0.35,2.0,0.0577350269189625,0.0,-0.35,2.0,[-0.3 -0.4 -0.3 -0.4],[2 2 2 2],E,1,[0.11682908 0.18711748 0.14528616 0.17443851 0.19624132],True,Beta
365097,99,102,labels,4,1-p,2oaf,B,['R' 'V' 'D' 'G'],1.0374,-0.067525,-0.0147955000866204,0.15279728,0.009811005,0.0071125076712703,[0.9633 0.8767 1.0801 1.2295],[-0.0774 -0.0551 -0.0729 -0.0647],[-0.012239 -0.00593  -0.021343 -0.01967 ],[0.43305703 0.47563466 0.51899412 0.50404146],[0.481844   0.49262414 0.50163123 0.51297874],[0.48150443 0.47804888 0.47392054 0.47546887],0.482931820054849,0.4972695286075274,0.4772356823086738,0.0378014544130905,0.0132329189981368,0.0033163863738476,['-97.0' '-135.1' '-109.0' '-98.5'],['141.8' '126.4' '126.7' '118.0'],['E' 'E' 'E' 'E'],['E' 'E' 'E' 'E'],-2.45,-2.0,0.3872983346207417,14.047538337136986,-2.35,-2.0,[-3.  -2.1 -2.3 -2.4],[-12  12 -16   8],-0.425,-2.0,0.0499999999999999,0.0,-0.4,[-0.4 -0.4 -0.4 -0.5],[-2 -2 -2 -2],-2.55,-2.25,0.1914854215512678,13.81725973797506,-2.6,-2.5,[-2.3 -2.7 -2.7 -2.5],[-12  12 -16   7],-0.8,3.5,0.6055300708194983,3.0,-0.55,2.0,[-0.4 -0.5 -0.6 -1.7],[2 2 2 8],E,1,[0.10333643 0.16190248 0.12103061 0.14402904 0.16559834],True,Beta
365591,177,180,labels,4,1-p,6ics,O,['T' 'L' 'V' 'V'],0.89832497,-0.056625,-0.0088410000316798,0.19343735,0.007470998,0.0025043549912959,[0.89   1.0731 0.631  0.9992],[-0.053  -0.0676 -0.0548 -0.0511],[-0.010516 -0.010876 -0.005407 -0.008565],[0.46099146 0.42253478 0.4403216  0.39334614],[0.48978727 0.51390075 0.51524827 0.53673764],[0.47481334 0.48511166 0.48619554 0.49103889],0.429298497736454,0.5139184817671777,0.4842898597319921,0.0286604993414872,0.0191902580641285,0.0068230192323797,['-126.9' '-109.4' '-129.2' '-125.1'],['116.0' '135.6' '133.2' '129.0'],['E' 'E' 'E' 'E'],['E' 'E' 'E' 'E'],-2.6250000000000004,0.0,0.2217355782608345,10.64581294844754,-2.6,-2.0,[-2.5 -2.9 -2.7 -2.4],[ -7  11 -11   7],-0.425,-2.0,0.0499999999999999,0.0,-0.4,[-0.4 -0.5 -0.4 -0.4],[-2 -2 -2 -2],-2.175,0.0,1.20381338531629,10.64581294844754,-2.55,0.0,[-2.1 -3.  -0.5 -3.1],[ -7  11 -11   7],-0.4,2.0,0.0,0.0,-0.4,2.0,[-0.4 -0.4 -0.4 -0.4],[2 2 2 2],E,1,[0.12933113 0.21544277 0.16139272 0.19396589 0.21794175],True,Beta
365695,248,252,labels,5,1-p,4n2m,A,['L' 'L' 'F' 'F' 'V'],0.87542,-0.08821999,-0.0155508000403642,0.11888695,0.008930397,0.0066898106336873,[1.0162 0.9213 0.7492 0.937  0.7534],[-0.0945 -0.0821 -0.0801 -0.1007 -0.0837],[-0.024222 -0.015685 -0.009859 -0.019763 -0.008225],[0.44348152 0.43761773 0.42471741 0.39736936 0.3782632 ],[0.45709221 0.45624115 0.45184401 0.45070926 0.43290785],[0.47113612 0.47235224 0.47482946 0.4789739  0.47554444],0.4162898441155752,0.4497588952382406,0.4745672305425009,0.0277006341634166,0.0098107811695546,0.0030463542868393,['-110.0' '-96.5' '-117.0' '-114.1' '-124.4'],['124.9' '125.5' '148.2' '137.6' '130.1'],['E' 'E' 'E' 'E' 'E'],['E' 'E' 'E' 'E' 'E'],-2.14,-47.2,0.9838699100999074,28.55170747958868,-2.2,-2.0,[-2.2 -0.5 -3.  -2.2 -2.8],[-62  -2 -66 -36 -70],-0.36,-14.4,0.1140175425099137,27.7272429209974,-0.4,[-0.4 -0.2 -0.5 -0.3 -0.4],[ -2 -64  -2  -2  -2],-2.04,-53.2,0.8734987120768982,17.81010948871455,-2.4,-62.0,[-2.4 -0.5 -2.2 -2.6 -2.5],[-62 -32 -66 -36 -70],-0.38,2.0,0.0836660026534075,0.0,-0.4,2.0,[-0.5 -0.3 -0.4 -0.4 -0.3],[2 2 2 2 2],E,1,[0.12650572 0.20860517 0.15971917 0.19210152 0.21561664],True,Beta
366850,90,94,labels,5,1-p,5f7f,A,['C' 'C' 'R' 'I' 'E'],0.96862,-0.09728,-0.0211520001292228,0.13642003,0.009386799,0.0068495393592838,[0.7679 1.0658 0.9174 0.9749 1.1171],[-0.0948 -0.0944 -0.0848 -0.1028 -0.1096],[-0.016912 -0.017734 -0.014253 -0.029923 -0.026938],[0.43564686 0.44810741 0.4818242  0.4901801  0.43875794],[0.44390074 0.44397165 0.4382979  0.42751775 0.40453903],[0.47383778 0.47283389 0.46560557 0.46049223 0.45685501],0.4589033007621765,0.4316454152266186,0.4659248967965445,0.0253320663727815,0.016569388600852,0.0074536341010254,['-125.1' '-100.1' '-107.0' '-96.9' '-74.0'],['128.4' '116.1' '118.7' '117.1' '125.0'],['E' 'E' 'E' 'E' 'E'],['E' 'E' 'E' 'E' 'E'],-3.02,-31.6,0.2588435821108956,39.0166631069342,-3.1,-2.0,[-2.6 -3.3 -3.1 -3.  -3.1],[-56  13 -60   9 -64],-0.54,-2.0,0.0894427190999915,0.0,-0.6,[-0.4 -0.5 -0.6 -0.6 -0.6],[-2 -2 -2 -2 -2],-1.9,-31.6,0.7211102550927979,39.0166631069342,-1.8,-56.0,[-2.6 -2.5 -1.8 -1.8 -0.8],[-56  13 -60   9 -64],-0.4399999999999999,3.0,0.260768096208106,2.23606797749979,-0.6,2.0,[-0.6 -0.6 -0.6 -0.4 -0. ],[2 2 2 2 7],E,1,[0.09583425 0.14414256 0.11569547 0.13811771 0.15715829],True,Beta
367158,1,4,labels,4,l3(10),3js5,A,['M' 'K' 'L' 'L'],0.85082495,-0.060025,-0.0121112500783056,0.018223118,0.008570249,0.0022839295171183,[0.8322 0.8389 0.8706 0.8616],[-0.0475 -0.0615 -0.0652 -0.0659],[-0.013635 -0.013635 -0.008804 -0.012371],[       nan 0.41399973 0.41878848 0.45437842],[       nan 0.51475179 0.50170215 0.50007095],[       nan 0.47995888 0.4806611  0.48051388],0.4290555417537689,0.5055082970195347,0.4803779555691614,0.0220605762008371,0.0080465428954876,0.0003703184051354,['-80.6' '-117.9' '-116.9' '-116.5'],['127.1' '123.8' '127.2' '128.6'],['E' 'E' 'E' 'E'],['E' 'E' 'E' 'E'],-2.15,35.0,1.2124355652982142,32.84306116467627,-2.5,15.0,[-2.5 -0.4 -3.2 -2.5],[32 -2 32 78],-0.325,26.75,0.206155281280883,38.34383914007569,-0.35,[-0.1 -0.2 -0.5 -0.5],[79 32 -2 -2],-2.475,56.75,0.4272001872658765,26.272609310839304,-2.3,56.5,[-2.4 -2.2 -2.2 -3.1],[34 79 34 80],-0.775,21.5,0.55,39.0,-0.5,2.0,[-0.5 -1.6 -0.5 -0.5],[ 2 80  2  2],E,1,[0.12513898 0.20326667 0.15991531 0.19166604 0.21274033],True,Beta
371603,95,100,labels,6,1-p,8r28,A,['T' 'A' 'V' 'I' 'T' 'E'],0.95448333,-0.0835,-0.0133181664471824,0.18681666,0.008703792,0.0041205502995582,[0.9099 0.6702 1.0476 0.9003 0.9615 1.2374],[-0.0814 -0.0743 -0.091  -0.0791 -0.0781 -0.0971],[-0.008695 -0.009056 -0.015927 -0.013421 -0.013284 -0.019526],[0.34597978 0.42800766 0.42644399 0.4738918  0.50480701 0.48443034],[0.47354613 0.46333337 0.46496458 0.46226954 0.4579433  0.42553195],[0.48660778 0.48129    0.47866445 0.47631556 0.47431611 0.45690556],0.4439267648590936,0.4579314788182576,0.4756832437382804,0.0572669609371137,0.0166793905474992,0.0101443478007989,['-129.1' '-117.0' '-114.7' '-111.6' '-107.5' '-111.1'],['126.2' '150.0' '124.7' '131.2' '124.4' '94.0'],['E' 'E' 'E' 'E' 'E' 'E'],['E' 'E' 'E' 'E' 'E' 'E'],-2.5500000000000003,-12.166666666666666,0.2880972058177586,27.469376888940648,-2.45,-2.0,[-2.9 -2.4 -2.2 -2.4 -2.5 -2.9],[ 17 -33  13 -37   8 -41],-0.4166666666666667,-2.0,0.0752772652709081,0.0,-0.4,[-0.3 -0.4 -0.4 -0.5 -0.4 -0.5],[-2 -2 -2 -2 -2 -2],-2.4166666666666665,-12.333333333333334,0.3250640962435971,27.28858125052797,-2.4000000000000004,-12.5,[-2.2 -2.8 -2.7 -2.6 -2.2 -2. ],[ 17 -33  12 -37   8 -41],-0.5166666666666667,-2.333333333333333,0.4622409184253019,18.46799032560572,-0.45,2.0,[-0.4 -0.5 -1.4 -0.5 -0.2 -0.1],[  2   2  13   2 -39   6],E,1,[0.12946482 0.21873273 0.1572291  0.1888135  0.21494426],True,Beta
372874,37,40,labels,4,1-p,4x00,D,['I' 'I' 'F' 'I'],0.955475,-0.0868,-0.0158315000589936,0.03588596,0.0047616526,0.0031156581799181,[1.0013 0.9512 0.9137 0.9557],[-0.0912 -0.0872 -0.0801 -0.0887],[-0.012477 -0.019809 -0.014557 -0.016483],[0.41061175 0.46685524 0.45942777 0.39173361],[0.42865251 0.45496457 0.45673762 0.42659578],[0.47024887 0.4739761  0.47175054 0.46965221],0.4321570917963982,0.4417376170555751,0.4714069267114004,0.036723795225056,0.0163345005263446,0.0019269010003129,['-121.2' '-111.8' '-98.9' '-122.9'],['129.5' '122.4' '131.2' '116.2'],['E' 'E' 'E' 'E'],['E' 'E' 'E' 'E'],-2.875,47.5,0.2217355782608346,24.826061575153908,-2.8,-2.0,[-2.8 -2.7 -2.8 -3.2],[26 69 26 69],-0.375,15.75,0.1258305739211791,35.5,-0.4,[-0.2 -0.4 -0.5 -0.4],[69 -2 -2 -2],-2.275,49.5,1.120639698267616,24.826061575153908,-2.8,49.5,[-2.9 -2.7 -0.6 -2.9],[28 71 28 71],-0.3999999999999999,20.0,0.1414213562373095,36.0,-0.45,2.0,[-0.5 -0.4 -0.5 -0.2],[ 2  2  2 74],E,1,[0.1211713  0.19814611 0.14720195 0.17558125 0.19883768],True,Beta
373730,22,25,labels,4,1-p,3eeu,A,['I' 'P' 'V' 'V'],0.8424,-0.07745,-0.0122907499317079,0.1503084,0.0077672387,0.0069749927198263,[0.9039 1.0175 0.6724 0.7758],[-0.085  -0.074  -0.0682 -0.0826],[-0.020519 -0.015423 -0.005213 -0.008008],[0.41543311 0.42248594 0.40162062 0.34571917],[0.44936172 0.47716315 0.47886529 0.45553195],[0.47267945 0.47713612 0.48408666 0.48779833],0.3963147078951201,0.4652305270234744,0.4804251392682394,0.0348257940139747,0.0149908341529525,0.0067966703125655,['-119.9' '-78.9' '-137.8' '-120.0'],['108.0' '137.8' '144.3' '146.8'],['E' 'E' 'E' 'E'],['E' 'E' 'E' 'E'],-2.075,44.5,1.384136313132971,36.19852667351716,-2.75,-2.0,[-2.7  0.  -2.8 -2.8],[74  0 74 30],-0.25,-1.5,0.1732050807568877,1.0,-0.3,[-0.4  0.  -0.3 -0.3],[-2  0 -2 -2],-2.1,54.0,0.3741657386773941,25.45584412271571,-2.1500000000000004,55.0,[-2.1 -2.2 -2.5 -1.6],[76 34 76 30],-0.325,2.0,0.05,0.0,-0.3,2.0,[-0.3 -0.3 -0.4 -0.3],[2 2 2 2],E,1,[0.13832253 0.23402194 0.17761704 0.21325709 0.23678139],True,Beta
373852,105,108,labels,4,1-p,8aej,A,['I' 'F' 'H' 'L'],0.849325,-0.073425,-0.0105032501742243,0.17817517,0.0045206007,0.0033949992973247,[0.9306 0.753  1.0559 0.6578],[-0.0787 -0.0677 -0.0742 -0.0731],[-0.014657 -0.010513 -0.010502 -0.006341],[0.37000502 0.44621796 0.40178349 0.42564585],[0.47099291 0.48184398 0.48581561 0.46539008],[0.47783889 0.48018222 0.48480221 0.47897443],0.4109130799770356,0.4760106454292934,0.4804494380950928,0.0327633333205073,0.0094540876293503,0.0030555186330419,['-116.4' '-112.1' '-108.8' '-132.1'],['126.5' '139.1' '137.3' '144.3'],['E' 'E' 'E' 'E'],['E' 'E' 'E' 'E'],-2.5,1.25,0.1825741858350555,13.81725973797506,-2.5,-2.0,[-2.4 -2.3 -2.6 -2.7],[ -8  15 -13  11],-0.4,-2.0,0.0816496580927726,0.0,-0.4,[-0.3 -0.5 -0.4 -0.4],[-2 -2 -2 -2],-2.525,1.0,0.275378527364305,14.047538337136986,-2.55,1.0,[-2.7 -2.4 -2.2 -2.8],[ -9  15 -13  11],-0.4750000000000001,-0.5,0.2217355782608345,5.0,-0.4,2.0,[-0.8 -0.4 -0.3 -0.4],[-8  2  2  2],E,1,[0.13865881 0.23485732 0.17736469 0.21278937 0.23632981],True,Beta
374591,125,128,labels,4,1-p,3msw,A,['Y' 'I' 'Y' 'I'],0.8972,-0.047500003,-0.0064877499826252,0.10374112,0.004504072,0.0014274215169855,[0.7496 0.9004 0.9637 0.9751],[-0.0445 -0.0474 -0.0442 -0.0539],[-0.006472 -0.00723  -0.007752 -0.004497],[0.39673412 0.42572729 0.4624574  0.4081522 ],[0.54553197 0.54177308 0.5351064  0.48092199],[0.48891056 0.48808111 0.48917833 0.48669723],0.4232677519321442,0.5258333608508111,0.4882168049613635,0.0287192807068914,0.0302496830729075,0.0011155494623,['-126.6' '-123.9' '-122.1' '-109.9'],['138.4' '129.5' '120.6' '125.1'],['E' 'E' 'E' 'E'],['E' 'E' 'E' 'E'],-2.65,-4.5,0.1732050807568877,18.04623691151889,-2.7,-2.0,[-2.7 -2.4 -2.7 -2.8],[-18  13 -22   9],-0.425,-2.0,0.0499999999999999,0.0,-0.4,[-0.4 -0.4 -0.4 -0.5],[-2 -2 -2 -2],-2.725,-4.75,0.5737304826019501,17.802153427792568,-2.65,-5.0,[-3.  -2.3 -2.2 -3.4],[-18  13 -22   8],-0.75,3.75,0.5686240703077328,3.5,-0.5,2.0,[-0.4 -0.5 -0.5 -1.6],[2 2 2 9],E,1,[0.11436442 0.18257609 0.14279968 0.17197506 0.19451   ],True,Beta
374673,278,281,labels,4,1-p,6umq,A,['V' 'H' 'F' 'Y'],0.88539994,-0.065400004,-0.010266499913996,0.08092803,0.009857991,0.0061070289503168,[0.9375 0.8983 0.7673 0.9385],[-0.0716 -0.0716 -0.0675 -0.0509],[-0.014036 -0.014239 -0.011491 -0.0013  ],[0.35751189 0.42400073 0.42416361 0.34912341],[0.54737592 0.4888653  0.50354614 0.47000003],[0.4798861  0.47790778 0.48498333 0.49066611],0.3886999102930228,0.5024468451738359,0.4833608294526736,0.0409992430387519,0.0329498829643532,0.0057099074737291,['-121.7' '-113.8' '-111.1' '-121.6'],['131.0' '129.8' '139.0' '120.4'],['E' 'E' 'E' 'E'],['E' 'E' 'E' 'E'],-2.75,9.0,0.3785938897200182,46.18802153517007,-2.6,-2.0,[-2.7 -2.5 -3.3 -2.5],[ 49 -31  49 -31],-0.4,-2.0,0.0816496580927726,0.0,-0.4,[-0.3 -0.4 -0.5 -0.4],[-2 -2 -2 -2],-2.7,11.0,0.4242640687119284,46.18802153517007,-2.75,11.0,[-2.2 -3.1 -3.  -2.5],[ 51 -29  51 -29],-0.3999999999999999,14.25,0.1414213562373095,24.5,-0.45,2.0,[-0.5 -0.4 -0.5 -0.2],[ 2  2  2 51],E,1,[0.13925211 0.23916831 0.17490677 0.21019268 0.23648014],True,Beta
376016,178,181,labels,4,1-p,1ynl,H,['S' 'S' 'V' 'T'],0.77269995,-0.077175,-0.0092034998815506,0.11692832,0.009214255,0.0031496018342313,[0.7404 0.7021 0.7023 0.946 ],[-0.0739 -0.067  -0.0789 -0.0889],[-0.008481 -0.005376 -0.012934 -0.010023],[0.33330748 0.34935146 0.3828402  0.34560514],[0.48049648 0.48241137 0.47177307 0.4280142 ],[0.48752721 0.4851161  0.48425944 0.48024   ],0.3527760704358419,0.4656737794478735,0.4842856874068579,0.0211819707092213,0.0255297522853089,0.0030312466177707,['-147.0' '-119.1' '-139.1' '-117.9'],['134.2' '155.7' '149.1' '127.7'],['E' 'E' 'E' 'E'],['E' 'E' 'E' 'E'],-1.875,-29.5,0.7719024117939607,13.47837774610382,-2.05,-2.0,[-1.9 -2.2 -2.6 -0.8],[-39 -16 -43 -20],-0.325,-2.0,0.05,0.0,-0.3,[-0.3 -0.4 -0.3 -0.3],[-2 -2 -2 -2],-1.975,-35.75,1.241974234837422,13.400870618483465,-2.3,-41.0,[-2.3 -2.3 -3.1 -0.2],[-39 -16 -43 -45],-0.325,-3.5,0.1258305739211791,11.0,-0.3,2.0,[-0.3 -0.3 -0.5 -0.2],[  2   2   2 -20],E,1,[0.0882227  0.12323107 0.11767876 0.14136757 0.15337954],True,Beta
376448,195,198,labels,4,1-p,4h3w,B,['L' 'S' 'L' 'S'],0.89445,-0.053999998,-0.0068357500131241,0.12379676,0.008814002,0.00305717199159,[0.9134 0.8987 1.0334 0.7323],[-0.0489 -0.0499 -0.05   -0.0672],[-0.007802 -0.008696 -0.008557 -0.002288],[0.43805753 0.46348357 0.43398546 0.35316292],[0.51368796 0.53276596 0.51978724 0.44361704],[0.48146166 0.48608056 0.48914389 0.4805361 ],0.4221723712980747,0.502464550236861,0.4843055531382561,0.0478219167980833,0.0400301810896705,0.0040355331122995,['-109.0' '-132.3' '-100.5' '-119.1'],['131.9' '116.8' '121.6' '151.6'],['E' 'E' 'E' 'E'],['E' 'E' 'E' 'E'],-2.775,-79.5,0.1892969448600091,22.63478149515328,-2.85,-2.0,[-2.9 -2.5 -2.8 -2.9],[ -97  -58 -101  -62],-0.5,-2.0,0.0816496580927725,0.0,-0.5,[-0.5 -0.5 -0.4 -0.6],[-2 -2 -2 -2],-2.7,-79.75,0.2449489742783178,22.954665466232928,-2.75,-79.5,[-2.4 -2.9 -2.9 -2.6],[ -97  -58 -102  -62],-0.725,-23.75,0.5965176722724427,51.5,-0.5,2.0,[-0.4 -0.6 -1.6 -0.3],[   2    2 -101    2],E,1,[0.12821434 0.21272194 0.16025558 0.19164241 0.21545887],True,Beta
377256,233,236,labels,4,1-p,5upt,A,['N' 'V' 'I' 'V'],0.91620004,-0.09042499,-0.0185852497816085,0.13081025,0.005498712,0.0075003259548367,[1.0281 0.9821 0.7307 0.9239],[-0.0949 -0.0954 -0.0849 -0.0865],[-0.016947 -0.01897  -0.010125 -0.028299],[0.43178653 0.44644601 0.42947361 0.42282798],[0.40822697 0.4431206  0.44907805 0.4698582 ],[0.46130722 0.47442109 0.46811443 0.4394461 ],0.4326335315903028,0.4425709545612336,0.4608222097158432,0.0099605219424211,0.0256043463882517,0.0152236580801546,['-100.2' '-104.3' '-100.9' '-124.6'],['118.3' '126.9' '137.3' '140.9'],['E' 'E' 'E' ''],['E' 'E' 'E' ''],-2.375,-119.0,0.8845903006477065,106.23244953089116,-2.65,-2.0,[-2.5 -2.8 -3.1 -1.1],[-211  -27 -211  -27],-0.5,-2.0,0.0816496580927725,0.0,-0.5,[-0.5 -0.6 -0.5 -0.4],[-2 -2 -2 -2],-1.575,-154.0,1.5305227865013968,87.65842800324451,-1.3,-191.0,[-2.1 -3.5 -0.5 -0.2],[-209  -25 -209 -173],-0.35,2.25,0.1732050807568877,0.5,-0.4,2.0,[-0.5 -0.4 -0.4 -0.1],[2 2 2 3],E,1,[0.11678086 0.18868874 0.14443396 0.17393752 0.19743096],True,Beta
378315,259,262,labels,4,1-p,4c2j,C,['A' 'V' 'I' 'I'],0.869025,-0.06605,-0.009579750127159,0.14926037,0.0021809791,0.0050655440807622,[0.7457 0.9483 1.04   0.7421],[-0.0672 -0.0628 -0.0668 -0.0674],[-0.006849 -0.01284  -0.014735 -0.003895],[0.3683599  0.44532211 0.44473574 0.36580263],[0.48255321 0.49872343 0.49858159 0.43723407],[0.4838978  0.48087555 0.48251665 0.4828772 ],0.4060550940533479,0.479273075858752,0.4825417995452881,0.0450158434136562,0.0290354485724346,0.0012554196760187,['-145.9' '-123.5' '-101.4' '-117.4'],['128.1' '123.2' '125.7' '153.7'],['E' 'E' 'E' 'E'],['E' 'E' 'E' 'E'],-2.5,-194.0,0.3366501646120693,58.934992435168205,-2.35,-2.0,[-3.  -2.3 -2.3 -2.4],[-243 -141 -247 -145],-0.4,-2.0,0.1414213562373095,0.0,-0.35,[-0.3 -0.3 -0.4 -0.6],[-2 -2 -2 -2],-2.625,-194.25,0.1892969448600091,59.23610948287089,-2.55,-194.0,[-2.5 -2.9 -2.6 -2.5],[-243 -141 -248 -145],-0.6,-60.25,0.3559026084010437,124.5,-0.5,2.0,[-0.4 -0.6 -1.1 -0.3],[   2    2 -247    2],E,1,[0.13750351 0.23625695 0.17426362 0.2108121  0.23849152],True,Beta
378826,19,24,labels,6,1-p,6mvl,H,['R' 'L' 'S' 'C' 'A' 'A'],0.8502667,-0.07275,-0.0115053330082446,0.12394866,0.009811575,0.0041008074724983,[0.9373 0.9212 0.7366 1.0177 0.7239 0.7649],[-0.0893 -0.0768 -0.063  -0.0644 -0.0749 -0.0681],[-0.018349 -0.012472 -0.00745  -0.007904 -0.013284 -0.009573],[0.41028598 0.42269766 0.43579345 0.40365664 0.40826625 0.31376154],[0.45886527 0.47581562 0.4934752  0.49482272 0.49120569 0.55929081],[0.47693278 0.47873833 0.48454111 0.48409    0.48291055 0.49997221],0.3990769195887778,0.4955792178710303,0.4845308313767116,0.0433954333193405,0.0341227414034049,0.0081552371737296,['-122.4' '-88.7' '-132.0' '-143.5' '-114.7' '-93.5'],['113.3' '148.2' '152.0' '111.4' '134.6' '138.3'],['E' 'E' 'E' 'E' 'E' 'E'],['E' 'E' 'E' 'E' 'E' 'E'],-1.9833333333333332,22.83333333333333,0.8588752334691383,37.88095387746547,-2.35,-2.0,[-0.3 -2.5 -2.2 -1.9 -2.5 -2.5],[ -2  61 -14  57 -18  53],-0.3666666666666667,-3.5,0.0816496580927726,3.6742346141747673,-0.35,[-0.3 -0.5 -0.3 -0.3 -0.4 -0.4],[-11  -2  -2  -2  -2  -2],-1.75,15.0,1.211197754291181,35.06565271030899,-2.0,2.0,[-0.3 -2.  -2.  -2.7 -3.2 -0.3],[  2  61 -14  57 -18   2],-0.3,8.5,0.0894427190999916,28.112274899054327,-0.3,2.0,[-0.2 -0.3 -0.4 -0.4 -0.3 -0.2],[ 63   2   2   2   2 -20],E,1,[0.13871512 0.23529772 0.1773205  0.2123502  0.23631646],True,Beta
379097,203,208,labels,6,1-p,5wl2,B,['T' 'V' 'E' 'K' 'T' 'V'],0.78868335,-0.06491667,-0.0081550000080217,0.15002203,0.008836156,0.0022639594412125,[0.6517 1.0327 0.7499 0.9025 0.6577 0.7376],[-0.0634 -0.0644 -0.0511 -0.0675 -0.0644 -0.0787],[-0.010508 -0.010241 -0.006186 -0.009654 -0.007103 -0.005238],[0.3857558  0.39650607 0.43735712 0.37627602 0.37427256 0.30128469],[0.57992909 0.51141846 0.50851067 0.50851067 0.48893619 0.44602838],[0.50310834 0.4850361  0.48551056 0.48725389 0.48778057 0.47837834],0.3785753738549021,0.5072222434812123,0.4878446343872283,0.0443306069475919,0.0433273193482838,0.0082009807436975,['-125.2' '-116.6' '-123.5' '-113.5' '-131.3' '-132.3'],['137.6' '130.3' '131.4' '149.9' '142.2' '160.8'],['E' 'E' 'E' 'E' 'E' 'E'],['E' 'E' 'E' 'E' 'E' 'E'],-1.3833333333333335,-6.5,1.1391517311871435,5.540758070878027,-1.25,-3.5,[-0.3 -2.7 -0.5 -2.  -0.3 -2.5],[ -2  -7  -2 -11  -2 -15],-0.3,-5.5,0.1095445115010332,4.5934736311423405,-0.3,[-0.2 -0.4 -0.2 -0.4 -0.2 -0.4],[ -5  -2  -9  -2 -13  -2],-1.4333333333333331,-4.5,1.21764800606196,7.556454194925025,-1.3,-2.5,[-0.5 -3.1 -0.3 -2.1 -0.3 -2.3],[  2  -7   2 -11   2 -15],-0.25,-18.5,0.1224744871391589,34.56443258611372,-0.2,-7.0,[-0.2 -0.4 -0.2 -0.4 -0.2 -0.1],[ -5   2  -9   2 -13 -88],E,1,[0.09932312 0.14533394 0.13122466 0.15717837 0.17149975],True,Beta
379384,219,226,labels,8,1-p,5wzq,B,['R' 'V' 'V' 'R' 'Y' 'R' 'L' 'L'],0.90900004,-0.072850004,-0.0136203752481378,0.1477003,0.0087367855,0.0064444938861472,[1.0507 0.6897 0.9005 0.9448 0.9185 0.9972 1.0779 0.6927],[-0.0875 -0.0609 -0.0758 -0.0794 -0.0688 -0.0748 -0.073  -0.0626],"[-0.022554 -0.004728 -0.012249 -0.016284 -0.00967  -0.017323 -0.019895
 -0.00626 ]","[0.42048246 0.43015771 0.41290841 0.45017604 0.46592683 0.48760657
 0.45082759 0.35047537]","[0.43858158 0.4792908  0.48503549 0.47943265 0.48014187 0.48468088
 0.48907803 0.55248231]","[0.46009889 0.47803834 0.48152169 0.47877613 0.47595723 0.47395113
 0.47584557 0.4891139 ]",0.4335701204836368,0.4860904514789581,0.4766628593206406,0.0414987881105236,0.0311744959057888,0.0081755622890858,['-107.0' '-135.7' '-121.8' '-109.1' '-103.7' '-121.4' '-90.2' '-122.4'],['133.2' '131.9' '131.4' '122.3' '134.6' '121.8' '130.0' '147.7'],['E' 'E' 'E' 'E' 'E' 'E' 'E' 'E'],['E' 'E' 'E' 'E' 'E' 'E' 'E' 'E'],-2.0625,-62.0,1.1198692525724343,51.16918715678132,-2.45,-2.0,[-2.5 -0.4 -2.8 -2.8 -3.4 -1.8 -0.4 -2.4],[-116   -2 -120  -40 -124  -44   -2  -48],-0.3125,-25.875,0.1642080561796093,41.04505364317884,-0.4,[-0.  -0.2 -0.4 -0.4 -0.5 -0.4 -0.2 -0.4],[ -33 -118   -2   -2   -2   -2  -46   -2],-2.175,-65.75,0.8293715348727269,47.49060057376767,-2.35,-46.0,[-2.8 -2.  -2.9 -2.6 -2.1 -1.8 -0.4 -2.8],[-116  -36 -120  -40 -124  -44    2  -48],-0.425,-8.625,0.1752549163769328,19.89211976063457,-0.4,2.0,[-0.4 -0.8 -0.5 -0.4 -0.4 -0.4 -0.2 -0.3],[  2 -35   2   2   2   2 -46   2],E,1,[0.13957939 0.24118531 0.17326408 0.20831654 0.23550749],True,Beta
380554,20,23,labels,4,1-p,8jyr,H,['V' 'S' 'C' 'K'],0.95727503,-0.07455,-0.0143980004359036,0.1675753,0.0058654347,0.0045258562073815,[1.0857 0.7108 1.0122 1.0204],[-0.0817 -0.0728 -0.076  -0.0677],[-0.014476 -0.009166 -0.013751 -0.020199],[0.43761776 0.45748948 0.44685323 0.46115436],[0.46170214 0.47482271 0.48475178 0.52148939],[0.47719889 0.4792261  0.47604666 0.47650112],0.4507787078619003,0.4856915051738422,0.4772431924939156,0.0106662803706778,0.0256644514278287,0.0014043096504125,['-102.8' '-112.5' '-147.3' '-94.1'],['126.7' '157.4' '101.2' '123.2'],['E' 'E' 'E' 'E'],['E' 'E' 'E' 'E'],-2.0,24.5,1.151810169544733,40.402145157569706,-2.25,-2.0,[-3.  -0.5 -1.7 -2.8],[ 61  -2  57 -18],-0.35,13.25,0.1290994448735805,30.5,-0.35,[-0.5 -0.2 -0.3 -0.4],[-2 59 -2 -2],-2.475,21.5,0.5315072906367325,43.3628104870214,-2.6500000000000004,21.5,[-2.6 -1.7 -2.7 -2.9],[ 61 -14  57 -18],-0.3999999999999999,2.0,0.1414213562373095,0.0,-0.35,2.0,[-0.3 -0.4 -0.6 -0.3],[2 2 2 2],E,1,[0.12768532 0.21426339 0.15491158 0.1854832  0.21096803],True,Beta
381781,143,146,labels,4,1-p,2jdf,A,['Q' 'Y' 'L' 'L'],0.89105004,-0.102000006,-0.0204654999542981,0.18504079,0.0072277253,0.0075185636351683,[0.716  0.7669 0.9635 1.1178],[-0.0946 -0.1066 -0.1096 -0.0972],[-0.013654 -0.02086  -0.030831 -0.016517],[0.33830799 0.39847698 0.46392336 0.44945935],[0.4466667  0.41787237 0.41602839 0.41546101],[0.4638289  0.46369722 0.46210666 0.4547561 ],0.4125419209400813,0.4240071177482605,0.46109722306331,0.0568959555270615,0.0151414187565187,0.0042992587915871,['-106.3' '-140.0' '-69.0' '-113.2'],['145.8' '115.8' '130.8' '104.9'],['E' 'E' 'E' 'E'],['E' 'E' 'E' 'E'],-1.65,-29.25,1.482115605027714,40.20261185545039,-1.3,-5.5,[-0.6 -2.  -0.4 -3.6],[-89 -11  -2 -15],-0.2249999999999999,-6.5,0.0499999999999999,5.446711546122731,-0.2,[-0.2 -0.3 -0.2 -0.2],[ -9  -2 -13  -2],-1.65,-28.25,1.2871156384205211,41.14506855829343,-1.55,-13.0,[-0.5 -3.  -0.6 -2.5],[-89 -11   2 -15],-0.225,-1.5,0.1258305739211791,7.681145747868608,-0.2,2.0,[-0.4 -0.2 -0.2 -0.1],[  2   2 -13   3],E,1,[0.11238315 0.16018715 0.13520231 0.14679827 0.15449237],True,Beta
381792,88,91,labels,4,1-p,5uf8,B,['I' 'I' 'F' 'V'],1.0425249,-0.064349994,-0.0128795001655817,0.11824395,0.009196195,0.0026066724169032,[0.9403 1.1882 1.0891 0.9525],[-0.0669 -0.0541 -0.0607 -0.0757],[-0.015533 -0.013246 -0.013449 -0.00929 ],[0.39648979 0.52409234 0.52607951 0.43147707],[0.57099294 0.50943264 0.50319151 0.47595747],[0.47675778 0.47654    0.48000832 0.47629833],0.4695346752802531,0.5148936410744985,0.4774011100331943,0.0657211101852452,0.0401244667197803,0.0017482431954588,['-113.7' '-105.0' '-104.4' '-105.5'],['122.5' '112.4' '119.7' '133.7'],['E' 'E' 'E' 'E'],['E' 'E' 'E' 'E'],-2.6750000000000003,-17.5,0.4425306015783917,57.15767664977295,-2.7,-2.0,[-3.  -3.1 -2.2 -2.4],[ 32 -67  32 -67],-0.5,-2.0,0.1414213562373095,0.0,-0.55,[-0.3 -0.5 -0.6 -0.6],[-2 -2 -2 -2],-2.075,-15.5,1.2148388096094616,57.15767664977295,-2.3,-15.5,[-3.3 -2.2 -2.4 -0.4],[ 34 -65  34 -65],-0.5,2.0,0.1154700538379251,0.0,-0.5,2.0,[-0.6 -0.6 -0.4 -0.4],[2 2 2 2],E,1,[0.09728314 0.14876567 0.11378642 0.13520544 0.15512077],True,Beta
383901,235,238,labels,4,1-p,1dzb,B,['W' 'F' 'Q' 'Q'],0.88707507,-0.082075,-0.0125877500977367,0.15471971,0.0034082024,0.0043290417008871,[1.0697 0.7367 0.9585 0.7834],[-0.0849 -0.0786 -0.0851 -0.0797],[-0.017948 -0.01161  -0.013306 -0.007487],[0.42901752 0.4503552  0.4037218  0.38389894],[0.47390075 0.46198587 0.4656738  0.41347522],[0.47408056 0.47618667 0.48199834 0.46607112],0.4167483672499657,0.4537589078148206,0.4745841746528944,0.029032898829268,0.0273137150660171,0.0065894778404832,['-103.8' '-115.9' '-125.3' '-125.5'],['126.5' '152.9' '125.2' '122.1'],['E' 'E' 'E' 'E'],['E' 'E' 'E' 'E'],-2.475,29.75,0.6551081335677849,22.381167678802345,-2.75,-2.0,[-1.5 -2.7 -2.9 -2.8],[13 51  8 47],-0.375,-2.0,0.0957427107756338,0.0,-0.35,[-0.3 -0.5 -0.3 -0.4],[-2 -2 -2 -2],-2.5250000000000004,29.5,0.4112987559751021,22.63478149515328,-2.6,29.5,[-2.9 -2.  -2.4 -2.8],[12 51  8 47],-0.65,5.5,0.6557438524302001,5.196152422706632,-0.45,3.5,[-1.6 -0.4 -0.5 -0.1],[13  2  2  5],E,1,[0.13197965 0.22141861 0.16560344 0.19852728 0.22299505],True,Beta
385010,843,846,labels,4,1-p,3n1f,D,['I' 'M' 'L' 'K'],0.83885,-0.0491,-0.0091389999724924,0.08490169,0.008829874,0.0055384778155593,[0.7546 0.911  0.7769 0.9129],[-0.0404 -0.0593 -0.0432 -0.0535],[-0.014463 -0.013369 -0.004633 -0.004091],[0.3330143  0.39784173 0.4236261  0.362659  ],[0.65872341 0.53695037 0.5276596  0.50595746],[0.49111444 0.48196388 0.48772611 0.49093888],0.3792852833867074,0.5573227107524872,0.4879358286658923,0.0396983944834411,0.0688365790824453,0.0042751219106357,['-130.1' '-92.5' '-127.8' '-133.2'],['130.4' '134.9' '149.0' '135.4'],['E' 'E' 'E' 'E'],['E' 'E' 'E' 'E'],-2.425,18.0,0.4272001872658765,32.41398874971525,-2.3,-2.0,[-2.1 -3.  -2.5 -2.1],[ 48  -8  44 -12],-0.4,-2.0,0.0,0.0,-0.4,[-0.4 -0.4 -0.4 -0.4],[-2 -2 -2 -2],-2.35,17.75,0.4654746681256312,32.72486312678277,-2.35,18.0,[-2.9 -2.5 -2.2 -1.8],[ 48  -8  44 -13],-0.675,-1.5,0.55,7.0,-0.4,2.0,[-0.4 -0.4 -0.4 -1.5],[  2   2   2 -12],E,1,[0.10158073 0.15252846 0.1307675  0.15754518 0.17515171],True,Beta
387514,305,308,labels,4,1-p,3vsq,A,['E' 'I' 'V' 'V'],0.92805,-0.081075,-0.0173372498247772,0.14586163,0.007327289,0.004477008594054,[0.7253 1.0295 1.0391 0.9183],[-0.0807 -0.089  -0.0832 -0.0714],[-0.015425 -0.022539 -0.019157 -0.012228],[0.359043   0.45507883 0.48651524 0.45206549],[0.53283689 0.45893618 0.46553194 0.49354613],[0.4834978  0.46826612 0.47004222 0.47867778],0.4381756397585075,0.4877127856016159,0.4751209790507952,0.055007084922607,0.0336169399062763,0.0072019635469844,['-153.1' '-101.1' '-94.2' '-113.3'],['127.7' '117.1' '128.3' '138.0'],['E' 'E' 'E' 'E'],['E' 'E' 'E' 'E'],-2.35,-22.0,0.6027713773341707,47.3990154609425,-2.5,-2.0,[-1.5 -2.6 -2.9 -2.4],[-61  21 -65  17],-0.425,-2.0,0.15,0.0,-0.4,[-0.3 -0.3 -0.6 -0.5],[-2 -2 -2 -2],-2.475,-22.0,0.6184658438426489,47.3990154609425,-2.4,-22.0,[-3.3 -2.4 -2.4 -1.8],[-61  21 -65  17],-0.475,2.0,0.0957427107756337,0.0,-0.45,2.0,[-0.6 -0.5 -0.4 -0.4],[2 2 2 2],E,1,[0.1337525  0.2275756  0.16450818 0.19740875 0.22354362],True,Beta
387634,1174,1177,labels,4,1-p,7by4,A,['K' 'F' 'I' 'I'],0.87705004,-0.097375005,-0.0176237502600997,0.1517734,0.008261303,0.0067094029663682,[0.9985 0.7514 0.7403 1.018 ],[-0.1003 -0.0855 -0.0991 -0.1046],[-0.026727 -0.010953 -0.017944 -0.014871],[0.35879866 0.40561124 0.40878746 0.376162  ],[0.44156031 0.43624116 0.43319152 0.40680855],[0.45709278 0.46909776 0.47568442 0.47099333],0.387339840332667,0.429450382788976,0.4682170748710633,0.0240373817012261,0.0154856261010873,0.0079161102965083,['-99.7' '-104.1' '-134.1' '-97.9'],['122.2' '152.1' '134.5' '124.9'],['E' 'E' 'E' 'E'],['E' 'E' 'E' 'E'],-1.725,-12.0,1.3961255912942312,42.78629063925344,-1.55,-2.0,[-0.6 -3.3 -2.5 -0.5],[ 27 -47  23 -51],-0.35,-12.75,0.2081665999466132,21.5,-0.35,[-0.1 -0.6 -0.3 -0.4],[-45  -2  -2  -2],-2.8,-12.25,0.2943920288775949,43.09195593920827,-2.75,-12.0,[-3.2 -2.5 -2.7 -2.8],[ 27 -47  23 -52],-0.375,2.0,0.0957427107756338,0.0,-0.35,2.0,[-0.3 -0.4 -0.5 -0.3],[2 2 2 2],E,1,[0.11311042 0.1783301  0.14268501 0.17161553 0.19246211],True,Beta
391114,458,461,labels,4,1-p,9i69,A,['V' 'A' 'S' 'A'],1.0088999,-0.0753,-0.0164237497374415,0.121048294,0.009419483,0.003545862722568,[0.9039 1.03   0.9305 1.1712],[-0.068  -0.0753 -0.0693 -0.0886],[-0.019411 -0.019239 -0.014943 -0.012102],[0.36936978 0.46656206 0.51010069 0.42079194],[0.58914896 0.48751775 0.47290782 0.4553901 ],[0.4792861  0.47022611 0.47428667 0.47743945],0.4417061209678651,0.5012411574522655,0.4753095830480258,0.0604582047158442,0.0600588907748474,0.0039680867620863,['-114.8' '-97.0' '-113.0' '-105.2'],['126.3' '128.8' '127.5' '132.7'],['E' 'E' 'E' 'E'],['E' 'E' 'E' 'E'],-2.6,-0.5,0.2449489742783178,12.342339054382412,-2.6,-2.0,[-2.3 -2.9 -2.6 -2.6],[ 12  -9   8 -13],-0.475,-2.0,0.0499999999999999,0.0,-0.5,[-0.4 -0.5 -0.5 -0.5],[-2 -2 -2 -2],-2.7,-0.75,0.5597618541248889,12.685293322058683,-2.8,-0.5,[-3.1 -2.  -2.5 -3.2],[ 12  -9   8 -14],-0.75,-1.75,0.5686240703077328,7.5,-0.5,2.0,[-0.5 -0.5 -0.4 -1.6],[  2   2   2 -13],E,1,[0.12593118 0.21297833 0.14915497 0.17804897 0.20487108],True,Beta
392317,34,37,labels,4,1-p,4nov,A,['L' 'Y' 'L' 'Y'],1.0090749,-0.06605,-0.0148867504904046,0.06179322,0.0068364213,0.0067880865551254,[1.0927 0.9551 1.0178 0.9707],[-0.0686 -0.0708 -0.0689 -0.0559],[-0.020911 -0.017751 -0.01565  -0.005235],[0.404129   0.49933412 0.4794624  0.39222226],[0.58510641 0.4905674  0.49957449 0.46687947],[0.47959721 0.46982666 0.47853555 0.48624945],0.4437869439522426,0.5105319420496623,0.4785522172848384,0.0535097967744271,0.0515930842118633,0.0067447512318505,['-100.4' '-109.3' '-110.3' '-98.2'],['126.7' '125.0' '112.0' '139.9'],['E' 'E' 'E' 'E'],['E' 'E' 'E' 'E'],-2.225,8.75,1.2365947867699696,18.06239186818844,-2.55,-2.0,[-2.9 -0.5 -3.3 -2.2],[ 26  -2  22 -11],-0.425,4.5,0.1707825127659933,13.0,-0.45,[-0.4 -0.2 -0.5 -0.6],[-2 24 -2 -2],-1.9,9.75,0.8755950357709131,17.36615482291153,-2.25,12.0,[-2.3 -0.6 -2.2 -2.5],[ 26   2  22 -11],-0.35,7.5,0.1290994448735805,11.0,-0.35,2.0,[-0.5 -0.2 -0.4 -0.3],[ 2 24  2  2],E,1,[0.12522794 0.20939373 0.1485829  0.17699741 0.20194744],True,Beta
393504,137,142,labels,6,1-p,3b6u,A,['Q' 'Y' 'L' 'V' 'R' 'A'],0.87826663,-0.04741667,-0.0078083333404113,0.19030154,0.004677357,0.0037549176217433,[1.1043 0.7318 1.1136 0.8704 0.7793 0.6702],[-0.0476 -0.0459 -0.0539 -0.0404 -0.051  -0.0457],[-0.014291 -0.006982 -0.00999  -0.006226 -0.005373 -0.003988],[0.38712403 0.48045599 0.44235766 0.45009459 0.37787227 0.36326167],[0.61843973 0.53375888 0.53886527 0.53524824 0.54106385 0.5457447 ],[0.49543055 0.48263166 0.48711221 0.48800611 0.49134056 0.49227611],0.4168610357575946,0.5521867771943411,0.4894662002722423,0.0470662749392175,0.0327372521319575,0.0045025836712837,['-118.4' '-106.6' '-127.0' '-116.8' '-124.9' '-129.1'],['122.5' '143.6' '124.9' '130.3' '149.5' '140.6'],['E' 'E' 'E' 'E' 'E' 'E'],['E' 'E' 'E' 'E' 'E' 'E'],-1.7666666666666664,56.16666666666666,0.9912954487269002,35.549496011429845,-2.25,-2.0,[-2.6 -0.5 -2.5 -0.5 -2.3 -2.2],[89 -2 85 44 81 40],-0.3333333333333333,12.833333333333334,0.0816496580927726,36.33409785128381,-0.35,[-0.4 -0.2 -0.3 -0.4 -0.4 -0.3],[-2 87 -2 -2 -2 -2],-2.433333333333333,56.833333333333336,1.0211105065891088,34.25444010149146,-2.8,62.5,[-3.2 -0.4 -2.8 -2.8 -2.9 -2.5],[89  2 85 44 81 40],-0.3166666666666667,16.166666666666668,0.0752772652709081,34.701104689428355,-0.3,2.0,[-0.3 -0.2 -0.4 -0.3 -0.4 -0.3],[ 2 87  2  2  2  2],E,1,[0.11950438 0.19245515 0.15064872 0.18107298 0.20301581],True,Beta
393526,312,316,labels,5,1-p,3b6u,A,['V' 'M' 'V' 'A' 'N'],1.0456998,-0.0755,-0.0160313999280333,0.13526395,0.00780961,0.0053336752752686,[0.9675 0.9325 1.1368 1.2389 0.9528],[-0.0806 -0.0774 -0.0803 -0.0774 -0.0618],[-0.011242 -0.015409 -0.01996  -0.022853 -0.010693],[0.40403128 0.4946431  0.53884954 0.54215606 0.45050179],[0.47808514 0.46929081 0.47156031 0.48262413 0.47198585],[0.4815789  0.47410502 0.46765447 0.47027445 0.47925777],0.48603635430336,0.4747092485427857,0.4745741208394369,0.0591613649777582,0.0054939564459931,0.0058649877591541,['-121.7' '-101.4' '-104.2' '-93.1' '-91.1'],['124.2' '127.7' '114.7' '110.2' '133.2'],['E' 'E' 'E' 'E' 'E'],['E' 'E' 'E' 'E' 'E'],-3.04,-238.4,0.1949358868961792,44.36552715791846,-3.1,-2.0,[-2.7 -3.1 -3.2 -3.1 -3.1],[-206 -287 -206 -287 -206],-0.5199999999999999,-2.0,0.1303840481040529,0.0,-0.5,[-0.4 -0.4 -0.5 -0.6 -0.7],[-2 -2 -2 -2 -2],-2.16,-236.4,0.9126883367283708,44.36552715791846,-2.4,-204.0,[-2.4 -2.9 -2.7 -2.2 -0.6],[-204 -285 -204 -285 -204],-0.5,2.0,0.1581138830084189,0.0,-0.5,2.0,[-0.5 -0.6 -0.7 -0.4 -0.3],[2 2 2 2 2],E,1,[0.10054497 0.15606209 0.11736043 0.13969266 0.16064888],True,Beta
395266,56,60,labels,5,1-p,4noh,A,['Q' 'N' 'K' 'F' 'E'],0.77306,-0.0678,-0.0095151999033987,0.13770472,0.0057779755,0.0034713819049333,[0.5862 0.693  0.9175 0.7788 0.8898],[-0.0605 -0.0656 -0.0655 -0.0742 -0.0732],[-0.004204 -0.011106 -0.008793 -0.013617 -0.009856],[0.25188227 0.35780509 0.38917636 0.42123173 0.35715355],[0.54035464 0.50241139 0.49269505 0.48730499 0.46822697],[0.49032611 0.48660944 0.48138    0.48207445 0.48438833],0.3554498016834259,0.4981986065705618,0.4849556644757589,0.0636384810732004,0.0266558517076222,0.0036395498310039,['-152.5' '-137.8' '-119.7' '-125.4' '-92.9'],['155.5' '137.5' '131.4' '133.9' '143.1'],['E' 'E' 'E' 'E' 'E'],['E' 'E' 'E' 'E' 'E'],-1.16,41.6,1.1013627921806692,59.71850634434857,-0.4,103.0,[-0.3 -2.1 -0.4 -2.6 -0.4],[ -2 109  -2 105  -2],-0.2799999999999999,63.4,0.1303840481040529,59.76872091654631,-0.2,[-0.2 -0.3 -0.2 -0.5 -0.2],[111  -2 107  -2 103],-1.36,44.0,1.3722244714331544,57.52825392796135,-0.4,2.0,[-0.4 -2.6 -0.4 -3.1 -0.3],[  2 109   2 105   2],-0.2799999999999999,65.0,0.1303840481040529,57.58037860243713,-0.2,103.0,[-0.2 -0.5 -0.2 -0.3 -0.2],[111   2 107   2 103],E,1,[0.08801796 0.12285681 0.11732824 0.14052459 0.15260977],True,Beta
397065,127,130,labels,4,1-p,4h7n,A,['V' 'G' 'V' 'I'],0.98800004,-0.057475,-0.0104040001751855,0.17957586,0.009860486,0.0056992954691224,[0.8936 0.9317 0.8719 1.2548],[-0.0535 -0.0709 -0.0477 -0.0578],[-0.013569 -0.016766 -0.006527 -0.004754],[0.36814815 0.43932802 0.49816136 0.43307332],[0.59574473 0.51624117 0.51319152 0.48028372],[0.48816278 0.47952111 0.48441832 0.48863   ],0.4346777126193047,0.5263652851184211,0.4851830502351126,0.0531681463724396,0.0490342187805825,0.0042191084945116,['-108.3' '-97.9' '-117.3' '-118.9'],['130.6' '130.8' '126.1' '116.0'],['E' 'E' 'E' 'E'],['E' 'E' 'E' 'E'],-3.0,50.0,0.3741657386773941,27.712812921102035,-2.95,-2.0,[-2.6 -3.5 -2.9 -3. ],[26 74 26 74],-0.45,-2.0,0.0577350269189625,0.0,-0.45,[-0.4 -0.4 -0.5 -0.5],[-2 -2 -2 -2],-2.8,52.0,0.7615773105863909,27.712812921102035,-3.05,52.0,[-2.9 -3.4 -3.2 -1.7],[28 76 28 76],-0.4,8.0,0.2,12.0,-0.5,2.0,[-0.5 -0.5 -0.5 -0.1],[ 2  2  2 26],E,1,[0.1244778  0.20706873 0.14903138 0.17771811 0.20234754],True,Beta
397707,129,132,labels,4,l3(10),9ime,A,['W' 'E' 'C' 'F'],0.848225,-0.097775,-0.0150817496469244,0.017829822,0.008627235,0.006150219451202,[0.8705 0.8459 0.8495 0.827 ],[-0.0981 -0.107  -0.0998 -0.0862],[-0.015024 -0.019906 -0.018977 -0.00642 ],[0.43124904 0.41794149 0.41085608 0.38725433],[0.41042556 0.42205677 0.43049649 0.40886528],[0.46618613 0.47005169 0.47483169 0.46292945],0.411825234691302,0.4179610287149748,0.4684997374812762,0.0184333179863033,0.0102213640023316,0.0051278033006677,['-111.3' '-113.3' '-91.3' '-127.3'],['127.9' '132.5' '136.6' '121.6'],['E' 'E' 'E' 'E'],['E' 'E' 'E' 'E'],-1.575,-16.5,1.2579745625409124,16.822603841260722,-1.45,-2.0,[-0.5 -2.4 -0.5 -2.9],[ -2 -29  -2 -33],-0.35,0.5,0.1290994448735805,24.66441431158124,-0.35,[-0.2 -0.5 -0.3 -0.4],[-27  -2  33  -2],-1.4249999999999998,-14.5,1.1729592206608606,19.122412679017955,-1.25,-13.5,[-0.5 -2.8 -0.4 -2. ],[  2 -29   2 -33],-0.2,-8.5,0.1632993161855452,26.41338044754337,-0.2,-13.5,[-0.  -0.4 -0.2 -0.2],[-29   2 -31  24],E,1,[0.12465824 0.20228649 0.15956977 0.19174738 0.21283415],True,Beta
397955,127,131,labels,5,1-p,1j5p,A,['R' 'I' 'E' 'T' 'I'],1.0073601,-0.060500003,-0.0099815998226404,0.07357258,0.006905434,0.0020926821167439,[0.9969 0.9972 0.8958 1.0848 1.0621],[-0.0554 -0.0571 -0.0571 -0.0605 -0.0724],[-0.010933 -0.008935 -0.008774 -0.013203 -0.008063],[0.45986758 0.47071558 0.48503301 0.49560413 0.42235564],[0.49368798 0.51801423 0.51439722 0.50354615 0.4543972 ],[0.4815311  0.48408777 0.48282666 0.48331112 0.48126668],0.4667151868343354,0.4968085567156474,0.4826046645641327,0.0282876984485747,0.0255582574429523,0.0011927580784436,['-115.2' '-117.0' '-116.3' '-113.9' '-109.9'],['123.7' '126.2' '130.1' '120.7' '126.0'],['E' 'E' 'E' 'E' 'E'],['E' 'E' 'E' 'E' 'E'],-2.52,59.4,0.1788854381999833,8.17312669668102,-2.5,-2.0,[-2.3 -2.7 -2.7 -2.4 -2.5],[69 51 65 51 61],-0.48,-2.0,0.0447213595499957,0.0,-0.5,[-0.4 -0.5 -0.5 -0.5 -0.5],[-2 -2 -2 -2 -2],-2.64,60.2,0.3286335345030996,7.155417527999327,-2.7,61.0,[-2.7 -2.7 -2.7 -3.  -2.1],[69 53 65 53 61],-0.44,12.2,0.1341640786499874,22.80789337049785,-0.5,2.0,[-0.5 -0.5 -0.5 -0.5 -0.2],[ 2  2  2  2 53],E,1,[0.11389214 0.18449872 0.13508155 0.1612052  0.18490005],True,Beta
398922,79,82,labels,4,1-p,1oni,D,['T' 'T' 'V' 'L'],0.94355,-0.067425005,-0.0137122496962547,0.18315504,0.008982716,0.0053064736580677,[0.6786 0.9836 1.0139 1.0981],[-0.0553 -0.0768 -0.0675 -0.0701],[-0.008904 -0.020426 -0.015449 -0.01007 ],[0.32441407 0.4358912  0.50422061 0.44310691],[0.5692908  0.49673762 0.48624115 0.49262413],[0.4888361  0.47512278 0.47447501 0.47926501],0.4269081987440587,0.5112234254678091,0.4794247249762218,0.0748895826858225,0.0389517045055617,0.0066233408251294,['-126.4' '-124.2' '-113.1' '-105.8'],['158.3' '130.7' '116.7' '121.8'],['E' 'E' 'E' 'E'],['E' 'E' 'E' 'E'],-2.6500000000000004,34.5,0.5916079783099615,8.812869377601524,-2.6,-2.0,[-2.1 -2.2 -3.  -3.3],[27 44 27 40],-0.4,-2.0,0.1414213562373095,0.0,-0.35,[-0.3 -0.3 -0.4 -0.6],[-2 -2 -2 -2],-1.7500000000000002,35.5,0.3872983346207417,7.681145747868608,-1.75,34.5,[-1.3 -1.9 -1.6 -2.2],[29 44 29 40],-0.45,2.0,0.1290994448735805,0.0,-0.45,2.0,[-0.4 -0.6 -0.5 -0.3],[2 2 2 2],E,1,[0.13039446 0.22147982 0.15911427 0.1913496  0.21843581],True,Beta
401873,144,148,labels,5,l3(10),5xli,a,['N' 'V' 'K' 'W' 'K'],0.81597996,-0.06872,-0.0099709998816251,0.024048742,0.0066803438,0.0025467523995719,[0.8006 0.8484 0.7926 0.804  0.8343],[-0.0718 -0.0603 -0.076  -0.0724 -0.0631],[-0.012269 -0.007057 -0.011742 -0.011439 -0.007348],[0.36326166 0.39769511 0.39824892 0.39595227 0.34902569],[0.5501419  0.49070926 0.49028372 0.48829789 0.52489363],[0.49112333 0.48273999 0.48320111 0.48303945 0.47131668],0.3808367311954499,0.5088652789592744,0.4822841107845307,0.0231121978706791,0.0276523087567253,0.0070716981413547,['-122.0' '-121.9' '-130.6' '-101.4' '-131.2'],['136.6' '140.2' '131.2' '141.1' '141.0'],['E' 'E' 'E' 'E' 'E'],['E' 'E' 'E' 'E' 'E'],-1.48,29.8,0.867179335547152,25.28240494889677,-1.9,-2.0,[-2.1 -0.4 -1.9 -0.7 -2.3],[52 -2 48  7 44],-0.34,8.4,0.0894427190999916,23.25510696599781,-0.4,[-0.3 -0.2 -0.4 -0.4 -0.4],[-2 50 -2 -2 -2],-1.96,30.6,0.896102672688794,24.05826261391292,-2.4,44.0,[-2.5 -0.4 -2.  -2.5 -2.4],[52  2 48  7 44],-0.38,11.6,0.1095445115010332,21.46625258399798,-0.4,2.0,[-0.4 -0.2 -0.4 -0.4 -0.5],[ 2 50  2  2  2],E,1,[0.11095618 0.17012434 0.14435547 0.17297416 0.18971698],True,Beta
404486,368,371,labels,4,1-p,4ogd,A,['I' 'Y' 'K' 'V'],0.91770005,-0.0722,-0.0139842501375824,0.1923381,0.005171718,0.002890912166702,[0.9961 1.0552 0.9867 0.6328],[-0.077  -0.075  -0.0716 -0.0652],[-0.012118 -0.01772  -0.014765 -0.011334],[0.4718069  0.49483856 0.43566315 0.40536691],[0.47595748 0.47971636 0.48808514 0.53737593],[0.47593221 0.47522055 0.47565611 0.46974445],0.4519188801447551,0.4952837278445562,0.4741383319099745,0.0394502506237087,0.0285156070987104,0.0029438648365626,['-109.9' '-104.7' '-88.1' '-128.2'],['118.7' '115.7' '132.5' '164.9'],['E' 'E' 'E' 'E'],['E' 'E' 'E' 'E'],-2.2,-55.75,1.1775681155103794,51.6809120146565,-2.4000000000000004,-2.0,[-2.2 -3.4 -0.6 -2.6],[ -21 -100   -2 -100],-0.4,-26.5,0.1632993161855452,49.0,-0.4,[-0.4 -0.6 -0.2 -0.4],[  -2   -2 -100   -2],-1.3,-48.0,1.0295630140987,57.735026918962575,-1.2,-48.0,[-0.6 -2.5 -0.3 -1.8],[  2 -98   2 -98],-0.325,-52.5,0.2217355782608345,51.53962876596351,-0.3,-57.0,[-0.6 -0.4 -0.2 -0.1],[-19   2 -98 -95],E,1,[0.13369381 0.22670551 0.16526473 0.19823104 0.22379274],True,Beta
405612,157,160,labels,4,1-p,2j5z,C,['R' 'V' 'E' 'L'],0.91995,-0.0597,-0.0083169998833909,0.105461985,0.009796258,0.0042641170073608,[0.974  0.9902 0.9521 0.7635],[-0.0696 -0.0664 -0.0533 -0.0495],[-0.008728 -0.013466 -0.008028 -0.003046],[0.45501364 0.47501568 0.44072881 0.4120614 ],[0.47382983 0.50404259 0.51829791 0.49099294],[0.47685834 0.48321001 0.48636667 0.48695278],0.445704884827137,0.4967908163865408,0.4833469490210216,0.02647275851233,0.01893819497291,0.0046275108343185,['-117.1' '-110.7' '-112.7' '-124.2'],['130.0' '126.9' '127.7' '142.5'],['E' 'E' 'E' 'E'],['E' 'E' 'E' 'E'],-2.925,62.5,0.0957427107756339,60.66575090883928,-2.95,-2.0,[-3.  -2.8 -2.9 -3. ],[117  12 113   8],-0.475,-2.0,0.0499999999999999,0.0,-0.5,[-0.5 -0.4 -0.5 -0.5],[-2 -2 -2 -2],-2.125,62.5,0.4112987559751021,60.66575090883928,-2.2,62.5,[-2.5 -1.6 -2.  -2.4],[117  12 113   8],-0.4499999999999999,2.0,0.0577350269189625,0.0,-0.45,2.0,[-0.5 -0.5 -0.4 -0.4],[2 2 2 2],E,1,[0.12384027 0.20440873 0.15289957 0.18374681 0.20818609],True,Beta
406015,40,44,labels,5,1-p,6gbs,B,['A' 'L' 'L' 'I' 'L'],0.96524,-0.06816,-0.0105577999725937,0.15205704,0.0059492015,0.0032438842269231,[0.7044 1.0962 0.9869 1.0414 0.9973],[-0.0732 -0.0708 -0.0579 -0.0689 -0.07  ],[-0.007401 -0.011256 -0.009595 -0.015794 -0.008743],[0.43683592 0.45403636 0.50892793 0.4928188  0.42800766],[0.44588654 0.49510641 0.49815606 0.49872345 0.46695039],[0.4751311  0.48430444 0.47964165 0.48103778 0.47708167],0.4641253372033437,0.4809645692507426,0.4794393261273703,0.0352901304681073,0.023652600497043,0.0035491063028383,['-138.5' '-121.6' '-112.7' '-107.0' '-92.8'],['139.9' '112.9' '120.1' '112.9' '133.6'],['E' 'E' 'E' 'E' 'E'],['E' 'E' 'E' 'E' 'E'],-2.66,19.0,0.46690470119715,41.20072814890533,-2.5,-2.0,[-2.2 -2.4 -2.5 -3.4 -2.8],[ -7  66 -11  62 -15],-0.44,12.2,0.1949358868961792,31.75216528049701,-0.5,[-0.2 -0.3 -0.5 -0.5 -0.7],[69 -2 -2 -2 -2],-2.66,19.0,0.5319774431308156,41.20072814890533,-2.7,-7.0,[-2.7 -3.1 -3.2 -1.9 -2.4],[ -7  66 -11  62 -15],-0.5,2.0,0.1224744871391588,0.0,-0.5,2.0,[-0.5 -0.5 -0.7 -0.4 -0.4],[2 2 2 2 2],E,1,[0.12045501 0.19876576 0.1455052  0.17461914 0.19978603],True,Beta
406483,3,6,labels,4,1-p,5dwa,B,['L' 'D' 'L' 'D'],0.92492497,-0.07685,-0.0141749999020248,0.18776429,0.006108191,0.0082972885173959,[0.9771 1.0187 0.6475 1.0564],[-0.0782 -0.0849 -0.0729 -0.0714],[-0.024844 -0.016661 -0.007608 -0.007587],[0.46097518 0.43054863 0.44346523 0.42360979],[0.48226955 0.47092202 0.47574471 0.4844681 ],[0.46313945 0.47271501 0.48230224 0.46871445],0.4396497085690499,0.478351096312205,0.4717177872856458,0.0164260211265416,0.0061848299297781,0.0080753310550492,['-95.7' '-98.3' '-127.4' '-115.1'],['121.2' '132.0' '140.1' '127.5'],['E' 'E' 'E' 'E'],['E' 'E' 'E' 'E'],-1.65,4.0,1.3403979508588733,7.118052168020874,-1.6,2.0,[-2.6 -0.6 -3.  -0.4],[12 -2  8 -2],-0.3999999999999999,3.0,0.2449489742783178,6.0,-0.35,[-0.7 -0.2 -0.5 -0.2],[-2 10 -2  6],-1.275,7.0,1.129527924990495,4.163331998932265,-1.3,7.0,[-2.2 -0.4 -2.3 -0.2],[12  2  8  6],-0.325,4.25,0.206155281280883,3.8622100754188224,-0.35,2.5,[-0.5 -0.2 -0.5 -0.1],[ 2 10  2  3],E,1,[0.13479298 0.22997657 0.16602152 0.19975262 0.22601578],True,Beta
407326,11,14,labels,4,1-p,2a5j,A,['L' 'F' 'K' 'Y'],0.94765,-0.0806,-0.0155472501646727,0.18009312,0.006951737,0.0061499704731627,[0.9214 0.9463 1.1808 0.7421],[-0.0812 -0.0804 -0.0889 -0.0719],[-0.013053 -0.019527 -0.021524 -0.008085],[0.40489456 0.49654883 0.46734392 0.44403535],[0.46085109 0.46063833 0.46723408 0.47042555],[0.47471945 0.46994222 0.47270222 0.47587776],0.453205664952596,0.464787262181441,0.4733104134599368,0.0387151034218208,0.0048471355297479,0.0026007238741216,['-129.2' '-110.2' '-74.6' '-112.8'],['122.8' '113.6' '127.5' '148.3'],['E' 'E' 'E' 'E'],['E' 'E' 'E' 'E'],-1.625,21.5,1.362289739127963,27.13546265191241,-1.7,21.5,[-0.3 -2.8 -0.6 -2.8],[-2 45 -2 45],-0.35,26.75,0.1,34.28678073738235,-0.4,[-0.2 -0.4 -0.4 -0.4],[45 -2 66 -2],-2.175,41.0,1.0996211468804455,27.820855486487112,-2.5,47.0,[-0.6 -2.3 -2.7 -3.1],[ 2 47 68 47],-0.725,30.0,0.8539125638299665,33.555923471125034,-0.35,24.5,[-0.2 -0.4 -2.  -0.3],[47  2 69  2],E,1,[0.13671358 0.23715239 0.16646987 0.20012218 0.2288989 ],True,Beta
408017,122,125,labels,4,l3(10),4x5s,A,['G' 'V' 'F' 'F'],0.83305,-0.096175,-0.0153742497786879,0.01556073,0.0075891893,0.0041319355551464,[0.8191 0.8234 0.8359 0.8538],[-0.086  -0.0987 -0.1041 -0.0959],[-0.012782 -0.016057 -0.020923 -0.011735],[0.44572934 0.40368923 0.40934127 0.38209094],[0.43780146 0.43347523 0.42645395 0.4140426 ],[0.47268332 0.47235444 0.47293612 0.46463668],0.4102126906315486,0.4279433091481527,0.4706526423494022,0.0264296556536466,0.0103799985345625,0.004017703454345,['-104.6' '-129.2' '-86.0' '-123.8'],['141.6' '124.2' '145.6' '131.9'],['E' 'E' 'E' 'E'],['E' 'E' 'E' 'E'],-2.05,22.5,1.112055154507485,46.7938742429676,-2.5,-2.0,[-2.8 -2.4 -0.4 -2.6],[ 63 -16  63 -20],-0.425,-2.0,0.1258305739211791,0.0,-0.4,[-0.6 -0.4 -0.4 -0.3],[-2 -2 -2 -2],-2.275,24.0,0.7455423082115014,48.53177653180784,-2.5,24.5,[-2.6 -2.9 -2.4 -1.2],[ 65 -16  67 -20],-0.35,2.0,0.0577350269189625,0.0,-0.35,2.0,[-0.4 -0.3 -0.4 -0.3],[2 2 2 2],E,1,[0.11684981 0.18471549 0.15088572 0.18187838 0.20161416],True,Beta
409957,47,51,labels,5,1-p,3kog,A,['I' 'T' 'P' 'V' 'V'],1.00614,-0.08684,-0.0166652001440525,0.060476627,0.0028675778,0.0018055787407371,[1.0468 0.9693 0.9439 1.0903 0.9804],[-0.0828 -0.089  -0.0881 -0.0849 -0.0894],[-0.013711 -0.018507 -0.016713 -0.017617 -0.016778],[0.46146381 0.48213367 0.48921907 0.49102709 0.464412  ],[0.46035464 0.45397165 0.4524823  0.45219862 0.45297877],[0.47476    0.47281611 0.47064612 0.47160669 0.47029502],0.4776511271794638,0.454397197564443,0.4720247884591421,0.0138756117726296,0.0033979641865271,0.0018148804742024,['-104.7' '-115.4' '-72.9' '-123.0' '-105.7'],['125.7' '105.0' '139.2' '119.5' '123.5'],['E' 'E' 'E' 'E' 'E'],['E' 'E' 'E' 'E' 'E'],-1.64,31.2,1.346476884316994,33.63331681532465,-2.3,-2.0,[-3.  -2.3  0.  -2.5 -0.4],[26 66  0 66 -2],-0.26,12.0,0.2302172886644267,30.199337741083,-0.2,[-0.5 -0.5  0.  -0.1 -0.2],[-2 -2  0 -2 66],-1.64,43.0,1.2441864811996632,34.322004603461025,-2.2,68.0,[-0.2 -2.2 -0.4 -2.8 -2.6],[68 68  2 68  9],-0.32,16.0,0.3271085446759225,29.393876913398135,-0.2,2.0,[-0.  -0.1 -0.2 -0.5 -0.8],[-2  2 68  2 10],E,1,[0.12157263 0.20193379 0.14428017 0.17213303 0.19734327],True,Beta
415637,50,53,labels,4,1-p,5nhx,A,['V' 'L' 'G' 'Y'],0.89100003,-0.07219999,-0.0111662500712554,0.19969743,0.007678541,0.0069060753187009,[1.1256 0.8998 0.9014 0.6372],[-0.0826 -0.0734 -0.0664 -0.0664],[-0.017804 -0.01438  -0.010722 -0.001759],[0.47210009 0.47672597 0.39717391 0.32996839],[0.47014188 0.48056742 0.49205678 0.42815607],[0.47286665 0.47616333 0.48507722 0.48203111],0.4189920884867509,0.4677305345733961,0.4790345778067907,0.0696536967768206,0.0278597952489755,0.0055311269024194,['-109.5' '-106.5' '-102.6' '-133.3'],['113.8' '127.2' '137.0' '150.9'],['E' 'E' 'E' 'E'],['E' 'E' 'E' 'E'],-2.6750000000000003,55.0,0.6551081335677849,18.547236990991408,-2.6500000000000004,-2.0,[-2.6 -3.5 -2.7 -1.9],[39 73 39 69],-0.475,-2.0,0.0957427107756337,0.0,-0.45,[-0.4 -0.6 -0.5 -0.4],[-2 -2 -2 -2],-2.25,56.0,1.1269427669584644,17.397317800933184,-2.65,55.0,[-2.5 -3.1 -2.8 -0.6],[41 73 41 69],-0.425,12.0,0.0957427107756338,20.0,-0.45,2.0,[-0.5 -0.4 -0.5 -0.3],[ 2  2 42  2],E,1,[0.13920802 0.23957132 0.17437901 0.21008409 0.23675756],True,Beta
417273,249,252,labels,4,1-p,1xfk,A,['L' 'Y' 'L' 'T'],0.9582751,-0.054549996,-0.0097292499267496,0.14687788,0.0092673255,0.0046434581265039,[0.7567 1.0964 1.0287 0.9513],[-0.065  -0.0597 -0.0471 -0.0464],[-0.010619 -0.015157 -0.009261 -0.00388 ],[0.36736633 0.46939623 0.50109327 0.46426541],[0.57304968 0.51645392 0.52964538 0.52801418],[0.485715   0.48053499 0.48427888 0.48615333],0.4505303092300892,0.5367907931407293,0.4841705511013667,0.0577853397273091,0.024875565619961,0.0025525015266332,['-122.6' '-126.1' '-96.3' '-128.3'],['141.0' '110.4' '123.1' '125.7'],['E' 'E' 'E' 'E'],['E' 'E' 'E' 'E'],-2.45,-27.25,0.4358898943540673,81.69608313744301,-2.55,-2.0,[-2.3 -2.8 -1.9 -2.8],[ 43 -98  44 -98],-0.4499999999999999,-2.0,0.1290994448735805,0.0,-0.45,[-0.3 -0.4 -0.5 -0.6],[-2 -2 -2 -2],-2.125,-25.25,0.2872281323269013,81.69608313744301,-2.1,-25.5,[-2.1 -2.5 -1.8 -2.1],[ 45 -96  46 -96],-0.675,13.0,0.2872281323269015,22.0,-0.55,2.0,[-1.1 -0.6 -0.5 -0.5],[46  2  2  2],E,1,[0.11340125 0.18173806 0.13750764 0.16450524 0.18729894],True,Beta
418662,3,6,labels,4,1-p,4f4w,A,['V' 'I' 'F' 'V'],0.905575,-0.0564,-0.0089560000924393,0.16287029,0.00669577,0.0040054888524581,[0.6979 1.0848 0.9641 0.8755],[-0.0482 -0.0635 -0.0598 -0.0541],[-0.007345 -0.012654 -0.011765 -0.00406 ],[0.42058019 0.44740703 0.47633506 0.43458813],[0.53716314 0.51666669 0.51248231 0.491844  ],[0.48480889 0.48235333 0.48417832 0.47986387],0.444727602104346,0.5145390331745148,0.4828011045853297,0.0237495053951766,0.0185802026696994,0.0022177903441344,['-114.3' '-117.0' '-104.5' '-126.5'],['137.1' '120.3' '135.9' '131.3'],['E' 'E' 'E' 'E'],['E' 'E' 'E' 'E'],-2.725,122.0,0.2753785273643051,22.06052281036573,-2.75,-2.0,[-3.  -2.4 -2.9 -2.6],[143 105 139 101],-0.4499999999999999,-2.0,0.0577350269189625,0.0,-0.45,[-0.5 -0.4 -0.5 -0.4],[-2 -2 -2 -2],-2.225,122.0,0.4573474244670747,22.06052281036573,-2.05,122.0,[-2.  -2.9 -2.1 -1.9],[143 105 139 101],-0.425,2.0,0.0499999999999999,0.0,-0.4,2.0,[-0.5 -0.4 -0.4 -0.4],[2 2 2 2],E,1,[0.12343903 0.20256403 0.15348982 0.18432945 0.20793828],True,Beta
419930,133,136,labels,4,1-p,5vir,A,['F' 'I' 'G' 'V'],0.90040004,-0.07807501,-0.0145512500312179,0.14170395,0.0064907,0.0042335807765813,[0.6928 0.9319 0.9705 1.0064],[-0.0878 -0.075  -0.0751 -0.0744],[-0.017582 -0.010708 -0.018797 -0.011118],[0.3967667  0.42271396 0.47379406 0.39394882],[0.43333336 0.46957449 0.47907803 0.44496456],[0.46108333 0.47384054 0.47743166 0.48007889],0.4218058846890927,0.456737610201041,0.4731086070338886,0.0369980723505765,0.0212151195643191,0.0084146018464991,['-113.9' '-128.3' '-98.6' '-98.9'],['136.1' '116.7' '123.3' '137.2'],['E' 'E' 'E' 'E'],['E' 'E' 'E' 'E'],-2.625,-8.5,0.6551081335677851,20.207259421636905,-2.75,-2.0,[-1.8 -3.2 -3.1 -2.4],[  9 -26   9 -26],-0.4499999999999999,-2.0,0.1290994448735805,0.0,-0.45,[-0.3 -0.4 -0.5 -0.6],[-2 -2 -2 -2],-2.35,-6.5,0.3696845502136472,20.207259421636905,-2.5,-6.5,[-2.5 -1.8 -2.5 -2.6],[ 11 -24  11 -24],-0.45,-4.25,0.1290994448735805,12.5,-0.45,2.0,[-0.5 -0.6 -0.4 -0.3],[  2   2   2 -23],E,1,[0.13981928 0.24077535 0.17430548 0.20936744 0.23573245],True,Beta
430071,254,258,labels,5,1-p,6dkq,B,['T' 'I' 'V' 'I' 'S'],0.96488,-0.0625,-0.0101330000907182,0.03578625,0.005851495,0.0026216485713235,[0.91   0.9793 0.9619 1.0084 0.9648],[-0.0695 -0.0559 -0.0575 -0.0627 -0.0669],[-0.013219 -0.007852 -0.009921 -0.012341 -0.007332],[0.43584234 0.46441201 0.48043969 0.47807788 0.43046718],[0.50255322 0.50858159 0.51340429 0.50560287 0.45546103],[0.48193057 0.48278222 0.48327001 0.48355889 0.4761339 ],0.4578478197256725,0.4971205989519756,0.4815351208051046,0.0234343632031468,0.0236299346159408,0.0030818135768015,['-117.0' '-112.5' '-120.3' '-110.2' '-105.5'],['122.7' '130.1' '123.9' '122.4' '133.6'],['E' 'E' 'E' 'E' 'E'],['E' 'E' 'E' 'E' 'E'],-2.46,-14.0,1.1610340218959994,27.892651361962702,-2.9,-2.0,[-0.4 -3.2 -2.8 -2.9 -3. ],[ -2  12 -42   8 -46],-0.44,1.2,0.1341640786499874,7.155417527999329,-0.5,[-0.2 -0.5 -0.5 -0.5 -0.5],[14 -2 -2 -2 -2],-2.68,-21.4,0.3193743884534263,28.875595231960155,-2.6,-38.0,[-3.1 -2.9 -2.3 -2.6 -2.5],[-38  12 -42   8 -47],-0.6799999999999999,-7.6,0.4604345773288535,21.46625258399798,-0.5,2.0,[-0.5 -0.5 -0.5 -0.4 -1.5],[  2   2   2   2 -46],E,1,[0.12114816 0.19975041 0.14641405 0.17574649 0.20043867],True,Beta
430271,44,47,labels,4,1-p,5lf7,S,['A' 'V' 'L' 'V'],0.880775,-0.050425,-0.0078380001941695,0.15018986,0.003788029,0.0042672025271107,[1.0167 0.6661 0.918  0.9223],[-0.0454 -0.0508 -0.0509 -0.0546],[-0.013938 -0.006816 -0.006618 -0.00398 ],[0.32342049 0.4236261  0.40824994 0.38525087],[0.63163126 0.53397167 0.52744685 0.4953901 ],[0.48412333 0.48479334 0.49032556 0.48879278],0.3851368514200052,0.5471099664767585,0.4870087504386902,0.0440626826137746,0.0588162288047322,0.0030231163560325,['-121.1' '-119.7' '-115.1' '-129.4'],['125.0' '139.2' '135.0' '132.5'],['E' 'E' 'E' 'E'],['E' 'E' 'E' 'E'],-3.0,80.0,0.2160246899469286,102.79429296739517,-3.05,-2.0,[-3.  -3.2 -2.7 -3.1],[171  -7 167 -11],-0.375,-2.0,0.05,0.0,-0.4,[-0.3 -0.4 -0.4 -0.4],[-2 -2 -2 -2],-2.6500000000000004,80.0,0.5507570547286104,102.79429296739517,-2.7,80.0,[-2.  -2.4 -3.  -3.2],[171  -7 167 -11],-0.4,2.0,0.0,0.0,-0.4,2.0,[-0.4 -0.4 -0.4 -0.4],[2 2 2 2],E,1,[0.12756351 0.21040141 0.16057348 0.19262484 0.2155426 ],True,Beta
431569,3,6,labels,4,1-p,1wtl,B,['Q' 'M' 'T' 'Q'],0.95225,-0.067575,-0.016801250167191,0.19342294,0.009195064,0.0035014896427631,[0.9082 1.0922 1.1118 0.6968],[-0.0754 -0.0746 -0.0642 -0.0561],[-0.020343 -0.019081 -0.014914 -0.012867],[0.46141496 0.50692447 0.472491   0.33891065],[0.49156031 0.48638299 0.50007094 0.60631208],[0.46679611 0.46981221 0.47396555 0.47539387],0.4449352696537972,0.5210815792282424,0.4714919353524844,0.0732911533652544,0.0570998597644148,0.0039249666744958,['-102.5' '-109.3' '-103.3' '-115.2'],['127.5' '116.6' '122.5' '137.1'],['' 'E' 'E' 'E'],['P' 'E' 'E' 'E'],-1.2999999999999998,3.25,1.5340577998671805,10.5,-0.55,55.5,[-0.5 -0.5 -3.6 -0.6],[-2 -2 19 -2],-0.325,50.75,0.2217355782608345,50.53958844312051,-0.3,[-0.1 -0.4 -0.6 -0.2],[94 94 -2 17],-1.1,15.25,0.8406346808612327,9.17877987534291,-1.1,18.0,[-1.6 -0.6 -2.  -0.2],[23  2 19 17],-0.35,48.5,0.2081665999466132,53.69978274319801,-0.35,48.0,[-0.6 -0.3 -0.4 -0.1],[ 2 96  2 94],E,1,[0.13421158 0.23012003 0.16316172 0.19586205 0.22306039],True,Beta
432413,175,179,labels,5,1-p,2ol8,O,['T' 'L' 'V' 'V' 'K'],0.88188,-0.05342,-0.007561199972406,0.1821227,0.009624292,0.0033583516260043,[0.8866 1.0642 0.6346 1.047  0.777 ],[-0.0525 -0.067  -0.0557 -0.0518 -0.0401],[-0.010375 -0.010459 -0.005292 -0.008817 -0.002863],[0.4556815  0.42111772 0.44724416 0.40046415 0.38287278],[0.49241138 0.51404258 0.51453902 0.53361704 0.51035464],[0.47511223 0.48548555 0.48635111 0.49057112 0.48409223],0.4214760621388754,0.5129929304122925,0.484322448571523,0.0306832578751307,0.0146578225139184,0.0056876036087967,['-129.9' '-104.9' '-124.3' '-125.3' '-110.6'],['114.6' '134.8' '136.5' '126.3' '142.5'],['E' 'E' 'E' 'E' 'E'],['E' 'E' 'E' 'E' 'E'],-2.16,-0.4,1.0261578825892244,9.262828941527529,-2.5,-2.0,[-3.  -2.5 -2.7 -2.2 -0.4],[ -7  11 -11   7  -2],-0.38,-0.6,0.1095445115010332,3.130495168499705,-0.4,[-0.4 -0.5 -0.4 -0.4 -0.2],[-2 -2 -2 -2  5],-1.8400000000000003,0.4,1.3390294993016398,9.262828941527529,-2.1,2.0,[-2.1 -3.2 -0.6 -3.  -0.3],[ -7  11 -11   7   2],-0.36,2.6,0.0894427190999915,1.3416407864998738,-0.4,2.0,[-0.4 -0.4 -0.4 -0.4 -0.2],[2 2 2 2 5],E,1,[0.12706099 0.20849396 0.15980863 0.19145572 0.21343252],True,Beta
432482,18,23,labels,6,1-p,7amr,H,['V' 'K' 'V' 'S' 'C' 'K'],0.8969333,-0.08493333,-0.0151798332420488,0.15825903,0.0059304875,0.0037929931110247,[0.7335 1.1067 0.9803 0.6873 0.9223 0.9515],[-0.0957 -0.0823 -0.0813 -0.0851 -0.0864 -0.0788],[-0.014613 -0.016515 -0.014143 -0.009822 -0.014513 -0.021473],[0.40481311 0.45941149 0.45188631 0.42185069 0.41715966 0.43300816],[0.42198583 0.45439719 0.46191493 0.45900712 0.46078017 0.49354614],[0.47168167 0.47484946 0.47751112 0.47862334 0.47455111 0.47436834],0.4313549035125308,0.4586052315102684,0.4752641750706567,0.021013071001168,0.0227833305140161,0.0024758843283733,['-129.3' '-120.9' '-90.8' '-111.8' '-144.6' '-91.4'],['140.3' '105.6' '131.9' '160.7' '106.2' '122.7'],['E' 'E' 'E' 'E' 'E' 'E'],['E' 'E' 'E' 'E' 'E' 'E'],-1.55,26.83333333333333,1.0784247771634328,37.96533506590804,-1.5499999999999998,-2.0,[-1.7 -0.3 -2.8 -0.4 -1.4 -2.7],[ 65  -2  61  -2  57 -18],-0.3,19.0,0.1095445115010332,32.55764119219941,-0.3,[-0.3 -0.2 -0.5 -0.2 -0.3 -0.3],[-2 63 -2 59 -2 -2],-1.9,25.5,0.8294576541331088,39.54111783953509,-2.05,29.5,[-2.4 -0.4 -2.2 -1.7 -1.9 -2.8],[ 65   2  61 -14  57 -18],-0.3666666666666666,12.166666666666666,0.1505545305418162,24.903145718295647,-0.3,2.0,[-0.5 -0.2 -0.3 -0.3 -0.6 -0.3],[ 2 63  2  2  2  2],E,1,[0.13685357 0.2336988  0.17090889 0.20565602 0.23155567],True,Beta
433779,462,465,labels,4,1-p,4fk7,A,['K' 'V' 'N' 'L'],0.9541,-0.08195,-0.0141384999733418,0.17620547,0.0046736854,0.006844619772721,[1.0827 0.9887 1.0487 0.6963],[-0.0889 -0.0805 -0.0792 -0.0792],[-0.017525 -0.017847 -0.017305 -0.003877],[0.47548806 0.50821124 0.44527324 0.37914275],[0.42248228 0.46198584 0.46886528 0.42517734],[0.46234945 0.47073501 0.47831722 0.47325722],0.4520288209120433,0.4446276823679607,0.4711647282044093,0.0549691320451566,0.0242040022332096,0.0066690927688264,['-93.1' '-116.4' '-80.6' '-120.2'],['124.6' '112.0' '129.0' '155.7'],['E' 'E' 'E' 'E'],['E' 'E' 'E' 'E'],-2.725,-32.5,0.5377421934967225,22.575798250929395,-2.65,-2.0,[-3.4 -2.9 -2.2 -2.4],[-11 -52 -15 -52],-0.525,-2.0,0.0957427107756337,0.0,-0.55,[-0.6 -0.5 -0.6 -0.4],[-2 -2 -2 -2],-2.675,-31.75,0.1707825127659932,21.17191535974013,-2.6500000000000004,-33.0,[-2.6 -2.5 -2.9 -2.7],[-11 -50 -16 -50],-0.625,-2.25,0.4031128874149275,8.5,-0.5,2.0,[-0.6 -0.4 -1.2 -0.3],[  2   2 -15   2],E,1,[0.12900723 0.21820551 0.15665871 0.18833887 0.21493369],True,Beta
434547,170,174,labels,5,1-p,9fda,J,['M' 'I' 'M' 'V' 'L'],0.88468,-0.05564,-0.0100360000506043,0.114024356,0.0064119413,0.0039337471199758,[0.9923 0.7671 0.9825 0.9219 0.7596],[-0.0496 -0.0486 -0.0588 -0.0575 -0.0637],[-0.015363 -0.007728 -0.010859 -0.011288 -0.004942],[0.3510943  0.44660889 0.43514193 0.4339203  0.34972608],[0.62404259 0.5269504  0.52134756 0.51063834 0.46595748],[0.49020054 0.48113887 0.48340277 0.48495055 0.47937   ],0.4032983014980952,0.5297872742017111,0.4838125447432201,0.0485354805292185,0.0578883955282195,0.004157951363554,['-127.7' '-125.6' '-102.5' '-120.1' '-101.5'],['139.9' '118.9' '142.0' '120.3' '173.0'],['E' 'E' 'E' 'E' 'E'],['E' 'E' 'E' 'E' 'E'],-1.7,-28.4,1.2942179105544784,24.26520142096496,-2.0,-2.0,[-2.  -0.3 -3.1 -0.4 -2.7],[-42  -2 -46  -2 -50],-0.3399999999999999,-19.6,0.151657508881031,24.14125100321025,-0.3,[-0.3 -0.2 -0.5 -0.2 -0.5],[ -2 -44  -2 -48  -2],-1.46,-30.0,0.7536577472566709,22.80350850198276,-1.4,-42.0,[-1.9 -0.4 -1.4 -2.4 -1.2],[-42   2 -46 -14 -50],-0.4600000000000001,-13.8,0.2880972058177586,18.82020191177555,-0.5,-13.0,[-0.5 -0.2 -0.5 -0.9 -0.2],[  2 -44   2 -13 -16],E,1,[0.13325916 0.22489237 0.16741588 0.20093741 0.2261836 ],True,Beta
436124,179,182,labels,4,1-p,9c7x,A,['S' 'S' 'V' 'T'],0.78365004,-0.0723,-0.0084627497708424,0.12725256,0.008458528,0.0031622685797977,[0.6605 0.7471 0.7652 0.9618],[-0.0803 -0.0781 -0.0687 -0.0621],[-0.008524 -0.009364 -0.011771 -0.004192],[0.32996837 0.35391217 0.40298882 0.35086626],[0.4760284  0.47723408 0.49014189 0.46446812],[0.48668722 0.48352277 0.48592945 0.48537833],0.3594339080154896,0.4769681220253309,0.4853794450561206,0.0309254064986208,0.010500030765423,0.0013490763967471,['-154.6' '-115.5' '-138.3' '-119.1'],['136.6' '154.6' '137.9' '124.8'],['E' 'E' 'E' 'E'],['E' 'E' 'E' 'E'],-2.075,-29.5,0.7135591542869215,13.47837774610382,-2.05,-2.0,[-1.7 -2.9 -2.4 -1.3],[-39 -16 -43 -20],-0.3249999999999999,-2.0,0.05,0.0,-0.3,[-0.3 -0.3 -0.3 -0.4],[-2 -2 -2 -2],-1.85,-24.0,1.1676186592091329,21.02379604162864,-2.1500000000000004,-27.5,[-1.6 -2.8 -2.7 -0.3],[-39 -16 -43   2],-0.35,-9.75,0.1290994448735805,23.5,-0.35,2.0,[-0.3 -0.4 -0.5 -0.2],[  2   2   2 -45],E,1,[0.0959906  0.13821734 0.12707817 0.15210784 0.16528202],True,Beta
436966,34,38,labels,5,1-p,6a77,L,['T' 'W' 'Y' 'Q' 'R'],0.80092,-0.082739994,-0.011727799847722,0.11994505,0.0075427457,0.0020572961592239,[0.7132 0.7607 0.6755 0.9133 0.9419],[-0.0744 -0.0881 -0.0925 -0.0817 -0.077 ],[-0.013048 -0.013406 -0.011638 -0.01229  -0.008257],[0.32434891 0.35010071 0.3826936  0.412208   0.40701204],[0.56078017 0.45744683 0.45226953 0.46014189 0.42666671],[0.49635278 0.47883779 0.47925889 0.48211945 0.46883721],0.3752726495265961,0.4714610258738201,0.4810812254746756,0.0375949917068748,0.0516654476762054,0.0099066659847416,['-135.8' '-120.6' '-120.5' '-110.8' '-121.2'],['147.2' '139.2' '145.8' '127.2' '108.3'],['E' 'E' 'E' 'E' 'E'],['E' 'E' 'E' 'E' 'E'],-2.78,34.8,0.8043631020876082,22.432119828495924,-2.8,-2.0,[-1.6 -2.5 -3.3 -2.8 -3.7],[55 13 51  8 47],-0.36,-2.0,0.0894427190999915,0.0,-0.3,[-0.3 -0.3 -0.4 -0.3 -0.5],[-2 -2 -2 -2 -2],-2.56,34.6,0.5079370039680117,22.678183348760545,-2.8,47.0,[-1.7 -2.9 -2.5 -2.8 -2.9],[55 12 51  8 47],-0.5800000000000001,4.2,0.4207136793592526,4.919349550499538,-0.5,2.0,[-0.4 -1.3 -0.5 -0.5 -0.2],[ 2 13  2  2  2],E,1,[0.11048894 0.16897056 0.144972   0.17339343 0.19011871],True,Beta
437675,180,183,labels,4,1-p,8dfi,L,['S' 'Y' 'L' 'S'],0.90435,-0.0785,-0.0127440001815557,0.18449804,0.009122499,0.0046426735217667,[0.7647 0.7282 1.0329 1.0916],[-0.0884 -0.0812 -0.0779 -0.0665],[-0.010106 -0.010946 -0.019686 -0.010238],[0.34949806 0.41140987 0.46465632 0.42592274],[0.4499291  0.46276598 0.4782979  0.45524825],[0.48222833 0.47736777 0.47729444 0.48029776],0.4128717494507631,0.4615603064497312,0.4792970741788547,0.047855099039084,0.0123386623513871,0.002403221235395,['-134.1' '-128.1' '-116.6' '-86.5'],['144.4' '134.0' '112.0' '126.7'],['E' 'E' 'E' 'E'],['E' 'E' 'E' 'E'],-2.575,-31.5,0.3774917217635374,14.617341299520463,-2.6,-2.0,[-2.5 -3.  -2.1 -2.7],[-42 -17 -46 -21],-0.4,-2.0,0.0816496580927726,0.0,-0.4,[-0.3 -0.4 -0.4 -0.5],[-2 -2 -2 -2],-2.075,-25.75,1.2230426539304888,22.51480994071828,-2.45,-29.5,[-3.1 -2.4 -2.5 -0.3],[-42 -17 -46   2],-0.3999999999999999,-10.5,0.1414213562373095,25.0,-0.45,2.0,[-0.4 -0.5 -0.5 -0.2],[  2   2   2 -48],E,1,[0.13949501 0.24110957 0.17356187 0.2092366  0.23659694],True,Beta
439096,3,6,labels,4,l3(10),6l8t,A,['Q' 'L' 'Q' 'E'],0.816,-0.056625,-0.0092094999272376,0.024761926,0.007376259,0.0022806731487661,[0.8174 0.7919 0.805  0.8497],[-0.0501 -0.0534 -0.0671 -0.0559],[-0.009261 -0.005968 -0.010748 -0.010861],[0.37624344 0.39324842 0.39850953 0.41315271],[0.54170217 0.51730501 0.51319153 0.53539011],[0.48639444 0.48556832 0.48467943 0.48929832],0.3952885270118714,0.5268972044189771,0.4864851286013921,0.0152357186053518,0.0137982149331129,0.0020019462734145,['-127.0' '-126.7' '-138.7' '-79.6'],['138.7' '140.9' '118.8' '145.6'],['E' 'E' 'E' 'E'],['E' 'E' 'E' 'E'],-1.375,9.0,1.212091855705114,12.806248474865695,-1.1,18.0,[-2.9 -0.4 -1.8 -0.4],[22 -2 18 -2],-0.225,14.5,0.1258305739211791,11.474609652039003,-0.2,[-0.1 -0.2 -0.4 -0.2],[24 20 -2 16],-1.5,35.75,1.2754084313139329,44.34993423520115,-1.5,20.0,[-2.5 -0.5 -2.7 -0.3],[ 22 101  18   2],-0.3,5.5,0.1154700538379251,7.0,-0.3,2.0,[-0.4 -0.4 -0.2 -0.2],[ 2  2  2 16],E,1,[0.10860228 0.16489247 0.14122256 0.16899752 0.18508763],True,Beta
439203,466,469,labels,4,1-p,3c2u,C,['K' 'V' 'S' 'V'],0.96720004,-0.060175,-0.0090075000771321,0.19941741,0.009986449,0.0054748006576461,[0.6971 0.9374 1.1328 1.1015],[-0.0625 -0.0697 -0.0624 -0.0461],[-0.00565  -0.012577 -0.014641 -0.003162],[0.40272821 0.45074612 0.51661601 0.50399258],[0.49978725 0.50028372 0.51191493 0.48893622],[0.48597499 0.48174    0.48312223 0.4743889 ],0.4685207282503447,0.5002305284142494,0.4813065280516942,0.052332272054265,0.0093859120714453,0.0049373675129903,['-140.4' '-119.5' '-116.9' '-95.8'],['137.0' '135.1' '107.8' '123.4'],['E' 'E' 'E' 'E'],['E' 'E' 'E' 'E'],-2.7750000000000004,-33.0,0.25,48.55237721608833,-2.75,-2.0,[-2.5 -3.1 -2.7 -2.8],[ 11 -73   7 -77],-0.45,-2.0,0.0999999999999999,0.0,-0.4,[-0.4 -0.4 -0.4 -0.6],[-2 -2 -2 -2],-2.1,-33.0,0.5887840577551898,48.55237721608833,-2.1,-33.0,[-2.7 -2.5 -1.5 -1.7],[ 11 -73   7 -77],-0.45,2.0,0.1290994448735805,0.0,-0.45,2.0,[-0.4 -0.6 -0.5 -0.3],[2 2 2 2],E,1,[0.11591227 0.18812839 0.13989703 0.16818206 0.19206753],True,Beta
439916,95,99,labels,5,1-p,6iea,L,['Y' 'C' 'M' 'I' 'W'],0.83558,-0.08078001,-0.0116667998488992,0.19389278,0.0074760974,0.0047314805071065,[0.7551 0.9427 0.6361 0.7249 1.1191],[-0.0825 -0.0842 -0.0676 -0.086  -0.0836],[-0.012471 -0.014283 -0.003828 -0.016205 -0.011547],[0.40626279 0.38015263 0.37523357 0.40396613 0.40378696],[0.46312059 0.47212769 0.46964543 0.47007096 0.44361706],[0.47856112 0.48301001 0.48093555 0.48245555 0.46993723],0.3938804149627685,0.4637163440386455,0.4789798935254415,0.0149109112739037,0.0117326698945951,0.0053406903936827,['-117.7' '-95.2' '-150.6' '-129.1' '-132.4'],['135.5' '159.3' '141.2' '163.6' '76.5'],['E' 'E' 'E' 'E' ''],['E' 'E' 'E' 'E' ''],-1.56,-35.6,1.0830512453249848,35.039977168942336,-2.1,-2.0,[-2.7 -0.4 -2.1 -2.2 -0.4],[-57  -2 -61   7 -65],-0.3,-13.4,0.0707106781186547,25.491174943497604,-0.3,[-0.4 -0.2 -0.3 -0.3 -0.3],[ -2 -59  -2  -2  -2],-2.34,-19.0,1.2340988615179902,36.60601043544625,-2.7,5.0,[-3.  -3.3 -2.7 -2.5 -0.2],[-57  11 -61   7   5],-0.24,-24.4,0.0894427190999915,36.15660382281499,-0.3,2.0,[-0.3 -0.3 -0.3 -0.1 -0.2],[  2   2   2 -63 -65],E,1,[0.13425231 0.22335054 0.17295436 0.20815102 0.22968587],True,Beta
440674,137,140,labels,4,1-p,2bek,B,['V' 'V' 'V' 'P'],1.01285,-0.085575,-0.0185105002019554,0.19243526,0.007785189,0.0043125540123727,[0.7471 1.133  0.9978 1.1735],[-0.0777 -0.0819 -0.0869 -0.0958],[-0.012947 -0.019577 -0.023366 -0.018152],[0.36321279 0.46876097 0.53821428 0.49527833],[0.54567378 0.46347521 0.45063832 0.42914897],[0.4800389  0.46895    0.46605833 0.46486333],0.4663665903111299,0.472234070301056,0.4699776420990627,0.0744858338484194,0.0509666892675669,0.0069234418365108,['-128.6' '-107.5' '-107.3' '-74.0'],['130.2' '122.9' '102.7' '128.6'],['E' 'E' 'E' 'E'],['E' 'E' 'E' 'E'],-1.7000000000000002,-15.25,1.2569805089976536,76.80874516181952,-2.05,-2.0,[-1.5 -2.7 -2.6  0. ],[  33 -128   34    0],-0.3249999999999999,-1.5,0.25,1.0,-0.35,[-0.3 -0.4 -0.6  0. ],[-2 -2 -2  0],-1.575,-13.25,0.8139410298049853,76.80874516181952,-1.75,18.5,[-2.1 -1.4 -2.3 -0.5],[  35 -126   36    2],-0.625,27.5,0.7847504911329036,17.0,-0.25,36.0,[-1.8 -0.2 -0.3 -0.2],[36 36  2 36],E,1,[0.11876885 0.1954966  0.14057264 0.16740692 0.19195234],True,Beta
440875,58,61,labels,4,1-p,8jca,A,['R' 'K' 'V' 'T'],0.843,-0.07015,-0.0094767500413581,0.1944656,0.00794502,0.0017813560088385,[0.6119 1.0431 0.7597 0.9573],[-0.0615 -0.0779 -0.0654 -0.0758],[-0.007671 -0.011876 -0.009584 -0.008776],[0.39901448 0.39331358 0.44957337 0.37406081],[0.50595747 0.49304967 0.48290783 0.48496457],[0.48636501 0.48381612 0.48320222 0.47630333],0.4039905592799186,0.4917198866605758,0.4824216688672702,0.0322094274107674,0.0104524933788925,0.0043026258688624,['-142.3' '-102.6' '-130.7' '-104.3'],['145.8' '132.6' '136.9' '128.2'],['E' 'E' 'E' 'E'],['E' 'E' 'E' 'E'],-1.275,3.5,1.096585609973065,6.557438524302,-1.15,1.5,[-1.9 -0.3 -2.5 -0.4],[11 -2  7 -2],-0.35,2.5,0.1290994448735805,5.446711546122731,-0.35,[-0.4 -0.2 -0.5 -0.3],[-2  9 -2  5],-1.925,5.5,1.765172323976708,4.358898943540674,-1.85,4.5,[-3.3 -0.4 -3.6 -0.4],[11  2  7  2],-0.35,4.5,0.1732050807568877,3.3166247903554,-0.35,3.5,[-0.5 -0.2 -0.5 -0.2],[2 9 2 5],E,1,[0.12876149 0.2116694  0.16527646 0.19834937 0.22025597],True,Beta
442179,161,164,labels,4,1-p,8vzb,B,['Y' 'L' 'D' 'M'],0.93705,-0.088075,-0.0161020003724843,0.14492567,0.0074865995,0.0047187539352573,[0.748  0.9112 1.0864 1.0026],[-0.0782 -0.088  -0.0898 -0.0963],[-0.009139 -0.018055 -0.019595 -0.017619],[0.40210925 0.44721156 0.48868156 0.47563464],[0.45773052 0.45673762 0.44390073 0.41631208],[0.47874279 0.47400612 0.469295   0.45385998],0.4534092545509339,0.4436702380577724,0.468975971142451,0.0383327802564764,0.0192956817506269,0.0107902408754688,['-128.9' '-118.7' '-95.9' '-115.7'],['131.4' '125.6' '121.3' '95.6'],['E' 'E' 'E' 'E'],['E' 'E' 'E' 'E'],-2.475,-45.5,0.3774917217635374,17.897858344878397,-2.5,-2.0,[-2.  -2.6 -2.4 -2.9],[-30 -61 -30 -61],-0.475,-2.0,0.0957427107756337,0.0,-0.45,[-0.4 -0.4 -0.5 -0.6],[-2 -2 -2 -2],-2.275,-43.5,0.45,17.897858344878397,-2.15,-43.5,[-2.  -2.3 -2.9 -1.9],[-28 -59 -28 -59],-0.35,-20.75,0.2380476142847616,29.159046623646667,-0.35,-13.0,[-0.5 -0.6 -0.2 -0.1],[  2   2 -59 -28],E,1,[0.12643824 0.21189525 0.15475629 0.18673017 0.21285285],True,Beta
444789,127,130,labels,4,1-p,2cis,A,['I' 'L' 'T' 'V'],1.0371001,-0.057450004,-0.0100912500638514,0.009892462,0.0041056876,0.0025250641856312,[1.0234 1.0462 1.0419 1.0369],[-0.0537 -0.0608 -0.0612 -0.0541],[-0.008324 -0.012282 -0.012237 -0.007522],[0.47592785 0.50681047 0.5090094  0.48214998],[0.51985818 0.51368797 0.51340427 0.51425534],[0.48441388 0.48175388 0.48219944 0.48272833],0.4934744238853455,0.5153014411528906,0.4827738826473554,0.0168850118729802,0.0030583630122487,0.0011636252073543,['-127.9' '-100.4' '-115.6' '-116.5'],['117.5' '129.6' '124.5' '125.3'],['E' 'E' 'E' 'E'],['E' 'E' 'E' 'E'],-2.525,-6.0,0.1707825127659934,22.06052281036573,-2.55,-2.0,[-2.3 -2.7 -2.6 -2.5],[ 15 -23  11 -27],-0.45,-2.0,0.0577350269189625,0.0,-0.45,[-0.4 -0.4 -0.5 -0.5],[-2 -2 -2 -2],-2.45,-6.0,0.5196152422706632,22.06052281036573,-2.25,-6.0,[-2.1 -2.4 -3.2 -2.1],[ 15 -23  11 -27],-0.5,2.0,0.0,0.0,-0.5,2.0,[-0.5 -0.5 -0.5 -0.5],[2 2 2 2],E,1,[0.09702695 0.14797472 0.1137709  0.13512561 0.15482615],True,Beta
445702,123,126,labels,4,1-p,5jqm,C,['A' 'D' 'S' 'R'],0.99310005,-0.049825,-0.0072417500778101,0.1623659,0.00946586,0.0028419691615312,[1.102  1.1263 0.7716 0.9725],[-0.0611 -0.0482 -0.0382 -0.0518],[-0.01061  -0.00815  -0.003896 -0.006311],[0.5061589  0.4886327  0.46753936 0.41269667],[0.50007092 0.53368795 0.5402837  0.53014187],[0.47937831 0.48741332 0.48980166 0.48918722],0.4687569066882134,0.5260461096962294,0.4864451264341673,0.0405717007372318,0.0178193942879594,0.0048188039338335,['-112.0' '-106.4' '-113.5' '-134.4'],['111.7' '119.5' '142.0' '130.8'],['E' 'E' 'E' 'E'],['E' 'E' 'E' 'E'],-2.75,-65.5,0.2886751345948128,58.35808998473705,-2.75,-2.0,[-3.  -2.5 -3.  -2.5],[-114  -13 -118  -17],-0.525,-2.0,0.0957427107756337,0.0,-0.55,[-0.5 -0.6 -0.6 -0.4],[-2 -2 -2 -2],-2.45,-65.5,0.2645751311064589,58.35808998473705,-2.4,-65.5,[-2.5 -2.3 -2.2 -2.8],[-114  -13 -118  -17],-0.4499999999999999,2.0,0.0999999999999999,0.0,-0.4,2.0,[-0.6 -0.4 -0.4 -0.4],[2 2 2 2],E,1,[0.10432395 0.16416695 0.12432922 0.14932764 0.17199349],True,Beta
445925,21,24,labels,4,1-p,5i8o,L,['I' 'N' 'C' 'Q'],0.86155,-0.0726,-0.0096514999167993,0.12872355,0.0076092035,0.0028199256488961,[0.951  0.6709 0.9012 0.9231],[-0.0808 -0.0724 -0.0625 -0.0747],[-0.012573 -0.008446 -0.006304 -0.011283],[0.40435704 0.41097008 0.40642565 0.43028802],[0.46836882 0.48531918 0.48964542 0.48609932],[0.48069777 0.48482055 0.48553721 0.47503445],0.4130101973811785,0.4823581849535306,0.4815224955479304,0.0118450906494866,0.0095143712539269,0.0048225200419459,['-116.4' '-112.3' '-128.1' '-122.6'],['130.0' '142.9' '130.6' '122.5'],['E' 'E' 'E' 'E'],['E' 'E' 'E' 'E'],-2.825,17.5,0.45,39.90405159045048,-2.8,-2.0,[-2.8 -3.4 -2.8 -2.3],[ 54 -15  50 -19],-0.425,-2.0,0.0499999999999999,0.0,-0.4,[-0.5 -0.4 -0.4 -0.4],[-2 -2 -2 -2],-2.725,17.5,0.3403429642777024,39.90405159045048,-2.6500000000000004,17.5,[-2.6 -2.4 -2.7 -3.2],[ 54 -15  50 -19],-0.4,2.0,0.0816496580927726,0.0,-0.4,2.0,[-0.4 -0.4 -0.5 -0.3],[2 2 2 2],E,1,[0.15120696 0.24091408 0.18424536 0.20820288 0.21543072],True,Beta
445939,180,183,labels,4,1-p,5i8o,L,['S' 'T' 'L' 'T'],0.985925,-0.075075,-0.0138214997714385,0.10311372,0.009296727,0.0047864118685489,[0.9407 0.9041 1.1363 0.9626],[-0.0826 -0.0783 -0.0779 -0.0615],[-0.013521 -0.014588 -0.019417 -0.00776 ],[0.43660788 0.4855705  0.48913764 0.43020657],[0.46397167 0.4689362  0.48390074 0.46255321],[0.47787668 0.47359668 0.47679723 0.47873334],0.4603806460897128,0.4698404570420584,0.476750984787941,0.0312895776428749,0.0097648287974737,0.0022471238218183,['-119.7' '-114.1' '-95.0' '-107.3'],['129.8' '118.9' '122.4' '122.1'],['E' 'E' 'E' 'E'],['E' 'E' 'E' 'E'],-2.85,-32.5,0.3316624790355399,14.617341299520463,-2.8,-2.0,[-2.8 -2.8 -3.3 -2.5],[-43 -18 -47 -22],-0.525,-2.0,0.0957427107756337,0.0,-0.55,[-0.4 -0.5 -0.6 -0.6],[-2 -2 -2 -2],-1.925,-26.5,1.2120918557051137,22.92742171869019,-2.25,-30.5,[-2.8 -1.7 -2.9 -0.3],[-43 -18 -47   2],-0.475,-10.75,0.1892969448600091,25.5,-0.55,2.0,[-0.6 -0.6 -0.5 -0.2],[  2   2   2 -49],E,1,[0.12519349 0.21037358 0.1498078  0.17964915 0.2059605 ],True,Beta
447109,159,163,labels,5,1-p,4f4f,A,['D' 'I' 'F' 'I' 'L'],0.94321996,-0.054799996,-0.0107623998075723,0.13041832,0.0058279494,0.0052816272722567,[1.0283 0.7317 1.0274 0.9008 1.0279],[-0.0543 -0.0573 -0.0462 -0.054  -0.0622],[-0.018652 -0.011143 -0.004587 -0.01182  -0.00761 ],[0.34264068 0.45402008 0.43325249 0.48149844 0.39157073],[0.63943265 0.526383   0.52659577 0.5231206  0.48411351],[0.48511888 0.4808989  0.48469445 0.48665723 0.48327945],0.4205964863300323,0.5399291078249614,0.4841297805309296,0.0545572199214297,0.0584382918881433,0.0021706479745163,['-126.3' '-119.5' '-125.1' '-117.7' '-97.4'],['137.8' '133.7' '119.0' '124.8' '131.6'],['E' 'E' 'E' 'E' 'E'],['E' 'E' 'E' 'E' 'E'],-2.22,-5.4,0.6610597552415365,26.83840531775314,-2.6,-2.0,[-1.2 -2.7 -2.6 -1.9 -2.7],[-25  24 -25  24 -25],-0.42,-2.0,0.0836660026534075,0.0,-0.4,[-0.3 -0.4 -0.4 -0.5 -0.5],[-2 -2 -2 -2 -2],-2.56,-3.4,0.4560701700396552,26.83840531775314,-2.3,-23.0,[-3.  -2.3 -2.1 -3.1 -2.3],[-23  26 -23  26 -23],-0.42,6.8,0.1303840481040529,10.73312629199899,-0.5,2.0,[-0.4 -0.5 -0.5 -0.5 -0.2],[ 2  2  2  2 26],E,1,[0.11267753 0.17937119 0.13760824 0.16485668 0.18693109],True,Beta
448050,125,129,labels,5,1-p,5dlb,A,['V' 'V' 'A' 'L' 'R'],0.98480004,-0.04986,-0.0091874002479016,0.04870997,0.0092286505,0.0049566979775822,[0.9337 0.9329 1.0109 1.0067 1.0398],[-0.0611 -0.0579 -0.0421 -0.0407 -0.0475],[-0.015969 -0.012776 -0.00556  -0.007142 -0.00449 ],[0.36686138 0.46869584 0.4805863  0.4979985  0.44170613],[0.59787238 0.52404257 0.53851068 0.54588656 0.50751778],[0.48502999 0.48094166 0.48584556 0.49044889 0.47762889],0.4511696298917135,0.5427659928798676,0.4839789966742198,0.0513879594116871,0.034123166518043,0.0048989146545844,['-127.8' '-109.7' '-111.4' '-131.3' '-103.8'],['132.1' '127.4' '130.7' '112.8' '126.2'],['E' 'E' 'E' 'E' 'E'],['E' 'E' 'E' 'E' 'E'],-2.78,-5.4,0.4658325879540845,13.520355024924458,-2.8,-2.0,[-2.8 -3.1 -2.6 -2.1 -3.3],[-11  11 -15   7 -19],-0.4599999999999999,-2.0,0.1140175425099137,0.0,-0.5,[-0.3 -0.4 -0.6 -0.5 -0.5],[-2 -2 -2 -2 -2],-2.3400000000000003,-5.4,0.2073644135332772,13.520355024924458,-2.4,-11.0,[-2.5 -2.5 -2.  -2.3 -2.4],[-11  11 -15   7 -19],-0.54,2.0,0.0547722557505166,0.0,-0.5,2.0,[-0.6 -0.5 -0.5 -0.6 -0.5],[2 2 2 2 2],E,1,[0.10818882 0.17061376 0.12967637 0.15470536 0.1763902 ],True,Beta
451679,406,409,labels,4,1-p,6pol,F,['E' 'C' 'K' 'N'],0.84595,-0.10765,-0.0215535005554556,0.15215226,0.008971993,0.0044365001869966,[0.724  0.9607 0.7057 0.9934],[-0.1093 -0.1028 -0.099  -0.1195],[-0.028155 -0.019843 -0.018569 -0.019647],[0.34834157 0.3893555  0.43323618 0.37282288],[0.52680853 0.4176596  0.41042556 0.39510642],[0.48085054 0.46301833 0.467745   0.463375  ],0.3859390330811342,0.4375000298023224,0.4687472159663837,0.0357505023522545,0.0602768482664666,0.0083501632475955,['-122.6' '-88.3' '-122.6' '-84.9'],['130.9' '130.1' '134.7' '118.7'],['E' 'E' 'E' 'E'],['E' 'E' 'E' 'E'],-1.5750000000000002,3.5,1.3622897391279631,6.557438524302,-1.5,1.5,[-2.6 -0.4 -2.9 -0.4],[11 -2  7 -2],-0.275,2.5,0.0957427107756338,5.446711546122731,-0.25,[-0.3 -0.2 -0.4 -0.2],[-2  9 -2  5],-1.2,6.25,1.0456258094238748,3.774917217635375,-1.2,6.0,[-2.  -0.4 -2.2 -0.2],[11  2  7  5],-0.35,3.75,0.1914854215512676,3.5,-0.3,2.0,[-0.4 -0.2 -0.6 -0.2],[2 9 2 2],E,1,[0.10414952 0.15692522 0.13335044 0.15937051 0.17626079],True,Beta
452225,188,191,labels,4,1-p,5myk,B,['S' 'S' 'V' 'T'],0.769575,-0.076,-0.0086557499598711,0.1057638,0.008080018,0.0022614631761436,[0.7116 0.7217 0.7169 0.9281],[-0.0833 -0.0667 -0.0718 -0.0822],[-0.009757 -0.005906 -0.011094 -0.007866],[0.33057104 0.35023102 0.3854952  0.34842303],[0.46730499 0.48099294 0.48177309 0.44106387],[0.48610778 0.48513499 0.48618556 0.48185001],0.353680070489645,0.4677837242682776,0.4848195835947991,0.0229910280839551,0.0190119743877342,0.0020365979110964,['-143.1' '-120.7' '-140.3' '-123.4'],['136.3' '153.6' '146.4' '127.2'],['E' 'E' 'E' 'E'],['E' 'E' 'E' 'E'],-1.725,-25.0,0.9945685831890462,19.40790217067952,-2.05,-2.0,[-1.8 -2.3 -2.5 -0.3],[-39 -16 -43  -2],-0.2749999999999999,-12.75,0.0499999999999999,21.5,-0.3,[-0.3 -0.3 -0.3 -0.2],[ -2  -2  -2 -45],-1.95,-35.75,1.19582607431014,13.400870618483465,-2.35,-41.0,[-2.3 -2.4 -2.9 -0.2],[-39 -16 -43 -45],-0.325,-3.5,0.1258305739211791,11.0,-0.3,2.0,[-0.3 -0.3 -0.5 -0.2],[  2   2   2 -20],E,1,[0.086648   0.12133224 0.11632933 0.14100018 0.15435402],True,Beta
452243,156,159,labels,4,1-p,1f2j,A,['K' 'W' 'R' 'N'],0.80740005,-0.06452501,-0.0074532500002533,0.1313888,0.006903804,0.001111544771314,[0.6388 0.8869 0.7711 0.9328],[-0.066  -0.0621 -0.0568 -0.0732],[-0.006909 -0.00901  -0.00646  -0.007434],[0.34984011 0.37410968 0.42199727 0.37443543],[0.48070926 0.50716316 0.50205677 0.47773052],[0.48474111 0.48756722 0.48727555 0.48618054],0.38009562343359,0.4919149279594422,0.4864411056041718,0.0302159617287916,0.0148563078340105,0.0012809235900087,['-137.0' '-141.9' '-108.9' '-114.8'],['140.5' '122.4' '128.6' '150.1'],['E' 'E' 'E' 'E'],['E' 'E' 'E' 'E'],-1.75,8.25,1.0661457061146318,37.86269051894402,-1.7999999999999998,-2.0,[-1.9 -1.7 -0.4 -3. ],[-41  38  -2  38],-0.3249999999999999,8.0,0.1707825127659933,20.0,-0.35,[-0.3 -0.4 -0.1 -0.5],[-2 -2 38 -2],-1.775,10.75,1.0372238588334408,37.69504830434187,-2.05,21.0,[-2.2 -1.9 -0.3 -2.7],[-39  40   2  40],-0.475,-18.0,0.3862210075418822,23.094010767585036,-0.4,-18.0,[-1.  -0.5 -0.1 -0.3],[-38   2 -38   2],E,1,[0.10549552 0.15899006 0.13809376 0.16624112 0.18259989],True,Beta
452428,185,188,labels,4,1-p,8fzo,B,['S' 'T' 'L' 'T'],1.0654,-0.071075,-0.0138034997507929,0.1363989,0.0074473154,0.0053875789469356,[1.1817 0.8994 1.1724 1.0081],[-0.0726 -0.072  -0.0788 -0.0609],[-0.012874 -0.014939 -0.020216 -0.007185],[0.47576495 0.52993983 0.50166335 0.43828556],[0.48035464 0.47985818 0.48815606 0.46156032],[0.47837166 0.47331722 0.47647777 0.47877   ],0.486413422971964,0.477482299009959,0.4767341613769532,0.0389734485137117,0.0112743627807881,0.0024877890812404,['-119.8' '-115.3' '-92.9' '-113.4'],['121.8' '116.8' '122.2' '116.9'],['E' 'E' 'E' 'E'],['E' 'E' 'E' 'E'],-2.6500000000000004,-32.5,0.2081665999466132,14.617341299520463,-2.6500000000000004,-2.0,[-2.6 -2.7 -2.9 -2.4],[-43 -18 -47 -22],-0.5,-2.0,0.1154700538379251,0.0,-0.5,[-0.4 -0.4 -0.6 -0.6],[-2 -2 -2 -2],-1.9,-26.5,1.188836966675134,22.92742171869019,-2.2,-30.5,[-2.9 -1.7 -2.7 -0.3],[-43 -18 -47   2],-0.4999999999999999,-10.75,0.1999999999999999,25.5,-0.6,2.0,[-0.6 -0.6 -0.6 -0.2],[  2   2   2 -49],E,1,[0.0950652  0.14461425 0.11016203 0.13087682 0.15032249],True,Beta
454160,219,222,labels,4,1-p,5i7n,A,['H' 'H' 'T' 'R'],0.83587503,-0.098924994,-0.0156807496678084,0.121533096,0.009627521,0.001159939525619,[0.6973 0.9202 0.9539 0.7721],[-0.1131 -0.0968 -0.093  -0.0928],[-0.013942 -0.016203 -0.016304 -0.016274],[0.37726961 0.41883734 0.43102098 0.41860929],[0.38787238 0.42347522 0.43787238 0.43971636],[0.46389778 0.47419501 0.47289946 0.47745612],0.4114343027273814,0.4222340832153957,0.4721120943625768,0.0235028342561818,0.0240309070858848,0.0058020690393542,['-134.9' '-103.1' '-111.4' '-99.3'],['138.1' '125.9' '131.0' '143.9'],['E' 'E' 'E' 'E'],['E' 'E' 'E' 'E'],-1.35,40.5,1.1030261405182866,49.10193478876367,-1.15,38.5,[-1.8 -0.4 -2.7 -0.5],[85 -2 81 -2],-0.25,39.5,0.1732050807568877,47.94788837894741,-0.2,[-0.1 -0.2 -0.5 -0.2],[-2 83 -2 79],-1.7000000000000002,42.5,1.449137674618944,46.7938742429676,-1.65,41.5,[-3.1 -0.5 -2.8 -0.4],[85  2 81  2],-0.3,41.5,0.1414213562373095,45.6398948289761,-0.25,40.5,[-0.5 -0.2 -0.3 -0.2],[ 2 83  2 79],E,1,[0.11382881 0.17787573 0.14671325 0.17692601 0.19579692],True,Beta
456980,20,23,labels,4,1-p,9ua9,G,['L' 'T' 'C' 'T'],0.83335,-0.076024994,-0.0118754996219649,0.11936841,0.009913417,0.0049309215481347,[0.7324 0.7317 0.9638 0.9055],[-0.0625 -0.0843 -0.0825 -0.0748],[-0.004859 -0.012079 -0.014802 -0.015762],[0.37562449 0.39546364 0.42365868 0.43496276],[0.49659578 0.47567378 0.46695038 0.48021278],[0.48777    0.48236666 0.47630944 0.47697333],0.4074273904164633,0.4798581798871358,0.4808548589547476,0.0269332961146653,0.0124417782897007,0.0053488881156865,['-129.2' '-133.1' '-112.8' '-111.7'],['150.4' '134.5' '125.8' '129.9'],['E' 'E' 'E' 'E'],['E' 'E' 'E' 'E'],-2.65,21.5,0.1914854215512676,43.3628104870214,-2.6,-2.0,[-2.7 -2.5 -2.9 -2.5],[ 61 -14  57 -18],-0.4,-2.0,0.0816496580927726,0.0,-0.4,[-0.4 -0.3 -0.4 -0.5],[-2 -2 -2 -2],-1.975,21.5,0.4031128874149275,43.3628104870214,-2.0,21.5,[-2.4 -1.5 -2.2 -1.8],[ 61 -14  57 -18],-0.425,2.0,0.0499999999999999,0.0,-0.4,2.0,[-0.4 -0.5 -0.4 -0.4],[2 2 2 2],E,1,[0.12695765 0.20786672 0.16395334 0.19760736 0.219646  ],True,Beta
457388,334,337,labels,4,1-p,8zcr,A,['A' 'V' 'V' 'I'],0.941925,-0.0729,-0.0124630001373589,0.14022332,0.007603072,0.0048885024076129,[0.75   0.9758 0.9557 1.0862],[-0.0663 -0.0838 -0.0698 -0.0717],[-0.007853 -0.01737  -0.015942 -0.008687],[0.4105466  0.43677076 0.49153202 0.40494342],[0.48666669 0.48234045 0.47851066 0.46049648],[0.48187389 0.47713055 0.47666723 0.48012834],0.4359481980403265,0.4770035669207574,0.4789500012993812,0.0395675592700041,0.011498023026026,0.0024805283205269,['-130.2' '-111.4' '-102.2' '-103.8'],['134.6' '126.5' '119.6' '132.4'],['E' 'E' 'E' 'E'],['E' 'E' 'E' 'E'],-2.8750000000000004,-98.5,0.5377421934967225,89.5190854883285,-2.95,-2.0,[-2.2 -2.7 -3.2 -3.4],[ -19 -174  -23 -178],-0.475,-2.0,0.0957427107756337,0.0,-0.45,[-0.4 -0.4 -0.5 -0.6],[-2 -2 -2 -2],-2.475,-99.0,0.3095695936834451,89.53584012375529,-2.4,-99.0,[-2.5 -2.2 -2.3 -2.9],[ -19 -174  -24 -179],-1.0750000000000002,-49.25,0.6551081335677849,86.63861725581728,-0.95,-10.5,[-0.5 -0.6 -1.3 -1.9],[   2    2  -23 -178],E,1,[0.13307568 0.22738051 0.16254032 0.19557306 0.22271863],True,Beta
457449,257,260,labels,4,1-p,1rwl,A,['V' 'V' 'K' 'L'],0.859075,-0.0941,-0.0152529999613761,0.14458996,0.008833647,0.0049872408544002,[1.0367 0.7784 0.7107 0.9105],[-0.1072 -0.0915 -0.0894 -0.0883],[-0.021722 -0.015109 -0.009566 -0.014615],[0.3555736  0.41140988 0.39085404 0.4002361 ],[0.5053901  0.43397166 0.44737593 0.47567379],[0.48289721 0.47422388 0.47817221 0.47964832],0.3895184062421322,0.4656028722723325,0.4787354071935018,0.0241394532466478,0.0317133067222869,0.0035974565626889,['-113.9' '-112.7' '-126.0' '-135.3'],['128.7' '149.4' '140.0' '117.2'],['E' 'E' 'E' 'E'],['E' 'E' 'E' 'E'],-2.0,-126.0,1.1430952132988166,132.8106421438684,-2.3,-2.0,[-0.4 -2.  -3.  -2.6],[-239   -9 -243  -13],-0.375,-2.0,0.05,0.0,-0.4,[-0.3 -0.4 -0.4 -0.4],[-2 -2 -2 -2],-2.4250000000000003,-126.0,0.3095695936834452,132.8106421438684,-2.5,-126.0,[-2.6 -2.7 -2.  -2.4],[-239   -9 -243  -13],-0.35,2.0,0.1,0.0,-0.4,2.0,[-0.4 -0.4 -0.4 -0.2],[2 2 2 2],E,1,[0.12693425 0.20948031 0.1616659  0.19475299 0.21847422],True,Beta
458703,179,182,labels,4,1-p,1zan,H,['S' 'S' 'V' 'T'],0.83377504,-0.068575,-0.0082384999841451,0.1569964,0.008243128,0.0034131768282502,[0.8965 0.6785 0.7358 1.0243],[-0.0584 -0.0654 -0.0745 -0.076 ],[-0.006636 -0.005654 -0.013242 -0.007422],[0.39098435 0.37639003 0.39720648 0.352772  ],[0.49460995 0.49765959 0.48517733 0.43943265],[0.48655777 0.48581554 0.48537888 0.48428777],0.3793382123112678,0.4792198811968168,0.485509991645813,0.0197430394094893,0.0270517538377728,0.0009490741224098,['-130.0' '-123.2' '-137.9' '-114.6'],['132.7' '156.4' '138.1' '124.9'],['E' 'E' 'E' 'E'],['E' 'E' 'E' 'E'],-2.325,-29.5,0.8845903006477067,13.47837774610382,-2.2,-2.0,[-2.  -3.5 -2.4 -1.4],[-39 -16 -43 -20],-0.375,-2.0,0.05,0.0,-0.4,[-0.4 -0.4 -0.3 -0.4],[-2 -2 -2 -2],-1.975,-35.75,1.2010412149464311,13.400870618483465,-2.45,-41.0,[-2.3 -2.8 -2.6 -0.2],[-39 -16 -43 -45],-0.3,1.0,0.2160246899469286,2.0,-0.35,2.0,[-0.3 -0.4 -0.5 -0. ],[ 2  2  2 -2],E,1,[0.12116591 0.19393671 0.15634094 0.18842154 0.20840513],True,Beta
460133,29,33,labels,5,1-p,1dyz,A,['F' 'T' 'M' 'H' 'L'],0.86016005,-0.0789,-0.0121182000264525,0.13313442,0.009516565,0.0023951280371039,[0.7426 0.6906 0.9789 0.9495 0.9392],[-0.0882 -0.0841 -0.0836 -0.0739 -0.0647],[-0.011089 -0.012348 -0.014431 -0.014131 -0.008592],[0.29833651 0.39289009 0.42659058 0.4670833  0.44892184],[0.52936172 0.45680853 0.46695038 0.48070924 0.49936172],[0.49134443 0.47896222 0.47727222 0.47935888 0.47889443],0.4067644615968069,0.4866383194923401,0.481166438261668,0.0666291998890769,0.0287217682858207,0.0057455267732863,['-141.7' '-123.9' '-111.7' '-109.4' '-115.6'],['144.6' '133.7' '126.0' '130.8' '128.1'],['E' 'E' 'E' 'E' 'E'],['E' 'E' 'E' 'E' 'E'],-2.68,27.6,0.6099180272790763,49.92294061851726,-2.6,-2.0,[-2.  -2.2 -3.2 -2.6 -3.4],[ 68 -27  64 -27  60],-0.4,-2.0,0.1,0.0,-0.4,[-0.3 -0.3 -0.4 -0.5 -0.5],[-2 -2 -2 -2 -2],-2.42,28.4,0.4086563348340509,48.82929448599477,-2.3,60.0,[-2.8 -2.  -2.3 -2.9 -2.1],[ 68 -25  64 -25  60],-0.4399999999999999,2.0,0.0547722557505166,0.0,-0.4,2.0,[-0.4 -0.5 -0.5 -0.4 -0.4],[2 2 2 2 2],E,1,[0.14206245 0.23827539 0.17969543 0.2100905  0.22987624],True,Beta
460997,187,190,labels,4,1-p,1f3d,H,['S' 'S' 'V' 'T'],0.79104996,-0.072975,-0.0086745000444352,0.09716452,0.0022954654,0.0026782612138652,[0.746  0.729  0.7532 0.936 ],[-0.0751 -0.0702 -0.072  -0.0746],[-0.008343 -0.007023 -0.012557 -0.006775],[0.34755974 0.36293589 0.39388367 0.34159823],[0.47624116 0.48418442 0.48453903 0.44602838],[0.48636777 0.48448722 0.48535834 0.48424167],0.36149438098073,0.4727482497692108,0.4851137499014537,0.0233892769557437,0.0182205050761274,0.000963579354286,['-142.3' '-123.7' '-137.1' '-116.5'],['139.1' '151.7' '138.8' '127.3'],['E' 'E' 'E' 'E'],['E' 'E' 'E' 'E'],-2.1,-29.5,0.627162924074226,13.47837774610382,-2.25,-2.0,[-1.9 -2.6 -2.6 -1.3],[-39 -16 -43 -20],-0.35,-2.0,0.0577350269189625,0.0,-0.35,[-0.3 -0.4 -0.3 -0.4],[-2 -2 -2 -2],-1.975,-35.75,1.2010412149464311,13.400870618483465,-2.45,-41.0,[-2.3 -2.6 -2.8 -0.2],[-39 -16 -43 -45],-0.3,1.0,0.2160246899469286,2.0,-0.35,2.0,[-0.3 -0.4 -0.5 -0. ],[ 2  2  2 -2],E,1,[0.10761753 0.16206406 0.14191224 0.16998275 0.18514144],True,Beta
461591,105,108,labels,4,1-p,6wjo,A,['A' 'V' 'L' 'R'],0.997625,-0.07625,-0.0173842499498277,0.13995111,0.00486107,0.0065674657800849,[1.2061 0.915  0.9181 0.9513],[-0.0721 -0.0817 -0.079  -0.0722],[-0.024426 -0.020545 -0.015264 -0.009302],[0.44677177 0.495034   0.45353142 0.37738362],[0.57070924 0.47319152 0.4731206  0.44815606],[0.48399609 0.46653609 0.47493833 0.47998056],0.4431802034378052,0.4912943542003631,0.4763627698024114,0.0487785940833923,0.0542390828801182,0.0075265880401229,['-93.5' '-106.8' '-106.6' '-103.9'],['131.6' '122.2' '128.4' '131.0'],['E' 'E' 'E' 'E'],['E' 'E' 'E' 'E'],-2.675,12.5,0.3500000000000001,24.93324420661432,-2.65,-2.0,[-3.1 -2.5 -2.8 -2.3],[ 36  -7  32 -11],-0.525,-2.0,0.0499999999999999,0.0,-0.5,[-0.5 -0.5 -0.6 -0.5],[-2 -2 -2 -2],-2.6,12.25,0.4830458915396478,25.25041253788408,-2.45,12.5,[-3.3 -2.2 -2.4 -2.5],[ 36  -7  32 -12],-0.7,-1.25,0.3366501646120692,6.5,-0.55,2.0,[-0.6 -0.5 -0.5 -1.2],[  2   2   2 -11],E,1,[0.12601577 0.2113222  0.15020668 0.17902732 0.20441256],True,Beta
462523,373,376,labels,4,1-p,5bn3,A,['L' 'T' 'I' 'I'],1.00185,-0.065675005,-0.0098572501447051,0.16368006,0.0056115217,0.0025408979665812,[1.0664 1.0008 0.7775 1.1627],[-0.071  -0.07   -0.0602 -0.0615],[-0.011525 -0.012496 -0.008123 -0.007285],[0.43781323 0.46335329 0.4790389  0.45323824],[0.48049649 0.49560286 0.50234045 0.49858158],[0.48160721 0.48214221 0.48449777 0.48346998],0.4583609153827032,0.4942553415894508,0.4829292918244998,0.0173296670177709,0.0095778762085981,0.0013063765272272,['-122.3' '-103.2' '-122.0' '-112.2'],['113.9' '132.8' '122.3' '116.4'],['E' 'E' 'E' 'E'],['E' 'E' 'E' 'E'],-2.55,-72.0,0.6454972243679029,61.46543744251724,-2.55,-2.0,[-2.1 -3.  -1.9 -3.2],[ -12  -59 -158  -59],-0.425,-2.0,0.0957427107756338,0.0,-0.45,[-0.3 -0.5 -0.4 -0.5],[-2 -2 -2 -2],-2.7,-70.5,0.496655480858378,60.81940479813988,-2.75,-57.0,[-2.5 -3.2 -2.1 -3. ],[ -12  -57 -156  -57],-0.525,2.0,0.0957427107756337,0.0,-0.55,2.0,[-0.4 -0.5 -0.6 -0.6],[2 2 2 2],E,1,[0.1246841  0.21026157 0.14806513 0.1773599  0.20425418],True,Beta
465289,558,561,labels,4,1-p,9gmj,A,['A' 'I' 'K' 'I'],0.887175,-0.075425,-0.0120375000406056,0.15665583,0.009786853,0.0020281953470908,[0.7803 0.7617 1.102  0.9047],[-0.0901 -0.0704 -0.0709 -0.0703],[-0.014683 -0.00986  -0.012299 -0.011308],[0.34141904 0.43066264 0.45092528 0.46814202],[0.4512057  0.47418443 0.48822698 0.47425535],[0.47884055 0.47953221 0.48140721 0.4720261 ],0.4227872466047606,0.471968116859595,0.4779515167077383,0.0563666904677584,0.0153359280474636,0.0040963938152106,['-109.3' '-134.6' '-111.1' '-112.0'],['147.4' '129.0' '119.7' '125.6'],['E' 'E' 'E' 'E'],['E' 'E' 'E' 'E'],-2.575,-50.0,0.4573474244670748,23.20919358070561,-2.6,-2.0,[-2.  -2.5 -2.7 -3.1],[-28 -68 -32 -72],-0.4,-2.0,0.0816496580927726,0.0,-0.4,[-0.3 -0.4 -0.4 -0.5],[-2 -2 -2 -2],-2.825,-50.0,0.25,23.20919358070561,-2.85,-50.0,[-3.1 -2.8 -2.9 -2.5],[-28 -68 -32 -72],-0.475,2.0,0.0499999999999999,0.0,-0.5,2.0,[-0.4 -0.5 -0.5 -0.5],[2 2 2 2],E,1,[0.14008637 0.23923029 0.17572697 0.21029775 0.23465862],True,Beta
465651,499,503,labels,5,1-p,6m3y,A,['Y' 'V' 'Q' 'K' 'Q'],0.88986,-0.08264,-0.0127895997837185,0.17614368,0.008995165,0.0042010408677654,[0.7553 1.0677 0.6537 0.9864 0.9862],[-0.0933 -0.077  -0.0744 -0.0915 -0.077 ],[-0.017567 -0.00925  -0.00767  -0.015596 -0.013865],[0.43877423 0.40341232 0.44105458 0.42777961 0.45784781],[0.44326245 0.46475181 0.4660284  0.4660284  0.48382981],[0.47599445 0.48084056 0.48193556 0.47937167 0.47913499],0.4337737123171489,0.4647801736990611,0.479455445210139,0.0200955331092953,0.0143963361378907,0.0022448686655374,['-102.2' '-109.5' '-129.9' '-92.1' '-119.0'],['133.5' '126.9' '133.2' '134.8' '132.3'],['E' 'E' 'E' 'E' 'E'],['E' 'E' 'E' 'E' 'E'],-2.58,68.0,0.1643167672515499,24.68805379125702,-2.6,-2.0,[-2.7 -2.6 -2.7 -2.3 -2.6],[86 43 86 39 86],-0.42,-2.0,0.0447213595499957,0.0,-0.4,[-0.4 -0.4 -0.5 -0.4 -0.4],[-2 -2 -2 -2 -2],-2.3199999999999994,61.8,1.130044246921332,38.69366873275265,-2.8,88.0,[-3.3 -2.3 -2.8 -0.4 -2.8],[88 43 88  2 88],-0.4,19.2,0.1224744871391589,38.46036921299638,-0.4,2.0,[-0.5 -0.4 -0.4 -0.2 -0.5],[ 2  2  2 88  2],E,1,[0.13191942 0.22034548 0.16528363 0.19816019 0.22151297],True,Beta
466043,739,744,labels,6,1-p,5wde,A,['T' 'L' 'M' 'V' 'V' 'Q'],0.99665004,-0.07365,-0.0138561668184896,0.14375922,0.0070664706,0.0053760725701511,[0.7308 0.999  1.082  1.1145 1.0963 0.9573],[-0.068  -0.0656 -0.0691 -0.076  -0.082  -0.0812],[-0.006186 -0.010574 -0.014718 -0.017361 -0.021632 -0.012666],[0.41531906 0.45799441 0.52049264 0.53634117 0.51602966 0.42509206],[0.47773052 0.49453903 0.48886528 0.47723408 0.46865251 0.44581563],[0.47913943 0.48251221 0.47630389 0.47016055 0.47130056 0.47577055],0.4785448329316246,0.4754728409979079,0.4758645312653648,0.0525017427075978,0.0171880365875934,0.0046579728911197,['-127.4' '-123.8' '-107.5' '-108.9' '-96.6' '-88.3'],['137.1' '124.5' '120.2' '110.8' '113.0' '133.1'],['E' 'E' 'E' 'E' 'E' 'E'],['E' 'E' 'E' 'E' 'E' 'E'],-2.75,-252.5,0.4929503017546495,42.174636927897794,-2.7,-2.0,[-2.2 -2.3 -2.5 -3.2 -2.9 -3.4],[-291 -214 -291 -214 -291 -214],-0.5,-2.0,0.1264911064067351,0.0,-0.45,[-0.4 -0.4 -0.4 -0.5 -0.6 -0.7],[-2 -2 -2 -2 -2 -2],-2.3,-250.5,0.8966604708583957,42.174636927897794,-2.55,-250.5,[-2.5 -2.6 -2.8 -2.9 -2.5 -0.5],[-289 -212 -289 -212 -289 -212],-0.4833333333333333,2.0,0.1471960144387974,0.0,-0.45,2.0,[-0.4 -0.5 -0.6 -0.7 -0.4 -0.3],[2 2 2 2 2 2],E,1,[0.12575811 0.21166775 0.14982846 0.17875487 0.20497534],True,Beta
466154,418,421,labels,4,1-p,8axw,A,['D' 'S' 'E' 'V'],1.0482249,-0.062975004,-0.0120042499620467,0.15819295,0.008671939,0.0038923755306408,[1.2127 0.9588 1.1471 0.8743],[-0.0705 -0.0624 -0.068  -0.051 ],[-0.014903 -0.01273  -0.014062 -0.006322],[0.49252563 0.54054353 0.48542391 0.461757  ],[0.51517736 0.49581563 0.50964541 0.50900711],[0.48106944 0.47683612 0.48160334 0.48349112],0.4950625176231067,0.5074113781253498,0.4807500044504802,0.0330510610032562,0.0082119624918058,0.0028084683983593,['-101.7' '-114.8' '-104.0' '-121.2'],['126.1' '120.2' '125.5' '125.1'],['E' 'E' 'E' 'E'],['E' 'E' 'E' 'E'],-2.85,-0.5,0.4654746681256312,18.04623691151889,-2.95,-2.0,[-2.2 -3.3 -3.  -2.9],[-14  17 -18  13],-0.525,-2.0,0.0499999999999999,0.0,-0.5,[-0.5 -0.6 -0.5 -0.5],[-2 -2 -2 -2],-2.55,-0.5,0.4509249752822895,18.04623691151889,-2.4,-0.5,[-2.5 -3.2 -2.2 -2.3],[-14  17 -18  13],-0.475,2.0,0.0499999999999999,0.0,-0.5,2.0,[-0.5 -0.5 -0.5 -0.4],[2 2 2 2],E,1,[0.09784422 0.1516768  0.11382409 0.13588493 0.1574241 ],True,Beta
467420,34,37,labels,4,1-p,5ipy,A,['I' 'V' 'C' 'F'],0.9405,-0.0665,-0.011359250289388,0.1457232,0.006938301,0.0034964445168266,[0.7383 1.     0.9444 1.0793],[-0.0746 -0.0627 -0.0696 -0.0591],[-0.010424 -0.007757 -0.016131 -0.011125],[0.42624853 0.43696623 0.49250934 0.46294607],[0.44595747 0.49156031 0.50255322 0.52531916],[0.46047111 0.48093777 0.48054832 0.4786011 ],0.4546675408879916,0.4913475414117177,0.4751395756999652,0.0295607393951969,0.033366359390448,0.0098322514229211,['-119.3' '-122.1' '-111.6' '-101.5'],['129.1' '128.1' '125.2' '126.3'],['E' 'E' 'E' 'E'],['E' 'E' 'E' 'E'],-2.0,5.25,1.1343133018115703,53.48753748927564,-2.55,-2.0,[-0.3 -2.5 -2.6 -2.6],[ -2 -30  83 -30],-0.375,-9.0,0.1258305739211791,14.0,-0.4,[-0.2 -0.4 -0.4 -0.5],[-30  -2  -2  -2],-2.25,7.75,1.2449899597988732,53.4064602833777,-2.75,-13.0,[-0.4 -2.7 -3.1 -2.8],[  2 -28  85 -28],-0.4,-5.5,0.1414213562373095,15.0,-0.45,2.0,[-0.2 -0.5 -0.5 -0.4],[-28   2   2   2],E,1,[0.12902023 0.21856072 0.15762739 0.18964755 0.21687259],True,Beta
468478,104,107,labels,4,l3(10),2xg5,A,['Q' 'I' 'A' 'L'],0.84455,-0.102699995,-0.0188077501952648,0.0441903,0.0050378544,0.0025303376908346,[0.79   0.8304 0.8916 0.8662],[-0.097  -0.1047 -0.1086 -0.1005],[-0.019357 -0.015199 -0.021113 -0.019562],[0.45108818 0.4091621  0.42157378 0.4442308 ],[0.42971634 0.41822699 0.41574471 0.43737591],[0.46854055 0.46907277 0.46895887 0.4708211 ],0.4315137167771658,0.4252659877141317,0.4693483238418897,0.0195216197748487,0.0101103599900062,0.0010081629802133,['-111.0' '-105.6' '-122.0' '-73.6'],['137.6' '133.1' '118.7' '139.3'],['' '' '' ''],['' '' '' 'P'],-0.45,-2.0,0.0577350269189625,0.0,-0.45,-10.0,[-0.5 -0.4 -0.4 -0.5],[-2 -2 -2 -2],-0.05,-8.5,0.0577350269189625,7.937253933193772,-0.05,[-0.  -0.  -0.1 -0.1],[ -7   2 -13 -16],-0.925,-2.25,1.1236102527122116,8.5,-0.45,2.0,[-0.4 -0.5 -0.2 -2.6],[  2   2   2 -15],-0.1,-5.25,0.2,6.601767440112787,0.0,-5.0,[-0.  -0.  -0.  -0.4],[ -8  -2 -13   2],,1,[0.11479593 0.17924965 0.14706072 0.1757376  0.19398896],True,Beta
468771,42,45,labels,4,1-p,5bwd,C,['L' 'S' 'K' 'P'],0.89189994,-0.073300004,-0.0145672499202191,0.1601356,0.009104944,0.0063585152021944,[0.7733 1.092  0.7524 0.9499],[-0.0826 -0.0609 -0.0762 -0.0735],[-0.013667 -0.006088 -0.017741 -0.020773],[0.40639307 0.42637882 0.45514395 0.34065349],[0.45049649 0.48248229 0.48893619 0.53595746],[0.47894835 0.47916891 0.47522113 0.46706279],0.4071423324445883,0.489468107620875,0.4751002962390582,0.0486330630948369,0.0352568225848284,0.0056561846397007,['-116.4' '-116.6' '-114.6' '-68.5'],['130.6' '110.0' '128.2' '125.8'],['E' 'E' 'E' 'E'],['E' 'E' 'E' 'E'],-1.375,-7.0,1.3720422734012243,7.164728420068226,-1.4,-2.0,[-2.7 -0.4 -2.4  0. ],[-11  -2 -15   0],-0.3,-4.25,0.2581988897471611,5.909032633745278,-0.3,[-0.4 -0.2 -0.6  0. ],[ -2 -13  -2   0],-1.3750000000000002,-9.25,1.405643387681717,7.675719293112969,-1.15,-12.0,[-2.1 -0.2 -3.  -0.2],[-11 -13 -15   2],-0.2749999999999999,-7.0,0.25,10.424330514074594,-0.25,-6.5,[-0.6 -0.  -0.3 -0.2],[  2 -15   2 -17],E,1,[0.13923502 0.23962087 0.1743335  0.21008736 0.23672325],True,Beta
471783,564,567,labels,4,1-p,3wev,A,['K' 'N' 'V' 'D'],0.995625,-0.04625,-0.0089157501934096,0.13735344,0.009182774,0.0056778250761177,[0.9271 1.0121 0.8631 1.1802],[-0.0549 -0.0436 -0.0345 -0.052 ],[-0.008766 -0.005924 -0.004052 -0.016921],[0.45022489 0.45644703 0.49767272 0.46869584],[0.51418442 0.54397166 0.5460284  0.57638299],[0.4855828  0.48958778 0.48505721 0.47970219],0.4682601168751716,0.5451418658097585,0.4849824979901315,0.021056349508042,0.0254068704137474,0.0040602219031632,['-133.6' '-111.8' '-116.0' '-119.0'],['116.6' '122.5' '125.0' '121.7'],['E' 'E' 'E' 'E'],['E' 'E' 'E' 'E'],-1.625,-17.0,1.3671747023210556,17.397317800933184,-1.55,-15.0,[-0.4 -3.  -0.5 -2.6],[ -2 -30  -2 -34],-0.325,-16.0,0.15,16.24807680927192,-0.3,[-0.2 -0.4 -0.2 -0.5],[-28  -2 -32  -2],-1.625,-15.0,1.2996794476587936,19.697715603592208,-1.6,-14.0,[-0.5 -2.8 -0.5 -2.7],[  2 -30   2 -34],-0.3249999999999999,-13.75,0.15,18.83923211457056,-0.3,-13.0,[-0.2 -0.5 -0.2 -0.4],[-28   2 -32   3],E,1,[0.09543017 0.14553929 0.11358612 0.13620874 0.15709726],True,Beta
472161,89,92,labels,4,1-p,2ptt,B,['L' 'L' 'E' 'I'],0.98635,-0.060325,-0.0096579997334629,0.18635492,0.008409272,0.0016073629294319,[0.7541 1.1693 0.9228 1.0992],[-0.068  -0.0648 -0.0488 -0.0597],[-0.010284 -0.011634 -0.008171 -0.008543],[0.45007831 0.4635976  0.51980851 0.46001416],[0.49468087 0.50950357 0.5153901  0.49517733],[0.4831589  0.4832839  0.48425111 0.48524444],0.4733746449152629,0.5036879678567251,0.4839845870931943,0.0314797094984312,0.0103974336858342,0.0009714257201988,['-131.8' '-104.5' '-120.3' '-116.7'],['126.8' '125.2' '125.4' '122.7'],['E' 'E' 'E' 'E'],['E' 'E' 'E' 'E'],-2.7,-23.0,0.2160246899469286,38.17503547258775,-2.75,-2.0,[-2.9 -2.7 -2.8 -2.4],[-54  12 -58   8],-0.45,-2.0,0.0577350269189625,0.0,-0.45,[-0.4 -0.4 -0.5 -0.5],[-2 -2 -2 -2],-2.5,-23.0,0.1414213562373096,38.17503547258775,-2.45,-23.0,[-2.4 -2.7 -2.5 -2.4],[-54  12 -58   8],-0.475,2.0,0.0499999999999999,0.0,-0.5,2.0,[-0.5 -0.5 -0.5 -0.4],[2 2 2 2],E,1,[0.12539821 0.21038431 0.15009502 0.17959508 0.20551191],True,Beta
474419,599,602,labels,4,1-p,8bdd,B,['S' 'S' 'F' 'T'],0.89727503,-0.0439,-0.0073417499079369,0.16972739,0.009873534,0.0044575800777688,[1.0472 0.6697 1.0037 0.8685],[-0.0505 -0.048  -0.0479 -0.0292],[-0.012541 -0.006471 -0.008528 -0.001827],[0.35969453 0.44313948 0.4140323  0.39798832],[0.60687945 0.53446811 0.54957451 0.53134755],[0.49760554 0.4847     0.49065222 0.491525  ],0.4037136572102706,0.555567408601443,0.4911206935842833,0.0347914434759934,0.035121798998538,0.0052808284154123,['-116.1' '-130.7' '-119.6' '-112.6'],['135.6' '134.0' '122.1' '135.9'],['E' 'E' 'E' 'E'],['E' 'E' 'E' 'E'],-2.1,-4.25,1.1343133018115703,25.55223408367,-2.6500000000000004,-2.0,[-2.7 -0.4 -2.6 -2.7],[ 15  -2  11 -41],-0.375,1.75,0.1258305739211791,7.5,-0.4,[-0.4 -0.2 -0.4 -0.5],[-2 13 -2 -2],-2.35,-13.25,0.5196152422706632,30.42340108096617,-2.55,-13.0,[-2.7 -1.6 -2.7 -2.4],[ 15 -37  11 -42],-0.825,-8.75,0.7847504911329035,21.5,-0.45,2.0,[-0.4 -0.5 -0.4 -2. ],[  2   2   2 -41],E,1,[0.10907251 0.17077698 0.13618941 0.16394294 0.18521382],True,Beta
478365,18,23,labels,6,1-p,5ngv,H,['V' 'K' 'V' 'S' 'C' 'K'],0.8869333,-0.08581666,-0.0149581665173172,0.11653634,0.009589455,0.0023606416766966,[0.7337 0.98   0.9217 0.7441 0.9715 0.9706],[-0.0939 -0.0826 -0.0924 -0.0936 -0.0831 -0.0693],[-0.012572 -0.013291 -0.015823 -0.014108 -0.014768 -0.019187],[0.39171732 0.42926185 0.43095584 0.42957133 0.43753631 0.44913357],[0.42468088 0.44758869 0.44780145 0.44744684 0.46382983 0.51801422],[0.47357779 0.4768411  0.47598776 0.4751672  0.47329832 0.47690833],0.42802937163247,0.4582269854015774,0.475296750664711,0.019322499134671,0.0318412415562091,0.0015763902225204,['-130.7' '-122.2' '-105.0' '-106.9' '-139.8' '-95.3'],['140.1' '118.5' '135.6' '152.6' '105.7' '117.9'],['E' 'E' 'E' 'E' 'E' 'E'],['E' 'E' 'E' 'E' 'E' 'E'],-1.8833333333333333,26.83333333333333,1.2687263955111308,37.96533506590804,-2.05,-2.0,[-1.9 -0.4 -3.  -0.4 -2.2 -3.4],[ 65  -2  61  -2  57 -18],-0.3166666666666666,19.0,0.1169045194450012,32.55764119219941,-0.3,[-0.3 -0.2 -0.5 -0.2 -0.3 -0.4],[-2 63 -2 59 -2 -2],-1.9333333333333331,25.5,0.86178110136314,39.54111783953509,-2.4,29.5,[-2.4 -0.4 -2.4 -1.4 -2.5 -2.5],[ 65   2  61 -14  57 -18],-0.3833333333333333,12.166666666666666,0.1471960144387974,24.903145718295647,-0.35,2.0,[-0.5 -0.2 -0.3 -0.4 -0.6 -0.3],[ 2 63  2  2  2  2],E,1,[0.12763381 0.21099669 0.16016549 0.19202272 0.21536754],True,Beta
478425,223,226,labels,4,1-p,2a2c,A,['F' 'V' 'I' 'A'],0.8951,-0.095474996,-0.0149739999324083,0.108706675,0.0070637,0.0041803370080356,[0.9091 0.7385 0.9832 0.9496],[-0.0979 -0.0887 -0.091  -0.1043],[-0.020512 -0.011886 -0.011602 -0.015896],[0.37399566 0.42851259 0.43510936 0.44383989],[0.42843974 0.44141847 0.43687948 0.43049649],[0.46797612 0.47555556 0.47812    0.46916445],0.4203643749157588,0.4343085438013077,0.472704033056895,0.0315434368435,0.0059479787085285,0.0049107251043417,['-89.0' '-131.5' '-101.2' '-134.2'],['136.0' '135.4' '136.8' '116.4'],['E' 'E' 'E' 'E'],['E' 'E' 'E' 'E'],-1.9,198.5,1.036018017861337,16.901676445449624,-2.05,-2.0,[-0.5 -2.1 -3.  -2. ],[215 186 211 182],-0.375,-2.0,0.05,0.0,-0.4,[-0.4 -0.3 -0.4 -0.4],[-2 -2 -2 -2],-2.4250000000000003,198.5,0.505799696849784,16.901676445449624,-2.45,198.5,[-3.  -2.3 -2.6 -1.8],[215 186 211 182],-0.4,2.0,0.0,0.0,-0.4,2.0,[-0.4 -0.4 -0.4 -0.4],[2 2 2 2],E,1,[0.11596464 0.18536791 0.14495586 0.17441469 0.19639169],True,Beta
478556,56,59,labels,4,1-p,3l9f,D,['E' 'V' 'V' 'I'],1.0059999,-0.08544999,-0.0179985002614557,0.106486075,0.006318493,0.005821806898261,[0.9277 1.1262 1.0643 0.9058],[-0.0857 -0.0938 -0.0837 -0.0786],[-0.016798 -0.024207 -0.020452 -0.010537],[0.47255613 0.50790175 0.50433461 0.41175193],[0.45028371 0.45163123 0.4566667  0.42652486],[0.46878556 0.46585724 0.46933557 0.47374167],0.474136104186376,0.4462766225139301,0.4694300095240276,0.044520970263797,0.0134513246527595,0.0032547067867759,['-115.1' '-101.8' '-93.6' '-101.7'],['127.8' '111.4' '120.3' '133.7'],['E' 'E' 'E' ''],['E' 'E' 'E' 'P'],-1.775,4.0,1.436140661634507,7.118052168020874,-1.65,2.0,[-2.7 -0.5 -3.3 -0.6],[12 -2  8 -2],-0.375,3.0,0.2362907813126304,6.0,-0.3,[-0.4 -0.2 -0.7 -0.2],[-2 10 -2  6],-1.575,6.0,1.3671747023210556,4.898979485566356,-1.4,5.0,[-3.2 -0.6 -2.2 -0.3],[12  2  8  2],-0.35,5.0,0.264575131106459,3.829708431025352,-0.3,4.0,[-0.7 -0.2 -0.4 -0.1],[ 2 10  2  6],E,1,[0.12138882 0.2014004  0.14407818 0.17204873 0.19711705],True,Beta
481517,44,48,labels,5,1-p,2p25,A,['K' 'L' 'D' 'L' 'K'],0.92838,-0.05844,-0.0085853999713435,0.19645543,0.006704699,0.0052248285711784,[1.1184 0.9781 1.1015 0.7046 0.7393],[-0.0689 -0.0506 -0.0592 -0.0579 -0.0556],[-0.015017 -0.00854  -0.011491 -0.006787 -0.001092],[0.4723607  0.52089983 0.45349884 0.41460238 0.33180895],[0.4624823  0.51156031 0.51936173 0.51581564 0.50106387],[0.46969777 0.48052888 0.4851011  0.4892389  0.48096501],0.4386341412862142,0.5020567715168001,0.4811063329378764,0.0709140855365683,0.0231636013765337,0.0072904982781835,['-107.7' '-114.5' '-97.9' '-123.7' '-132.0'],['113.4' '113.4' '128.2' '149.8' '130.1'],['E' 'E' 'E' 'E' 'E'],['E' 'E' 'E' 'E' 'E'],-3.02,-4.4,0.3701351104664349,12.720062892926276,-3.1,-2.0,[-3.1 -3.2 -2.7 -3.5 -2.6],[ -9  11 -13   7 -18],-0.48,-2.0,0.1303840481040529,0.0,-0.5,[-0.4 -0.6 -0.6 -0.5 -0.3],[-2 -2 -2 -2 -2],-2.88,-4.6,0.5630275304103699,12.895735729302148,-2.8,-9.0,[-2.1 -3.6 -3.2 -2.8 -2.7],[ -9  11 -14   7 -18],-0.7,-1.0,0.5700877125495689,6.708203932499369,-0.5,2.0,[-0.6 -0.5 -1.7 -0.4 -0.3],[  2   2 -13   2   2],E,1,[0.11980467 0.19487993 0.14733282 0.17639268 0.19962724],True,Beta
481599,105,109,labels,5,1-p,6ka3,D,['T' 'I' 'M' 'V' 'V'],0.94508,-0.053899996,-0.0076737999916076,0.15406485,0.008782084,0.003412969571561,[1.1154 0.7181 1.0139 0.8697 1.0083],[-0.0636 -0.0525 -0.0473 -0.0439 -0.0622],[-0.013668 -0.006562 -0.005065 -0.006672 -0.006402],[0.43180282 0.46379305 0.42377271 0.47104134 0.41654069],[0.54560286 0.52241137 0.53638299 0.52950356 0.48588655],[0.48685334 0.48594723 0.4898339  0.48992279 0.48243722],0.4413901229699453,0.5239574670791628,0.4869988977909089,0.0244993348120813,0.0229426496648877,0.0031033234060588,['-104.3' '-131.0' '-123.4' '-125.8' '-118.1'],['140.4' '138.7' '129.1' '132.8' '123.0'],['E' 'E' 'E' 'E' 'E'],['E' 'E' 'E' 'E' 'E'],-2.26,-6.0,0.2792848008753787,19.42935922772545,-2.4,-2.0,[-2.4 -2.2 -2.5 -2.4 -1.8],[-16  17 -20  13 -24],-0.4,-2.0,0.0,0.0,-0.4,[-0.4 -0.4 -0.4 -0.4 -0.4],[-2 -2 -2 -2 -2],-2.16,1.0,1.1148990985734986,17.53567791675018,-2.5,11.0,[-2.9 -2.4 -2.5 -2.8 -0.2],[-16  17 -20  13  11],-0.34,1.2,0.1949358868961793,1.788854381999832,-0.4,2.0,[-0.4 -0.4 -0.4 -0.5 -0. ],[ 2  2  2  2 -2],E,1,[0.11177548 0.17661632 0.13643862 0.162799   0.18388767],True,Beta
482070,181,184,labels,4,1-p,2w9d,H,['S' 'S' 'V' 'T'],0.81295,-0.071275,-0.0087119999807327,0.113031685,0.00585854,0.0027472525736883,[0.7623 0.7343 0.7746 0.9806],[-0.0799 -0.0699 -0.0681 -0.0672],[-0.009821 -0.007369 -0.011958 -0.0057  ],[0.35050793 0.36993987 0.40549723 0.35220191],[0.47056741 0.48375889 0.49276597 0.45567377],[0.48494332 0.48380666 0.4860961  0.48612334],0.3695367388427258,0.4756915097435316,0.485242356856664,0.0255337110655605,0.0161615392647093,0.0011038825755256,['-137.4' '-120.3' '-136.2' '-115.9'],['139.6' '151.0' '137.0' '128.6'],['E' 'E' 'E' 'E'],['E' 'E' 'E' 'E'],-2.275,-29.5,0.7135591542869216,13.47837774610382,-2.3,-2.0,[-2.1 -3.1 -2.5 -1.4],[-39 -16 -43 -20],-0.35,-2.0,0.0577350269189625,0.0,-0.35,[-0.3 -0.4 -0.3 -0.4],[-2 -2 -2 -2],-2.025,-35.75,1.2606215398233789,13.400870618483465,-2.45,-41.0,[-2.2 -2.7 -3.  -0.2],[-39 -16 -43 -45],-0.325,-3.5,0.1707825127659933,11.0,-0.35,2.0,[-0.3 -0.4 -0.5 -0.1],[  2   2   2 -20],E,1,[0.10984016 0.1679095  0.14318886 0.17159269 0.18840942],True,Beta
482318,17,21,labels,5,1-p,3but,A,['E' 'I' 'V' 'A' 'L'],0.9621,-0.076079994,-0.0136235998943448,0.15361777,0.007244102,0.0026331298417376,[0.7318 1.0458 0.8984 1.0033 1.1312],[-0.0656 -0.0847 -0.0806 -0.0757 -0.0738],[-0.009511 -0.015842 -0.015749 -0.014331 -0.012685],[0.42950619 0.43587492 0.48009764 0.49400784 0.48744365],[0.47858158 0.47453903 0.46737591 0.47510642 0.48205676],[0.47692169 0.47716557 0.47448778 0.47624166 0.47642221],0.465386046965917,0.4755319396654765,0.4762477815151215,0.0303333401292273,0.0054672025639897,0.0010517304434077,['-110.9' '-113.9' '-113.4' '-100.8' '-116.8'],['135.0' '135.1' '121.0' '133.2' '108.6'],['E' 'E' 'E' 'E' 'E'],['E' 'E' 'E' 'E' 'E'],-1.66,16.4,1.1523888232710349,32.12942576517669,-2.4,-2.0,[-0.4 -2.6 -0.4 -2.5 -2.4],[ -2  53  -2  49 -16],-0.38,7.6,0.1095445115010332,24.357750306627253,-0.4,[-0.4 -0.4 -0.2 -0.5 -0.4],[-7 -2 51 -2 -2],-2.16,16.0,1.1193748255164575,32.61134771824066,-2.6,2.0,[-2.6 -3.3 -0.4 -2.7 -1.8],[ -8  53   2  49 -16],-0.4600000000000001,11.8,0.1673320053068151,21.91346617949794,-0.5,2.0,[-0.4 -0.5 -0.2 -0.6 -0.6],[ 2  2 51  2  2],E,1,[0.12465539 0.20819584 0.150821   0.1807563  0.206556  ],True,Beta
485935,101,104,labels,4,1-p,6xwe,A,['V' 'F' 'E' 'Y'],0.82009995,-0.102625005,-0.0159675001632422,0.1178401,0.006189978,0.0030021060505319,[0.9957 0.7804 0.7496 0.7547],[-0.1013 -0.1053 -0.1092 -0.0947],[-0.018148 -0.017852 -0.016223 -0.011647],[0.38126023 0.41139358 0.37213879 0.38455047],[0.39063831 0.41432625 0.4190071  0.40078016],[0.46424278 0.4709872  0.47459887 0.46413055],0.3873357673486074,0.4061879565318426,0.4684898505608241,0.0168759861701771,0.0129305586515325,0.0051832444627907,['-102.6' '-82.5' '-124.2' '-128.3'],['106.7' '168.1' '130.1' '137.2'],['E' 'E' 'E' 'E'],['E' 'E' 'E' 'E'],-1.375,8.75,1.2945398152754255,45.38263250774831,-1.15,-2.0,[-0.3 -2.9 -0.3 -2. ],[ -2  46 -51  42],-0.4,-2.25,0.282842712474619,41.23408784003837,-0.3,[-0.2 -0.8 -0.2 -0.4],[ 48  -2 -53  -2],-1.6749999999999998,34.5,1.6028620235898867,21.80978373727412,-1.6,44.0,[-0.2 -2.8 -0.4 -3.3],[48 46  2 42],-0.3249999999999999,-11.25,0.2217355782608344,26.5,-0.3,2.0,[-0.1 -0.4 -0.2 -0.6],[  2   2 -51   2],E,1,[0.0901585  0.1288344  0.11724549 0.14165287 0.15618848],True,Beta
486330,206,209,labels,4,1-p,6z2l,C,['S' 'S' 'V' 'T'],0.784275,-0.0741,-0.0088872498599812,0.1271559,0.008219488,0.0023170778619782,[0.6964 0.7131 0.7564 0.9712],[-0.0818 -0.0666 -0.0674 -0.0806],[-0.009117 -0.006036 -0.011696 -0.0087  ],[0.32625466 0.35278829 0.39754854 0.35096399],[0.47304968 0.48524826 0.48609932 0.44191493],[0.48704887 0.48508388 0.48531554 0.48227999],0.3568888691564401,0.4715780466794968,0.4849320699771245,0.0296849145517375,0.0206543664558864,0.0019735336530376,['-142.2' '-123.6' '-142.3' '-120.0'],['141.9' '153.8' '139.9' '125.2'],['E' 'E' 'E' 'E'],['E' 'E' 'E' 'E'],-2.075,-29.5,0.6701989754294366,13.47837774610382,-2.15,-2.0,[-2.  -2.8 -2.3 -1.2],[-39 -16 -43 -20],-0.3,-2.0,0.0,0.0,-0.3,[-0.3 -0.3 -0.3 -0.3],[-2 -2 -2 -2],-2.1000000000000005,-35.75,1.2832251036613438,13.400870618483465,-2.4000000000000004,-41.0,[-2.2 -2.6 -3.3 -0.3],[-39 -16 -43 -45],-0.3,-10.25,0.1632993161855452,24.5,-0.3,2.0,[-0.3 -0.3 -0.5 -0.1],[  2   2   2 -47],E,1,[0.09712173 0.14053268 0.12858268 0.15421252 0.16760511],True,Beta
487353,177,180,labels,4,1-p,4ebq,L,['S' 'T' 'L' 'T'],0.985975,-0.056549996,-0.0095730001339688,0.11586003,0.009191482,0.0048992168153967,[0.9725 0.8881 1.1519 0.9314],[-0.0605 -0.0572 -0.0649 -0.0436],[-0.008913 -0.009524 -0.015899 -0.003956],[0.44763507 0.49068506 0.48399056 0.42101999],[0.49226955 0.50879437 0.52078017 0.48695038],[0.48197166 0.48092444 0.48367834 0.48411834],0.4608326690892379,0.502198614180088,0.4826731955011686,0.03259181446859,0.0154905685734418,0.001488743531202,['-119.6' '-121.2' '-100.5' '-107.6'],['124.0' '120.7' '117.2' '128.3'],['E' 'E' 'E' 'E'],['E' 'E' 'E' 'E'],-2.75,-32.5,0.1290994448735804,14.617341299520463,-2.75,-2.0,[-2.8 -2.7 -2.9 -2.6],[-43 -18 -47 -22],-0.5,-2.0,0.0816496580927725,0.0,-0.5,[-0.4 -0.5 -0.5 -0.6],[-2 -2 -2 -2],-2.2,-26.5,1.2701705922171769,22.92742171869019,-2.8,-30.5,[-2.9 -2.7 -2.9 -0.3],[-43 -18 -47   2],-0.45,-10.75,0.1732050807568877,25.5,-0.5,2.0,[-0.5 -0.6 -0.5 -0.2],[  2   2   2 -49],E,1,[0.119385   0.19643794 0.1429201  0.17097564 0.19567107],True,Beta
487546,4,8,labels,5,1-p,6wi5,A,['V' 'V' 'E' 'I' 'R'],0.9774,-0.059140004,-0.0090567999519407,0.08494363,0.0062288055,0.0013314197151068,[0.9483 0.8891 1.0455 0.9173 1.0868],[-0.0588 -0.0506 -0.0605 -0.0578 -0.068 ],[-0.008699 -0.006927 -0.010339 -0.009827 -0.009492],[0.43493019 0.46957542 0.46452604 0.496728   0.46048653],[0.501844   0.51780146 0.51851068 0.50617024 0.49482271],[0.47975277 0.485575   0.48494834 0.48352334 0.48052277],0.4652492344379426,0.5078298191229503,0.4828644434611003,0.0220911735539737,0.0102625968396112,0.0026119829340393,['-118.2' '-122.4' '-118.2' '-115.4' '-113.5'],['127.3' '130.5' '123.1' '125.2' '123.9'],['E' 'E' 'E' 'E' 'E'],['E' 'E' 'E' 'E' 'E'],-2.8400000000000007,66.2,0.4393176527297758,17.81010948871455,-2.8,-2.0,[-2.2 -2.7 -3.2 -3.3 -2.8],[83 49 79 45 75],-0.4599999999999999,-2.0,0.0547722557505166,0.0,-0.5,[-0.4 -0.5 -0.4 -0.5 -0.5],[-2 -2 -2 -2 -2],-2.8199999999999994,66.2,0.3962322551231789,17.81010948871455,-2.8,75.0,[-3.4 -2.8 -2.7 -2.9 -2.3],[83 49 79 45 75],-0.48,2.0,0.0447213595499957,0.0,-0.5,2.0,[-0.4 -0.5 -0.5 -0.5 -0.5],[2 2 2 2 2],E,1,[0.11739131 0.19167584 0.14107047 0.16881097 0.19305085],True,Beta
488524,80,83,labels,4,1-p,4u17,C,['T' 'T' 'R' 'A'],0.866925,-0.072975,-0.0116484998725354,0.13695972,0.0067805457,0.0040821949212286,[0.7721 0.7277 0.968  0.9999],[-0.0658 -0.0712 -0.0821 -0.0728],[-0.007441 -0.008857 -0.015195 -0.015101],[0.38155341 0.40196266 0.43906741 0.45429698],[0.47808512 0.48290781 0.47794327 0.48219859],[0.48284331 0.48250386 0.47824833 0.47850055],0.4192201147476833,0.4802836974461874,0.4805240134398142,0.0333711544032467,0.0026371770995341,0.0024881090917067,['-117.1' '-128.9' '-116.5' '-108.9'],['142.2' '145.8' '127.6' '125.0'],['' '' '' ''],['' '' '' ''],-0.425,-4.5,0.0957427107756338,5.0,-0.45,0.0,[-0.5 -0.4 -0.3 -0.5],[-12  -2  -2  -2],-0.125,-3.0,0.1892969448600091,7.571877794400365,-0.05,[-0.4 -0.1 -0.  -0. ],[ -2 -14   2   2],-0.425,2.0,0.0957427107756338,0.0,-0.45,2.0,[-0.3 -0.5 -0.5 -0.4],[2 2 2 2],-0.05,-7.5,0.1,6.4031242374328485,0.0,-7.0,[-0.2 -0.  -0.  -0. ],[-12 -14  -2  -2],,1,[0.13882274 0.2368272  0.17602657 0.21163306 0.23669043],True,Beta
488638,34,37,labels,4,1-p,6a3w,J,['I' 'S' 'W' 'V'],0.81112504,-0.099374995,-0.0156502500176429,0.10560829,0.005722689,0.0034059574397223,[0.9093 0.7154 0.8955 0.7243],[-0.1009 -0.1002 -0.105  -0.0914],[-0.019574 -0.014854 -0.016721 -0.011452],[0.40015467 0.41049773 0.38036438 0.39719019],[0.40695038 0.42120571 0.42794329 0.44624116],[0.46068888 0.47158387 0.47609609 0.47998555],0.3970517441630364,0.4255851358175278,0.472088597714901,0.0125021353531798,0.016316306460872,0.008339267215011,['-119.2' '-104.7' '-114.1' '-133.5'],['123.2' '151.4' '139.9' '131.6'],['E' 'E' 'E' 'E'],['E' 'E' 'E' 'E'],-2.7,37.5,0.316227766016838,26.083200212652844,-2.65,-2.0,[-2.4 -3.1 -2.5 -2.8],[17 62 13 58],-0.35,14.5,0.1290994448735805,33.0,-0.35,[-0.2 -0.5 -0.3 -0.4],[64 -2 -2 -2],-2.55,37.25,0.3316624790355398,26.399179280172078,-2.65,37.5,[-2.1 -2.5 -2.8 -2.8],[17 62 12 58],-0.55,4.75,0.3696845502136472,5.5,-0.4,2.0,[-0.3 -0.4 -1.1 -0.4],[ 2  2 13  2],E,1,[0.08928004 0.12612083 0.11639196 0.13903987 0.15228024],True,Beta
490659,6,9,labels,4,1-p,4qfe,A,['R' 'I' 'E' 'R'],0.872575,-0.050474998,-0.0077667499426752,0.092312664,0.0062957,0.0037748477962452,[0.9534 0.9061 0.8908 0.74  ],[-0.0457 -0.047  -0.0496 -0.0596],[-0.012283 -0.009318 -0.00561  -0.003856],[0.38427357 0.44797711 0.41321787 0.39401397],[0.61241136 0.53737591 0.52751776 0.48276598],[0.4994861  0.48488279 0.48956446 0.47267946],0.4098706295092901,0.5400177513559661,0.4866532012820244,0.0281066463199868,0.0537953803021842,0.0111289199726749,['-113.1' '-115.9' '-125.4' '-119.8'],['142.1' '127.1' '137.7' '143.3'],['E' 'E' 'E' 'E'],['E' 'E' 'E' 'E'],-1.5,3.5,1.2727922061357857,6.557438524302,-1.45,1.5,[-2.5 -0.4 -2.7 -0.4],[11 -2  7 -2],-0.325,2.5,0.15,5.446711546122731,-0.3,[-0.4 -0.2 -0.5 -0.2],[-2  9 -2  5],-1.975,5.5,1.8300728582946275,4.358898943540674,-1.85,4.5,[-3.3 -0.4 -3.8 -0.4],[11  2  7  2],-0.325,4.5,0.15,3.3166247903554,-0.3,3.5,[-0.5 -0.2 -0.4 -0.2],[2 9 2 5],E,1,[0.11539425 0.18198971 0.145757   0.17386945 0.19372196],True,Beta
490760,261,264,labels,4,1-p,5akl,A,['V' 'C' 'L' 'C'],0.99222505,-0.085774995,-0.0174882502760738,0.0734862,0.0031920474,0.0034913513406377,[1.0469 1.0521 0.9741 0.8958],[-0.0869 -0.0896 -0.0822 -0.0844],[-0.015675 -0.022551 -0.016952 -0.014775],[0.47742635 0.50055573 0.47594411 0.40422674],[0.43262414 0.45482273 0.45659578 0.43801422],[0.45984611 0.46934555 0.46984555 0.47086333],0.4645382339755695,0.4455142170190811,0.4674751361211142,0.0417569721247913,0.0119979639562732,0.0051250772553111,['-123.5' '-93.9' '-95.6' '-118.0'],['110.2' '114.8' '123.5' '107.2'],['E' 'E' 'E' 'E'],['E' 'E' 'E' 'E'],-2.875,47.0,0.1892969448600091,24.24871130596428,-2.95,-2.0,[-3.  -3.  -2.6 -2.9],[26 68 26 68],-0.4499999999999999,-2.0,0.1732050807568877,0.0,-0.5,[-0.2 -0.5 -0.6 -0.5],[-2 -2 -2 -2],-2.575,49.0,0.4112987559751022,24.24871130596428,-2.5,49.0,[-3.1 -2.7 -2.2 -2.3],[28 70 28 70],-0.45,19.75,0.1732050807568877,35.5,-0.5,2.0,[-0.6 -0.5 -0.5 -0.2],[ 2  2  2 73],E,1,[0.11621325 0.19053817 0.13856151 0.1657933  0.19100808],True,Beta
491143,92,95,labels,4,1-p,3u6y,C,['E' 'I' 'C' 'L'],0.9682,-0.07735,-0.0132980002090334,0.060420103,0.007796793,0.004320621256385,[0.9524 0.9864 1.039  0.895 ],[-0.0687 -0.0732 -0.0817 -0.0858],[-0.00918  -0.015467 -0.0183   -0.010245],[0.42022185 0.48503301 0.47568352 0.40939014],[0.476383   0.47971634 0.46758868 0.42546102],[0.48155778 0.47614056 0.47554889 0.47262612],0.4475821281472842,0.4622872620821,0.4764683370788892,0.0382947749528927,0.0250781411959163,0.0037245958539317,['-135.6' '-120.3' '-92.5' '-105.2'],['124.0' '115.4' '121.4' '143.6'],['E' 'E' 'E' 'E'],['E' 'E' 'E' 'E'],-2.8,-42.0,0.454606056566195,18.618986725025252,-2.85,-2.0,[-2.2 -2.8 -2.9 -3.3],[-24 -56 -28 -60],-0.4499999999999999,-2.0,0.1290994448735805,0.0,-0.45,[-0.3 -0.4 -0.5 -0.6],[-2 -2 -2 -2],-2.375,-42.25,0.4991659710623979,18.373440976946405,-2.2,-42.5,[-2.3 -3.1 -2.  -2.1],[-24 -56 -29 -60],-0.65,-5.5,0.3109126351029605,15.0,-0.55,2.0,[-0.5 -0.6 -1.1 -0.4],[  2   2 -28   2],E,1,[0.1197405  0.19726029 0.14443896 0.17332612 0.19842477],True,Beta
494483,100,103,labels,4,1-p,6s4e,A,['E' 'T' 'I' 'M'],0.98235,-0.085475,-0.017299500061199,0.14285657,0.005899929,0.0058304630497517,[0.7876 1.0275 1.1281 0.9862],[-0.0914 -0.0886 -0.084  -0.0779],[-0.013576 -0.02153  -0.022966 -0.011126],[0.39518674 0.47939727 0.51174583 0.43592378],[0.45879434 0.45106385 0.46063832 0.43546103],[0.47817943 0.46773777 0.46909888 0.47407887],0.4555634036660194,0.4514893864591917,0.4722737396756808,0.050844778120459,0.0114623222936878,0.0047885450005856,['-132.5' '-106.0' '-98.2' '-91.6'],['136.3' '115.5' '111.6' '127.6'],['E' 'E' 'E' 'E'],['E' 'E' 'E' 'E'],-1.575,-16.0,1.3200378782444084,16.165807537309522,-1.2999999999999998,-16.0,[-1.9 -0.4 -3.3 -0.7],[-30  -2 -30  -2],-0.325,-16.0,0.1892969448600091,16.165807537309522,-0.25,[-0.3 -0.2 -0.6 -0.2],[ -2 -30  -2 -30],-1.6,-20.5,1.34412301024373,15.0,-1.7000000000000002,-28.0,[-2.7 -0.7 -2.8 -0.2],[-28   2 -28 -28],-0.325,-13.5,0.275378527364305,17.916472867168917,-0.35,-13.0,[-0.6 -0.2 -0.5 -0. ],[  2 -28   2 -30],E,1,[0.11794607 0.19316513 0.14140922 0.16931743 0.19379604],True,Beta
494874,534,538,labels,5,1-p,5ewo,A,['Q' 'V' 'T' 'S' 'L'],0.9886799,-0.06268,-0.0110476001165807,0.09502406,0.008793578,0.0032492524411081,[1.0708 0.9442 1.1097 0.9003 0.9184],[-0.0643 -0.0488 -0.0604 -0.0687 -0.0712],[-0.015805 -0.00728  -0.010221 -0.0125   -0.009432],[0.46306006 0.5089605  0.48118895 0.47698658 0.43196572],[0.53744684 0.51524826 0.51212769 0.49624116 0.4950355 ],[0.48252499 0.48149666 0.48333278 0.48213723 0.4800389 ],0.4724323610464733,0.5112198889255524,0.481906114021937,0.0280940942867029,0.017256892601887,0.0012375322165843,['-105.6' '-126.3' '-110.1' '-104.8' '-114.9'],['131.6' '115.7' '120.6' '132.4' '135.3'],['E' 'E' 'E' 'E' 'E'],['E' 'E' 'E' 'E' 'E'],-2.8600000000000003,15.6,0.3209361307176241,37.92492584040212,-2.9,-2.0,[-2.9 -2.5 -2.6 -3.3 -3. ],[ -8  59 -12  55 -16],-0.48,-2.0,0.0836660026534075,0.0,-0.5,[-0.4 -0.5 -0.5 -0.6 -0.4],[-2 -2 -2 -2 -2],-2.3199999999999994,15.6,0.6099180272790763,37.92492584040212,-2.5,-8.0,[-3.1 -2.5 -2.6 -1.7 -1.7],[ -8  59 -12  55 -16],-0.4599999999999999,2.0,0.0894427190999915,0.0,-0.4,2.0,[-0.5 -0.6 -0.4 -0.4 -0.4],[2 2 2 2 2],E,1,[0.12524985 0.21069723 0.1496787  0.17945455 0.2059042 ],True,Beta
496509,34,37,labels,4,1-p,6a3w,B,['H' 'W' 'Y' 'Q'],0.802475,-0.0907,-0.0129967499524354,0.058218982,0.008955816,0.0010780324005686,[0.776  0.7868 0.759  0.8881],[-0.0954 -0.0998 -0.0883 -0.0793],[-0.013623 -0.01419  -0.012174 -0.012   ],[0.3945515  0.37818176 0.39644094 0.40030128],[0.44134754 0.43723408 0.44865253 0.4641135 ],[0.4759189  0.477785   0.47868667 0.48232888],0.3923688679933548,0.4478369131684303,0.4786798631151517,0.0097560740350315,0.0118339143282163,0.0026919066758932,['-121.6' '-120.1' '-116.6' '-110.2'],['146.5' '129.0' '141.2' '137.0'],['E' 'E' 'E' 'E'],['E' 'E' 'E' 'E'],-2.975,31.75,0.4349329450233297,24.67623688220444,-2.85,-2.0,[-2.6 -2.9 -2.8 -3.6],[55 13 51  8],-0.375,-2.0,0.05,0.0,-0.4,[-0.4 -0.3 -0.4 -0.4],[-2 -2 -2 -2],-2.6,31.5,0.4546060565661952,24.93324420661432,-2.7,31.5,[-2.  -3.  -2.5 -2.9],[55 12 51  8],-0.7,4.75,0.6000000000000001,5.5,-0.4,2.0,[-0.4 -1.6 -0.4 -0.4],[ 2 13  2  2],E,1,[0.09667513 0.14013177 0.12656819 0.15089032 0.16490665],True,Beta
500497,603,606,labels,4,1-p,7zm5,A,['C' 'T' 'A' 'V'],0.83817494,-0.06125,-0.0065924999071285,0.1851469,0.006686055,0.0005841293181336,[0.6925 0.8752 0.6997 1.0853],[-0.0664 -0.058  -0.0534 -0.0672],[-0.005724 -0.00679  -0.006979 -0.006877],[0.35484062 0.36932091 0.43330134 0.38293792],[0.47574471 0.51219863 0.51163124 0.4982979 ],[0.4827261  0.48917055 0.48853    0.48478279],0.3851001958052318,0.4994681204358737,0.486302358408769,0.0341206376252269,0.0170702147851815,0.0030707037983818,['-132.4' '-130.1' '-123.8' '-114.6'],['149.8' '134.1' '143.6' '138.5'],['E' 'E' 'E' 'E'],['E' 'E' 'E' 'E'],-2.475,1.0,0.3304037933599834,20.912516188477497,-2.5,-2.0,[-2.1 -2.7 -2.8 -2.3],[ 21 -15  17 -19],-0.375,-2.0,0.05,0.0,-0.4,[-0.4 -0.3 -0.4 -0.4],[-2 -2 -2 -2],-2.225,1.0,0.1892969448600091,20.912516188477497,-2.1500000000000004,1.0,[-2.2 -2.5 -2.1 -2.1],[ 21 -15  17 -19],-0.375,2.0,0.05,0.0,-0.4,2.0,[-0.4 -0.4 -0.4 -0.3],[2 2 2 2],E,1,[0.1128301  0.17560846 0.14518594 0.17435984 0.19302052],True,Beta
502548,14,19,labels,6,1-p,5h9y,A,['V' 'T' 'L' 'W' 'F' 'K'],0.9537334,-0.06576667,-0.0134208334687476,0.19177613,0.0078663,0.0065593819467607,[0.911  1.0101 1.1492 0.63   0.89   1.1321],[-0.0645 -0.0737 -0.0747 -0.0553 -0.0586 -0.0678],[-0.016737 -0.021275 -0.016984 -0.003607 -0.007695 -0.014227],[0.39591972 0.50009967 0.45432954 0.43476729 0.431982   0.45638188],[0.58255319 0.48730498 0.49382982 0.50453904 0.50943265 0.52397166],[0.48626168 0.46944668 0.47674112 0.48428557 0.48581722 0.48242279],0.4455800147520172,0.5169385555717682,0.4808291759755876,0.0344487838557492,0.0345745393860456,0.0065597627624866,['-124.3' '-102.6' '-75.7' '-139.9' '-140.6' '-117.3'],['122.7' '109.5' '139.6' '153.9' '120.1' '113.6'],['E' 'E' 'E' 'E' 'E' 'E'],['E' 'E' 'E' 'E' 'E' 'E'],-2.6666666666666665,13.5,0.5202563470700445,27.075819470516493,-2.55,-2.0,[-2.6 -3.5 -2.5 -2.4 -2.  -3. ],[ 42  -7  38 -11  34 -15],-0.4166666666666667,-2.0,0.1602081978759721,0.0,-0.35,[-0.3 -0.5 -0.7 -0.3 -0.3 -0.4],[-2 -2 -2 -2 -2 -2],-2.6,13.5,0.7155417527999326,27.075819470516493,-2.6,13.5,[-3.8 -2.7 -2.5 -1.7 -2.8 -2.1],[ 42  -7  38 -11  34 -15],-0.4333333333333333,2.0,0.1751190071541826,0.0,-0.35,2.0,[-0.7 -0.3 -0.3 -0.4 -0.6 -0.3],[2 2 2 2 2 2],E,1,[0.13750653 0.22763551 0.16667044 0.1911359  0.21037611],True,Beta
503573,21,24,labels,4,1-p,6ubi,A,['S' 'C' 'R' 'L'],0.83535,-0.082174994,-0.013623250182718,0.118494466,0.0030203485,0.0042074844645442,[0.7158 0.9105 0.7546 0.9605],[-0.083  -0.0813 -0.0858 -0.0786],[-0.010419 -0.009705 -0.018215 -0.016154],[0.40272821 0.38780813 0.4276656  0.34329221],[0.46035463 0.46092201 0.46404259 0.53106385],[0.48129721 0.47870055 0.47551444 0.48362333],0.3903735391795636,0.4790957719087601,0.4797838826974233,0.0354333576163303,0.0346833094277658,0.0034848834042115,['-125.8' '-136.9' '-116.6' '-94.6'],['144.5' '119.9' '130.0' '122.9'],['E' 'E' 'E' 'E'],['E' 'E' 'E' 'E'],-2.075,22.5,1.212091855705114,38.12698082285912,-2.55,-2.0,[-0.3 -2.8 -2.9 -2.3],[ -2  57 -18  53],-0.375,13.25,0.1258305739211791,30.5,-0.4,[-0.2 -0.4 -0.4 -0.5],[59 -2 -2 -2],-2.025,6.75,1.3149778198382918,34.596483443648815,-2.35,-6.0,[-1.7 -3.1 -3.  -0.3],[-14  57 -18   2],-0.3999999999999999,-3.5,0.1414213562373095,11.0,-0.45,2.0,[-0.4 -0.5 -0.5 -0.2],[  2   2   2 -20],E,1,[0.13337206 0.22168364 0.17191199 0.20749109 0.22927531],True,Beta
504515,33,36,labels,4,1-p,7kuu,B,['V' 'L' 'F' 'S'],1.0348,-0.072174996,-0.0131802500691264,0.117715724,0.0070020845,0.0022235905723489,[1.0876 1.1684 0.9838 0.8994],[-0.0731 -0.0624 -0.0742 -0.079 ],[-0.010853 -0.013326 -0.016144 -0.012398],[0.46032364 0.52770834 0.49705377 0.44610396],[0.47624117 0.48957449 0.4853901  0.47014186],[0.48105612 0.47759835 0.47674    0.47085554],0.4827974289655686,0.4803369045257569,0.4765625049670538,0.0368407164337745,0.0087860074695226,0.0042373928275072,['-132.0' '-92.0' '-92.9' '-100.8'],['110.8' '110.9' '125.7' '146.9'],['E' 'E' 'E' 'E'],['E' 'E' 'E' 'E'],-2.15,57.0,0.5686240703077327,28.91366458960192,-2.15,-2.0,[-1.5 -1.9 -2.8 -2.4],[32 84 32 80],-0.4499999999999999,-2.0,0.1290994448735805,0.0,-0.45,[-0.3 -0.4 -0.6 -0.5],[-2 -2 -2 -2],-1.65,46.5,0.9712534856222312,25.0,-2.1,34.0,[-2.2 -2.2 -2.  -0.2],[34 84 34 34],-0.35,9.5,0.264575131106459,15.0,-0.4,2.0,[-0.6 -0.5 -0.3 -0. ],[ 2  2  2 32],E,1,[0.10846723 0.17335474 0.12710787 0.15148691 0.1744307 ],True,Beta
504546,19,22,labels,4,l3(10),8tmx,A,['T' 'I' 'V' 'L'],0.860375,-0.089324996,-0.0159359998069703,0.040338024,0.003405265,0.0017592393351326,[0.7999 0.8812 0.8817 0.8787],[-0.0934 -0.0851 -0.0898 -0.089 ],[-0.017849 -0.015248 -0.016807 -0.01384 ],[0.35182728 0.41743655 0.43027173 0.41069319],[0.53836882 0.44801421 0.45113478 0.43269506],[0.48448388 0.47227557 0.47450279 0.47240557],0.402557189265887,0.4675532182057699,0.4759169518947602,0.034781265138305,0.047893209953767,0.0058017684009302,['-115.1' '-111.3' '-117.4' '-116.5'],['136.5' '136.4' '134.5' '123.4'],['E' 'E' 'E' 'E'],['E' 'E' 'E' 'E'],-2.125,47.0,1.14418821295566,25.40341184434353,-2.45,-2.0,[-0.5 -3.1 -2.7 -2.2],[69 25 69 25],-0.35,-2.0,0.1,0.0,-0.4,[-0.2 -0.4 -0.4 -0.4],[-2 -2 -2 -2],-2.175,49.0,1.0404326023342405,25.40341184434353,-2.5,49.0,[-2.2 -3.  -2.8 -0.7],[71 27 71 27],-0.425,2.0,0.0499999999999999,0.0,-0.4,2.0,[-0.4 -0.4 -0.5 -0.4],[2 2 2 2],E,1,[0.13851476 0.23412723 0.17605169 0.21035611 0.2333888 ],True,Beta
504898,36,40,labels,5,1-p,4c84,A,['E' 'V' 'V' 'L' 'F'],0.95988005,-0.07213999,-0.0119548000395298,0.081881404,0.0073991898,0.0031340985808583,[1.1037 0.8998 0.9333 0.9409 0.9217],[-0.0753 -0.0676 -0.0748 -0.081  -0.062 ],[-0.013127 -0.010168 -0.011278 -0.016689 -0.008512],[0.46429799 0.47835479 0.45183744 0.45540458 0.44141293],[0.4908511  0.48390074 0.47985818 0.48382981 0.48836882],[0.4812     0.48079278 0.47881389 0.47973388 0.48294666],0.4582615454991659,0.4853617290655772,0.4806974430878957,0.0139057953634166,0.004299598042548,0.0015649982312082,['-106.9' '-116.7' '-117.5' '-106.8' '-107.7'],['127.5' '127.0' '126.6' '129.9' '130.8'],['E' 'E' 'E' 'E' 'E'],['E' 'E' 'E' 'E' 'E'],-2.76,83.6,0.2073644135332771,63.61446376414722,-2.7,-2.0,[-2.6 -2.8 -2.6 -2.7 -3.1],[134  16 130  12 126],-0.5,-2.0,0.0,0.0,-0.5,[-0.5 -0.5 -0.5 -0.5 -0.5],[-2 -2 -2 -2 -2],-2.0000000000000004,83.6,0.7516648189186454,63.61446376414722,-2.2,126.0,[-2.7 -2.2 -2.5 -1.8 -0.8],[134  16 130  12 126],-0.48,2.0,0.0447213595499957,0.0,-0.5,2.0,[-0.5 -0.5 -0.5 -0.5 -0.4],[2 2 2 2 2],E,1,[0.12631409 0.21186778 0.15298229 0.18387479 0.20981402],True,Beta
506134,12,15,labels,4,1-p,3gm5,A,['V' 'Q' 'I' 'G'],0.9363,-0.090875,-0.019254500279203,0.12500536,0.0041161263,0.0042822437409313,[0.9834 0.7539 1.0374 0.9705],[-0.0913 -0.0868 -0.0964 -0.089 ],[-0.025165 -0.015336 -0.019429 -0.017088],[0.35801682 0.45195144 0.44985025 0.46610598],[0.56482271 0.44361705 0.44524826 0.4453901 ],[0.48111945 0.46670556 0.47119278 0.46928334],0.4314811242123446,0.4747695277134578,0.4720752835273743,0.0495053625095375,0.060040846999046,0.0063035623324283,['-110.3' '-108.9' '-119.3' '-91.7'],['136.5' '137.8' '115.6' '129.7'],['E' 'E' 'E' 'E'],['E' 'E' 'E' 'E'],-2.1500000000000004,71.5,0.1290994448735805,15.673757260678329,-2.1500000000000004,-2.0,[-2.2 -2.1 -2.3 -2. ],[58 87 58 83],-0.425,-2.0,0.0957427107756338,0.0,-0.45,[-0.3 -0.5 -0.4 -0.5],[-2 -2 -2 -2],-2.7750000000000004,72.25,0.2872281323269014,14.291605927956452,-2.85,71.0,[-2.4 -3.  -2.7 -3. ],[60 87 60 82],-0.725,22.25,0.5188127472091126,40.5,-0.5,2.0,[-0.4 -0.5 -0.5 -1.5],[ 2  2  2 83],E,1,[0.12050089 0.19770611 0.14756708 0.17786156 0.20234177],True,Beta
506784,213,216,labels,4,1-p,2p6p,B,['V' 'L' 'V' 'T'],0.88275003,-0.0581,-0.0094830001471564,0.08737735,0.009720426,0.0028597987642985,[0.8872 0.9563 0.9287 0.7588],[-0.067  -0.0656 -0.0525 -0.0473],[-0.007289 -0.012377 -0.006777 -0.011489],[0.43144449 0.45154425 0.43063008 0.43061379],[0.48007095 0.5070213  0.52099292 0.50567378],[0.47736111 0.48530945 0.48297611 0.405705  ],0.4360581487417221,0.5034397368629774,0.4628379183510939,0.010331345551373,0.017049273513077,0.0382344089006942,['-121.9' '-106.4' '-117.7' '-116.8'],['127.7' '131.3' '128.7' '144.3'],['E' 'E' 'E' 'E'],['E' 'E' 'E' 'E'],-2.5,43.5,0.1414213562373096,20.207259421636905,-2.55,-2.0,[-2.5 -2.3 -2.6 -2.6],[26 61 26 61],-0.525,-2.0,0.0499999999999999,0.0,-0.5,[-0.6 -0.5 -0.5 -0.5],[-2 -2 -2 -2],-2.625,45.5,0.4573474244670748,20.207259421636905,-2.6,45.5,[-2.5 -3.2 -2.7 -2.1],[28 63 28 63],-0.3999999999999999,2.0,0.1414213562373095,0.0,-0.45,2.0,[-0.5 -0.5 -0.4 -0.2],[2 2 2 2],E,1,[0.13168002 0.22100131 0.16564262 0.1995517  0.22425519],True,Beta
507274,61,64,labels,4,1-p,4qhq,A,['K' 'V' 'I' 'E'],0.958475,-0.09715,-0.0200725004542619,0.13465586,0.0046679755,0.0041826611383978,[0.9877 1.0141 1.0691 0.763 ],[-0.1015 -0.0975 -0.099  -0.0906],[-0.022771 -0.023297 -0.020049 -0.014173],[0.46229451 0.50019738 0.46359758 0.42698149],[0.45326245 0.42695039 0.43468088 0.44304967],[0.47070611 0.46326832 0.46804499 0.46857277],0.4632677386204402,0.4394858454664548,0.4676480442285538,0.029897304003215,0.0112948526978416,0.0031382795762686,['-111.9' '-98.7' '-102.3' '-94.7'],['130.8' '114.7' '118.5' '139.6'],['E' 'E' 'E' 'E'],['E' 'E' 'E' 'E'],-1.725,-15.5,1.3671747023210556,15.588457268119896,-1.65,-15.5,[-3.1 -0.5 -2.7 -0.6],[-29  -2 -29  -2],-0.375,-15.5,0.2362907813126304,15.588457268119896,-0.3,[-0.4 -0.2 -0.7 -0.2],[ -2 -29  -2 -29],-1.6,-12.5,1.3490737563232045,16.743157806499145,-1.55,-12.5,[-3.  -0.6 -2.5 -0.3],[-27   2 -27   2],-0.35,-12.5,0.2380476142847616,16.743157806499145,-0.25,-12.5,[-0.7 -0.2 -0.3 -0.2],[  2 -27   2 -27],E,1,[0.09658591 0.14536128 0.11714474 0.13999052 0.15897026],True,Beta
511608,186,189,labels,4,1-p,3i4z,A,['L' 'K' 'T' 'Y'],0.79595006,-0.090124995,-0.0125864997971802,0.16432886,0.009050369,0.0046895704895972,[0.7717 0.6944 0.6825 1.0352],[-0.0803 -0.0853 -0.1005 -0.0944],[-0.012676 -0.006004 -0.01495  -0.016716],[0.38246558 0.34997042 0.39289008 0.41035113],[0.43822699 0.44957449 0.43957449 0.44730498],[0.47412333 0.48131667 0.47907221 0.4743111 ],0.3839193011323611,0.4436702380577724,0.477205827832222,0.0253886855140419,0.0056117643533953,0.0035713495127615,['-110.6' '-129.6' '-120.9' '-122.1'],['138.0' '154.0' '153.4' '131.9'],['E' 'E' 'E' 'E'],['E' 'E' 'E' 'E'],-1.825,8.0,0.9810708435174292,35.09035954978708,-2.15,-2.0,[-0.4 -2.3 -2.6 -2. ],[ -2 -11  60 -15],-0.325,14.5,0.05,33.0,-0.3,[-0.3 -0.4 -0.3 -0.3],[64 -2 -2 -2],-2.325,24.5,0.6701989754294365,43.3628104870214,-2.1,24.5,[-3.3 -2.2 -1.8 -2. ],[ 64 -11  60 -15],-0.35,2.0,0.0577350269189625,0.0,-0.35,2.0,[-0.3 -0.3 -0.4 -0.4],[2 2 2 2],E,1,[0.09717767 0.14143609 0.12797914 0.15412084 0.16844391],True,Beta
512916,3,6,labels,4,1-p,4rbp,K,['V' 'M' 'T' 'Q'],0.9233,-0.073775,-0.0181219999212771,0.11927617,0.009582754,0.0065855687246244,[0.9647 1.0052 0.9771 0.7462],[-0.0856 -0.0768 -0.0635 -0.0692],[-0.026994 -0.016836 -0.011091 -0.017567],[0.45695197 0.4800162  0.44442628 0.32820926],[0.47737589 0.47808513 0.48971633 0.57297875],[0.46065335 0.46948835 0.47472556 0.47000388],0.4274009255071482,0.5045390278100967,0.4687177886565527,0.067750722481381,0.0459759105498885,0.0058701581622284,['-90.0' '-102.0' '-111.7' '-100.8'],['124.9' '119.3' '116.2' '143.3'],['P' 'E' 'E' 'E'],['P' 'E' 'E' 'E'],-1.1749999999999998,3.25,1.217579566188592,10.5,-0.6,55.5,[-0.6 -0.5 -3.  -0.6],[-2 -2 19 -2],-0.3,50.75,0.2581988897471611,50.53958844312051,-0.3,[-0.  -0.4 -0.6 -0.2],[94 94 -2 17],-1.35,15.25,1.1357816691600549,9.17877987534291,-1.3,18.0,[-2.  -0.6 -2.6 -0.2],[23  2 19 17],-0.325,48.5,0.206155281280883,53.69978274319801,-0.3,48.0,[-0.6 -0.3 -0.3 -0.1],[ 2 96  2 94],E,1,[0.13249312 0.22398291 0.1633427  0.19577801 0.22115495],True,Beta
515193,142,145,labels,4,1-p,9g3w,X,['Q' 'Y' 'L' 'L'],0.8516,-0.098349996,-0.0180522499140352,0.11886001,0.006896618,0.0069788823292946,[0.7359 0.7712 0.9903 0.909 ],[-0.0936 -0.1029 -0.1055 -0.0914],[-0.013307 -0.020133 -0.026991 -0.011778],[0.33449653 0.406784   0.43497904 0.40609989],[0.45177308 0.42411351 0.42567379 0.41992911],[0.46669112 0.46642722 0.46727667 0.46158388],0.3955898632605871,0.4303723722696305,0.4654947221279144,0.0428939475321398,0.0144718340613014,0.0026312810111218,['-116.5' '-139.4' '-72.0' '-116.4'],['147.0' '118.0' '131.4' '124.5'],['E' 'E' 'E' 'E'],['E' 'E' 'E' 'E'],-1.725,-29.0,1.6459546368799678,39.70726214015097,-1.3,-5.5,[-0.5 -2.1 -0.4 -3.9],[-88 -11  -2 -15],-0.275,-6.5,0.0957427107756338,5.446711546122731,-0.25,[-0.2 -0.4 -0.2 -0.3],[ -9  -2 -13  -2],-1.575,-28.0,1.2579745625409124,40.65300316909769,-1.45,-13.0,[-0.5 -2.9 -0.5 -2.4],[-88 -11   2 -15],-0.2499999999999999,-1.5,0.1290994448735805,7.681145747868608,-0.25,2.0,[-0.4 -0.3 -0.2 -0.1],[  2   2 -13   3],E,1,[0.12303771 0.19781319 0.1570409  0.18741378 0.20739875],True,Beta
515911,36,40,labels,5,1-p,7fab,L,['K' 'W' 'Y' 'Q' 'Q'],0.82721996,-0.093839996,-0.0131719999015331,0.1264474,0.009344409,0.0018979559247023,[0.7684 0.72   0.7197 0.9607 0.9673],[-0.1008 -0.1035 -0.0965 -0.0869 -0.0815],[-0.012552 -0.012196 -0.013495 -0.016274 -0.011343],[0.37969657 0.35966196 0.39098435 0.4312653  0.40769614],[0.41141847 0.42496455 0.43482271 0.45042556 0.42815606],[0.47471168 0.47875389 0.47668611 0.47716    0.46557556],0.3938608626524608,0.4299574673175813,0.4745774467786153,0.0272441455810325,0.0142695657639313,0.005234758776513,['-109.5' '-131.3' '-126.6' '-112.6' '-129.0'],['156.5' '138.9' '145.7' '131.3' '109.0'],['E' 'E' 'E' 'E' 'E'],['E' 'E' 'E' 'E' 'E'],-2.3,30.4,1.1335784048754634,18.88915032498815,-2.5,-2.0,[-3.  -0.4 -2.3 -2.5 -3.3],[48 12 44  8 40],-0.4,-2.0,0.0707106781186547,0.0,-0.4,[-0.5 -0.3 -0.4 -0.4 -0.4],[-2 -2 -2 -2 -2],-2.34,30.4,0.2966479394838264,18.88915032498815,-2.3,40.0,[-2.4 -2.8 -2.2 -2.  -2.3],[48 12 44  8 40],-0.38,2.2,0.1788854381999831,0.4472135954999579,-0.4,2.0,[-0.4 -0.4 -0.4 -0.6 -0.1],[2 2 2 2 3],E,1,[0.10987709 0.16918703 0.14231033 0.17151654 0.18961005],True,Beta
517173,286,289,labels,4,1-p,8d41,B,['V' 'A' 'L' 'G'],0.88145006,-0.072,-0.0120552496518939,0.088600785,0.009965942,0.0035365196868474,[0.8879 0.9157 0.7574 0.9648],[-0.0585 -0.0809 -0.0707 -0.0779],[-0.013888 -0.015707 -0.011014 -0.007612],[0.41215914 0.41714335 0.42966905 0.35410763],[0.56950359 0.48929082 0.47553196 0.45659578],[0.50161722 0.47743946 0.48092614 0.48073891],0.403269795080026,0.497730535765489,0.4851804325977962,0.0335923385631349,0.0496905243535382,0.0110742473939738,['-129.5' '-103.9' '-127.3' '-108.6'],['135.6' '137.1' '131.6' '136.7'],['E' 'E' 'E' 'E'],['E' 'E' 'E' 'E'],-2.775,-1.0,0.2217355782608344,11.775681155103795,-2.8,-2.0,[-3.  -2.7 -2.9 -2.5],[ 11  -9   7 -13],-0.35,-2.0,0.1,0.0,-0.4,[-0.2 -0.4 -0.4 -0.4],[-2 -2 -2 -2],-2.475,-1.25,0.5315072906367325,12.12091855705114,-2.5,-1.0,[-2.5 -1.8 -2.5 -3.1],[ 11  -9   7 -14],-0.7000000000000001,-1.75,0.6000000000000001,7.5,-0.4,2.0,[-0.4 -0.4 -0.4 -1.6],[  2   2   2 -13],E,1,[0.13939948 0.23870842 0.17542128 0.21047708 0.23599374],True,Beta
517787,169,172,labels,4,1-p,6eio,A,['F' 'V' 'I' 'Q'],1.008425,-0.053725,-0.0092287500156089,0.08417409,0.008708377,0.0036289649429765,[0.9807 0.9591 0.9601 1.1338],[-0.0488 -0.0447 -0.0572 -0.0642],[-0.006761 -0.005535 -0.01168  -0.012939],[0.45602352 0.4723444  0.49728179 0.4816776 ],[0.5304965  0.53141848 0.52049649 0.51666669],[0.48469387 0.48667999 0.48324777 0.47959778],0.4768318285544713,0.5247695396343868,0.483554852505525,0.017270446724957,0.0073239704569962,0.002989794324873,['-127.4' '-123.3' '-120.4' '-100.3'],['121.8' '126.7' '118.2' '128.4'],['E' 'E' 'E' 'E'],['E' 'E' 'E' 'E'],-2.75,-1.0,0.1732050807568876,31.176914536239792,-2.7,-2.0,[-2.7 -2.7 -2.6 -3. ],[ 26 -28  26 -28],-0.425,-2.0,0.0499999999999999,0.0,-0.4,[-0.4 -0.4 -0.4 -0.5],[-2 -2 -2 -2],-2.825,1.0,0.4500000000000001,31.176914536239792,-2.9000000000000004,1.0,[-2.3 -2.6 -3.2 -3.2],[ 28 -26  28 -26],-0.475,2.0,0.0499999999999999,0.0,-0.5,2.0,[-0.4 -0.5 -0.5 -0.5],[2 2 2 2],E,1,[0.1018613  0.15831099 0.12072546 0.14433737 0.16564345],True,Beta
518013,62,66,labels,5,1-p,2nwf,A,['Q' 'L' 'T' 'V' 'K'],0.94644004,-0.0721,-0.0155458001419901,0.1589595,0.0059577688,0.0046786371365018,[1.0173 1.0682 1.0061 0.6689 0.9717],[-0.0648 -0.0771 -0.0665 -0.0768 -0.0753],[-0.018732 -0.022088 -0.010891 -0.013194 -0.012824],[0.45211433 0.50356909 0.44682066 0.43110244 0.32811152],[0.57234045 0.49049648 0.48198583 0.48326243 0.54773052],[0.48731945 0.47127167 0.47434835 0.47949501 0.49167111],0.4323436081409455,0.5151631395022076,0.4808211167653402,0.0643028072408591,0.042002119766967,0.0085848377664078,['-107.3' '-97.8' '-115.2' '-131.7' '-84.5'],['127.3' '134.4' '124.1' '138.1' '131.5'],['E' 'E' 'E' 'E' 'E'],['E' 'E' 'E' 'E' 'E'],-1.3199999999999998,2.4,1.2911235417263525,6.18869937870632,-0.4,5.0,[-0.4 -3.1 -0.4 -2.3 -0.4],[-2 11 -2  7 -2],-0.3199999999999999,4.6,0.1643167672515498,6.655824516917495,-0.2,[-0.2 -0.5 -0.2 -0.5 -0.2],[13 -2  9 -2  5],-1.2799999999999998,4.8,1.2911235417263525,4.08656334834051,-0.4,2.0,[-0.4 -3.1 -0.4 -2.2 -0.3],[ 2 11  2  7  2],-0.26,4.8,0.1816590212458495,6.058052492344384,-0.3,2.0,[-0.3 -0.5 -0.2 -0.3 -0. ],[13  2  9  2 -2],E,1,[0.13113122 0.22279528 0.15982975 0.19158947 0.21835626],True,Beta
519483,143,146,labels,4,1-p,5ylb,A,['A' 'I' 'F' 'S'],0.863875,-0.063825,-0.0122372502228245,0.10542739,0.008154906,0.004086071634192,[0.903  0.8975 0.9459 0.7091],[-0.0593 -0.0548 -0.0723 -0.0689],[-0.011263 -0.007183 -0.016898 -0.013605],[0.43439267 0.44734187 0.41575885 0.31869688],[0.5231206  0.50609932 0.49929081 0.53624116],[0.48286777 0.48036444 0.47906333 0.48335777],0.4040475661555927,0.5161879758040111,0.4814133271574974,0.0583584225060014,0.016708148096396,0.0020427824969316,['-114.5' '-127.6' '-97.7' '-114.4'],['130.5' '116.7' '139.9' '138.8'],['E' 'E' 'E' 'E'],['E' 'E' 'E' 'E'],-2.375,49.0,0.4645786621588784,24.358434541926812,-2.45,-2.0,[-2.2 -2.8 -2.7 -1.8],[72 30 68 26],-0.4499999999999999,-2.0,0.0577350269189625,0.0,-0.45,[-0.4 -0.5 -0.5 -0.4],[-2 -2 -2 -2],-2.9000000000000004,48.75,0.316227766016838,24.67623688220444,-2.95,49.0,[-3.1 -2.8 -2.5 -3.2],[72 30 68 25],-0.4,2.0,0.0816496580927726,0.0,-0.4,2.0,[-0.5 -0.4 -0.4 -0.3],[2 2 2 2],E,1,[0.1278258  0.21109803 0.16235619 0.19531352 0.2185998 ],True,Beta
520062,74,79,labels,6,1-p,3a5p,C,['G' 'V' 'A' 'T' 'A' 'T'],0.9976333,-0.07616667,-0.0153993332448105,0.18577743,0.009386514,0.0028664709560592,[0.7616 0.9091 1.298  0.9929 1.1079 0.9163],[-0.0931 -0.0685 -0.0742 -0.0668 -0.0764 -0.078 ],[-0.019311 -0.010908 -0.016437 -0.014089 -0.014718 -0.016933],[0.39319956 0.48355075 0.52122559 0.55360673 0.4914343  0.46270173],[0.48460996 0.47106385 0.48971634 0.4841135  0.48141847 0.47602839],[0.45890054 0.47408    0.47698112 0.47486446 0.4745889  0.47767556],0.484286442399025,0.4811584204435348,0.4728484302759171,0.0547433199228332,0.0066658649814619,0.0069790300083231,['-72.9' '-137.2' '-94.6' '-100.3' '-106.3' '-107.0'],['150.3' '113.7' '109.7' '121.3' '114.8' '123.3'],['E' 'E' 'E' 'E' 'E' 'E'],['E' 'E' 'E' 'E' 'E' 'E'],-2.35,-30.166666666666668,1.0597169433391167,45.87991572209638,-2.7,-2.0,[-2.2 -0.3 -2.7 -3.  -2.7 -3.2],[-72  15 -72  12 -72   8],-0.5499999999999999,-13.666666666666666,0.216794833886788,28.57738033247041,-0.6,[-0.8 -0.2 -0.4 -0.7 -0.6 -0.6],[ -2 -72  -2  -2  -2  -2],-2.0500000000000003,-31.33333333333333,0.692098258919931,42.4766602579189,-2.3,-34.0,[-2.2 -0.7 -2.4 -2.  -2.6 -2.4],[-70   2 -70  12 -70   8],-0.45,-10.0,0.151657508881031,29.393876913398135,-0.45,2.0,[-0.4 -0.2 -0.6 -0.6 -0.5 -0.4],[  2 -70   2   2   2   2],E,1,[0.12578423 0.21122803 0.14984554 0.17920336 0.20492337],True,Beta
520119,328,332,labels,5,1-p,5b3g,B,['F' 'N' 'I' 'I' 'H'],0.93009996,-0.055919997,-0.009377200063318,0.04389049,0.006393513,0.0023234166114798,[0.9471 0.8799 0.9508 0.8895 0.9832],[-0.0657 -0.0592 -0.0512 -0.0519 -0.0516],[-0.012806 -0.009281 -0.006401 -0.008526 -0.009872],[0.43660788 0.45245639 0.44307434 0.45990015 0.44234136],[0.50354613 0.51340428 0.52319151 0.52858158 0.54531918],[0.48160777 0.48417333 0.48655111 0.48622278 0.48637723],0.4468760232130687,0.5228085358937582,0.4849864443143209,0.0092360609022648,0.0158088910857105,0.0021205865827527,['-104.4' '-113.7' '-109.1' '-126.2' '-103.2'],['120.9' '129.2' '129.6' '127.8' '129.8'],['E' 'E' 'E' 'E' 'E'],['E' 'E' 'E' 'E' 'E'],-1.44,-17.6,1.4152738250953416,21.36117974270148,-0.5,-41.0,[-0.4 -3.4 -0.5 -2.5 -0.4],[ -2 -41  -2 -41  -2],-0.3199999999999999,-25.4,0.1643167672515498,21.36117974270148,-0.2,[-0.2 -0.5 -0.2 -0.5 -0.2],[-41  -2 -41  -2 -41],-1.48,-14.4,1.4377065069060515,22.45662485771181,-0.5,2.0,[-0.5 -2.9 -0.4 -3.2 -0.4],[  2 -39   2 -39   2],-0.3199999999999999,-22.6,0.1643167672515498,22.45662485771181,-0.2,-39.0,[-0.2 -0.5 -0.2 -0.5 -0.2],[-39   2 -39   2 -39],E,1,[0.11605691 0.18675631 0.14259967 0.17122598 0.194013  ],True,Beta
521442,59,63,labels,5,1-p,5v6j,C,['Q' 'R' 'C' 'Y' 'V'],0.79083997,-0.074200004,-0.0115020000375807,0.18233451,0.009340771,0.0054589191939393,[0.5542 0.7229 0.9385 0.731  1.0076],[-0.0627 -0.085  -0.0791 -0.0779 -0.0663],[-0.002698 -0.012702 -0.011819 -0.017753 -0.012538],[0.34573544 0.36088355 0.38968127 0.43605406 0.33511547],[0.48191491 0.47744683 0.46666669 0.4799291  0.53510639],[0.48690834 0.48487833 0.47651444 0.47660555 0.48825611],0.3734939595063528,0.488212784131368,0.4826325535774232,0.0405532405004141,0.0268674195372186,0.0056724385302425,['-140.8' '-135.1' '-119.2' '-122.2' '-77.3'],['155.1' '148.7' '128.6' '130.2' '135.9'],['E' 'E' 'E' 'E' 'E'],['E' 'E' 'E' 'E' 'E'],-0.98,2.4,0.9203260291874832,6.18869937870632,-0.4,5.0,[-0.3 -1.6 -0.3 -2.3 -0.4],[-2 11 -2  7 -2],-0.26,4.6,0.0894427190999915,6.655824516917495,-0.2,[-0.2 -0.3 -0.2 -0.4 -0.2],[13 -2  9 -2  5],-1.14,4.8,1.1326958991715297,4.08656334834051,-0.4,2.0,[-0.3 -2.7 -0.4 -2.  -0.3],[ 2 11  2  7  2],-0.26,6.2,0.0894427190999915,4.764451699828638,-0.2,5.0,[-0.2 -0.4 -0.2 -0.3 -0.2],[13  2  9  2  5],E,1,[0.10607803 0.15876246 0.1398173  0.16699776 0.18189231],True,Beta
523374,73,77,labels,5,1-p,8ur2,D,['F' 'M' 'S' 'L' 'M'],0.99364007,-0.058480002,-0.0097448002547025,0.18688007,0.008424489,0.004955538613579,[1.0161 0.6703 1.0951 1.1406 1.0461],[-0.0647 -0.0438 -0.0631 -0.0597 -0.0611],[-0.008801 -0.003159 -0.013526 -0.015659 -0.007579],[0.37961512 0.45305907 0.47333799 0.53454943 0.45079499],[0.49482271 0.51659576 0.52014186 0.50787234 0.48588653],[0.48579501 0.48584113 0.48203113 0.47957556 0.47684444],0.4582713206609091,0.5050638417402904,0.4820174535115559,0.055486972397929,0.014498873793503,0.003924712917383,['-114.0' '-134.7' '-117.3' '-108.5' '-104.8'],['131.1' '136.9' '125.2' '112.6' '126.3'],['E' 'E' 'E' 'E' 'E'],['E' 'E' 'E' 'E' 'E'],-2.8,-20.6,0.4690415759823429,49.92294061851726,-2.6,-2.0,[-3.3 -2.5 -2.3 -2.6 -3.3],[-53  34 -57  34 -61],-0.4800000000000001,-2.0,0.1303840481040529,0.0,-0.4,[-0.4 -0.4 -0.4 -0.5 -0.7],[-2 -2 -2 -2 -2],-2.5800000000000005,-19.8,0.454972526643093,51.01666394424473,-2.7,-53.0,[-2.9 -2.9 -2.6 -1.8 -2.7],[-53  36 -57  36 -61],-0.48,2.0,0.1483239697419132,0.0,-0.5,2.0,[-0.4 -0.5 -0.7 -0.5 -0.3],[2 2 2 2 2],E,1,[0.11857908 0.19554042 0.14136095 0.16953038 0.19480882],True,Beta
524861,106,110,labels,5,1-p,6g44,C,['A' 'V' 'I' 'N' 'M'],0.83358,-0.05024,-0.0120342001318931,0.19592232,0.0077413176,0.0071961307180331,[0.7283 0.9271 0.9106 1.0516 0.5503],[-0.0512 -0.0574 -0.055  -0.0502 -0.0374],[-0.007167 -0.011091 -0.011687 -0.006072 -0.024154],[0.32420232 0.41795777 0.47061784 0.40924353 0.34899311],[0.56808513 0.52226951 0.52297872 0.53716312 0.51574469],[0.49192557 0.48336389 0.48397221 0.47671498 0.37841611],0.3942029158274333,0.5332482337951661,0.4628785500923794,0.0582532488986672,0.0209839546371985,0.0475228155374319,['-134.1' '-124.1' '-110.0' '-111.7' '-115.8'],['144.1' '123.5' '131.6' '117.7' '116.3'],['E' 'E' 'E' 'E' 'E'],['E' 'E' 'E' 'E' 'E'],-2.56,51.4,0.1516575088810309,60.87938895882579,-2.5,-2.0,[-2.5 -2.6 -2.4 -2.8 -2.5],[ 11 120   7 116   3],-0.4,-2.0,0.1,0.0,-0.4,[-0.3 -0.3 -0.4 -0.5 -0.5],[-2 -2 -2 -2 -2],-2.56,51.4,0.391152144312159,60.87938895882579,-2.5,11.0,[-2.6 -3.2 -2.5 -2.2 -2.3],[ 11 120   7 116   3],-0.4399999999999999,76.4,0.0894427190999915,166.36345752598436,-0.5,2.0,[-0.4 -0.5 -0.5 -0.5 -0.3],[  2   2   2   2 374],E,1,[0.10109744 0.15059103 0.13030482 0.15572495 0.17219528],True,Beta
525902,20,24,labels,5,1-p,9dmf,L,['T' 'I' 'T' 'C' 'Q'],0.85558003,-0.07926,-0.0116042000241577,0.0756873,0.008687231,0.0042659825153429,[0.9152 0.9295 0.7791 0.8837 0.7704],[-0.0782 -0.0902 -0.0825 -0.0662 -0.0792],[-0.011027 -0.017231 -0.01351  -0.005579 -0.010674],[0.43022286 0.42737241 0.42224159 0.39632691 0.4163778 ],[0.46567378 0.46035463 0.46886527 0.47666669 0.47439719],[0.4784     0.47679556 0.47982224 0.48346502 0.47328335],0.4185083130995433,0.4691915114720663,0.478353234132131,0.0134749194207383,0.0065868955809564,0.0037556800139338,['-122.2' '-109.4' '-100.1' '-137.0' '-120.3'],['123.2' '130.9' '144.5' '127.3' '137.1'],['E' 'E' 'E' 'E' 'E'],['E' 'E' 'E' 'E' 'E'],-2.3400000000000003,12.8,1.0876580344942983,34.56443258611372,-2.8,-2.0,[-0.4 -2.9 -2.8 -2.7 -2.9],[ -2  52 -15  48 -19],-0.36,9.2,0.1140175425099138,25.043961347997644,-0.4,[-0.2 -0.5 -0.4 -0.3 -0.4],[54 -2 -2 -2 -2],-1.96,13.6,0.8876936408468857,34.18040374249549,-2.2,2.0,[-0.4 -2.4 -2.2 -2.2 -2.6],[  2  52 -15  48 -19],-0.34,12.4,0.0894427190999916,23.25510696599781,-0.4,2.0,[-0.2 -0.3 -0.4 -0.4 -0.4],[54  2  2  2  2],E,1,[0.13885275 0.23553354 0.17703261 0.21242988 0.23615121],True,Beta
529252,144,147,labels,4,1-p,7pqm,B,['L' 'H' 'L' 'T'],0.985525,-0.046375,-0.0094484998844563,0.056147575,0.0071621104,0.0041464477773762,[0.9055 1.003  0.9969 1.0367],[-0.0492 -0.0549 -0.0428 -0.0386],[-0.009775 -0.015024 -0.007716 -0.005279],[0.36427154 0.47324027 0.49461053 0.46104034],[0.57255324 0.53411351 0.54163122 0.55709221],[0.48676166 0.48193611 0.48443389 0.48763111],0.4482906671861808,0.5513475437959036,0.4851906920472781,0.0577055180554709,0.0170694813238306,0.0025552992741495,['-135.9' '-111.0' '-100.9' '-120.0'],['129.8' '115.6' '123.7' '129.0'],['E' 'E' 'E' 'E'],['E' 'E' 'E' 'E'],-2.8,24.0,0.5656854249492381,12.909944487358056,-3.0,-2.0,[-2.  -3.2 -3.2 -2.8],[15 37 11 33],-0.425,-2.0,0.0957427107756338,0.0,-0.45,[-0.3 -0.4 -0.5 -0.5],[-2 -2 -2 -2],-2.5,24.0,0.4320493798938573,12.909944487358056,-2.4,24.0,[-2.3 -2.5 -2.1 -3.1],[15 37 11 33],-0.4499999999999999,2.0,0.0577350269189625,0.0,-0.45,2.0,[-0.5 -0.5 -0.4 -0.4],[2 2 2 2],E,1,[0.10187108 0.15747909 0.1220097  0.14551117 0.1663516 ],True,Beta
529920,62,65,labels,4,1-p,4ano,A,['V' 'V' 'I' 'K'],1.04675,-0.058550004,-0.0098677502246573,0.13117029,0.00884138,0.0057534131832425,[1.0378 1.1978 0.8792 1.0722],[-0.0592 -0.0688 -0.0472 -0.059 ],[-0.011846 -0.01658  -0.00803  -0.003015],[0.49941556 0.50734795 0.51295113 0.40471537],[0.51652483 0.51404258 0.51418444 0.48319153],[0.479915   0.47974667 0.48465278 0.47671778],0.4811075006922087,0.5069858431816101,0.4802580575148265,0.0512299403884018,0.0159036562751539,0.0032775159591259,['-118.4' '-108.2' '-118.3' '-121.4'],['124.5' '122.5' '115.7' '93.3'],['E' 'E' 'E' 'E'],['E' 'E' 'E' 'E'],-2.55,-26.5,0.3415650255319865,15.758595538097085,-2.5,-2.0,[-2.4 -2.6 -2.2 -3. ],[-38 -11 -42 -15],-0.475,-2.0,0.0499999999999999,0.0,-0.5,[-0.4 -0.5 -0.5 -0.5],[-2 -2 -2 -2],-2.1500000000000004,-26.5,0.8582928793055822,15.758595538097085,-2.45,-26.5,[-2.6 -2.8 -0.9 -2.3],[-38 -11 -42 -15],-0.325,-1.5,0.206155281280883,7.681145747868608,-0.35,2.0,[-0.5 -0.5 -0.2 -0.1],[  2   2 -13   3],E,1,[0.09454518 0.14312955 0.11039735 0.13123962 0.15053376],True,Beta
531775,128,132,labels,5,1-p,3lby,A,['L' 'A' 'I' 'M' 'V'],1.0076,-0.06896,-0.0134876001626253,0.14287908,0.009558922,0.0042076764243062,[0.9402 0.9883 0.9405 1.2583 0.9107],[-0.078  -0.0648 -0.0619 -0.0804 -0.0597],[-0.012334 -0.010725 -0.011068 -0.020894 -0.012417],[0.41761572 0.46731133 0.51912442 0.5064847  0.47824078],[0.47836882 0.4931206  0.49141849 0.4950355  0.49113478],[0.48073002 0.48104057 0.47628501 0.47534502 0.46480502],0.4777553896109263,0.4898156384627025,0.4756411254405975,0.0395691270535011,0.0065861347109521,0.0065759848231301,['-120.1' '-105.2' '-117.9' '-89.5' '-106.1'],['125.2' '126.0' '113.4' '120.4' '111.9'],['E' 'E' 'E' 'E' 'E'],['E' 'E' 'E' 'E' 'E'],-2.9,11.2,0.1870828693386971,45.00222216735525,-2.9,-2.0,[-2.8 -2.7 -2.9 -2.9 -3.2],[ 48 -38  44 -38  40],-0.5,-2.0,0.0707106781186547,0.0,-0.5,[-0.4 -0.5 -0.5 -0.5 -0.6],[-2 -2 -2 -2 -2],-2.26,12.0,0.4159326868617084,43.9089968002003,-2.3,40.0,[-2.2 -2.3 -2.7 -2.5 -1.6],[ 48 -36  44 -36  40],-0.5399999999999999,2.0,0.1140175425099137,0.0,-0.5,2.0,[-0.5 -0.5 -0.6 -0.7 -0.4],[2 2 2 2 2],E,1,[0.12559841 0.21274313 0.14873857 0.1783259  0.20557852],True,Beta
532819,32,35,labels,4,1-p,6khk,A,['V' 'Q' 'I' 'I'],1.01625,-0.083975,-0.0192249999381601,0.08731358,0.008317602,0.0030020914387327,[0.9028 1.091  0.9928 1.0784],[-0.0736 -0.0907 -0.0809 -0.0907],[-0.015855 -0.02308  -0.01839  -0.019575],[0.45879255 0.48646637 0.51506861 0.43849731],[0.4547518  0.4643972  0.45226953 0.43283691],[0.46757665 0.46815277 0.46608612 0.46434501],0.4747062101960183,0.4510638614495595,0.4665401379267375,0.0333254329192005,0.0132294401300167,0.0017029070558152,['-124.2' '-95.3' '-89.6' '-119.8'],['117.7' '115.6' '130.1' '105.5'],['E' 'E' 'E' 'E'],['E' 'E' 'E' 'E'],-2.65,51.0,0.3511884584284246,28.867513459481287,-2.65,-2.0,[-2.3 -3.  -2.4 -2.9],[26 76 26 76],-0.5,-2.0,0.0816496580927725,0.0,-0.5,[-0.4 -0.5 -0.6 -0.5],[-2 -2 -2 -2],-2.0,46.5,0.966091783079296,37.89019222261437,-2.3,53.0,[-2.2 -2.8 -0.6 -2.4],[28 78  2 78],-0.45,28.25,0.2380476142847616,37.24133008723865,-0.55,15.0,[-0.6 -0.5 -0.6 -0.1],[ 2  2 28 81],E,1,[0.11485247 0.18771241 0.13556122 0.16203511 0.18673085],True,Beta
533349,29,32,labels,4,1-p,3ouz,B,['A' 'I' 'C' 'V'],0.86812496,-0.084075004,-0.0118677497375756,0.16758066,0.008719471,0.004323842574567,[1.009  1.0077 0.675  0.7808],[-0.0848 -0.0739 -0.0825 -0.0951],[-0.018055 -0.010586 -0.010852 -0.007978],[0.46323924 0.43843216 0.40126226 0.31799648],[0.43546102 0.46723407 0.4599291  0.42489363],[0.46072444 0.47805945 0.48365778 0.48420278],0.4052325350542863,0.4468794539570809,0.4766611134012541,0.0634898571696909,0.019986332984485,0.0109812397668248,['-110.7' '-109.6' '-105.2' '-124.4'],['118.1' '124.2' '158.0' '154.0'],['E' 'E' 'E' 'E'],['E' 'E' 'E' 'E'],-1.625,-8.25,1.3098982148752374,19.771612647092464,-1.7000000000000002,-12.0,[-0.3 -2.8 -2.7 -0.7],[ -2 -24  17 -24],-0.45,-12.5,0.1732050807568877,12.151817422372122,-0.5,[-0.2 -0.6 -0.5 -0.5],[-24  -2  -2 -22],-2.0250000000000004,4.25,1.20381338531629,19.155068954891984,-2.35,10.0,[-2.3 -3.1 -2.4 -0.3],[ 18 -22  19   2],-0.475,10.5,0.4193248541803042,9.814954576223638,-0.3,10.5,[-1.1 -0.3 -0.3 -0.2],[19  2  2 19],E,1,[0.13612292 0.22956605 0.17240833 0.20644952 0.23015704],True,Beta
535284,8,11,labels,4,1-p,5h7n,A,['L' 'V' 'I' 'W'],0.94237506,-0.057,-0.0097212500404566,0.14158356,0.002933711,0.0061269600217794,[0.9276 1.0915 0.7555 0.9949],[-0.0613 -0.0554 -0.0564 -0.0549],[-0.017144 -0.010244 -0.009332 -0.002165],[0.40732153 0.45193519 0.46289721 0.36914175],[0.59645394 0.51553196 0.52007095 0.48531917],[0.49113054 0.47959999 0.48792167 0.48784333],0.4228239208459854,0.5293440048893293,0.4866238832473756,0.0431100703076675,0.0473240339390284,0.0049266724307297,['-107.4' '-109.8' '-120.7' '-111.3'],['132.0' '130.3' '136.6' '136.6'],['E' 'E' 'E' 'E'],['E' 'E' 'E' 'E'],-2.05,25.25,1.1357816691600546,20.91849261618373,-2.4,-2.0,[-2.4 -0.4 -3.  -2.4],[27 -2 27 49],-0.325,5.25,0.0957427107756338,14.5,-0.35,[-0.3 -0.2 -0.4 -0.4],[-2 27 -2 -2],-2.45,40.0,0.4795831523312719,12.701705922171769,-2.5,40.0,[-2.8 -1.9 -2.9 -2.2],[29 51 29 51],-0.6249999999999999,14.0,0.5188127472091126,24.0,-0.4,2.0,[-0.4 -1.4 -0.4 -0.3],[ 2 50  2  2],E,1,[0.11396972 0.18165991 0.13926856 0.1666502  0.18838513],True,Beta
538382,45,48,labels,4,1-p,2dyj,A,['L' 'S' 'V' 'Y'],1.03285,-0.085875,-0.0207620002329349,0.11164046,0.005386014,0.0057886452521517,[0.9617 1.1516 0.9166 1.1015],[-0.0896 -0.0864 -0.0781 -0.0894],[-0.025133 -0.025911 -0.018192 -0.013812],[0.39460035 0.4935192  0.51629024 0.41331561],[0.53156031 0.45808514 0.45822699 0.4560284 ],[0.46623111 0.46153555 0.46782501 0.47840556],0.4544313500324886,0.4759752104679744,0.4684993053476016,0.0595108781212272,0.0370703505333324,0.0071233660033709,['-112.7' '-89.0' '-118.2' '-98.4'],['120.6' '129.2' '116.4' '121.5'],['E' 'E' 'E' 'E'],['E' 'E' 'E' 'E'],-3.025,14.0,0.1500000000000001,28.91366458960192,-3.0,-2.0,[-2.9 -3.1 -3.2 -2.9],[ 39  -9  39 -13],-0.475,-2.0,0.0499999999999999,0.0,-0.5,[-0.4 -0.5 -0.5 -0.5],[-2 -2 -2 -2],-2.5500000000000003,14.75,0.2516611478423582,30.379543555930308,-2.6,16.0,[-2.6 -2.2 -2.8 -2.6],[ 41  -9  41 -14],-0.75,-1.75,0.4358898943540673,7.5,-0.55,2.0,[-0.5 -0.5 -0.6 -1.4],[  2   2   2 -13],E,1,[0.10299432 0.16078524 0.12090736 0.14390121 0.16511588],True,Beta
540290,157,160,labels,4,1-p,7vbq,A,['I' 'N' 'V' 'L'],0.95852494,-0.083625,-0.0160807494539767,0.1683839,0.009239541,0.0043512610312521,[0.9246 0.7446 1.1434 1.0215],[-0.0945 -0.0841 -0.084  -0.0719],[-0.019162 -0.018737 -0.016661 -0.009763],[0.31622105 0.45812472 0.47390808 0.48475609],[0.53326242 0.45205676 0.46808513 0.46078017],[0.47062723 0.4696889  0.47491057 0.47284835],0.433252484848102,0.4785461202263832,0.4720187609394392,0.0787834216980089,0.0370613062358351,0.0023391849445907,['-128.7' '-104.4' '-110.9' '-104.1'],['127.8' '136.1' '113.1' '129.2'],['E' 'E' 'E' 'E'],['E' 'E' 'E' 'E'],-3.0500000000000003,59.5,0.4654746681256312,14.617341299520463,-3.05,-2.0,[-2.6 -3.5 -2.7 -3.4],[74 49 70 45],-0.425,-2.0,0.1258305739211791,0.0,-0.4,[-0.3 -0.4 -0.4 -0.6],[-2 -2 -2 -2],-2.55,59.5,0.3785938897200183,14.617341299520463,-2.4,59.5,[-2.5 -2.3 -3.1 -2.3],[74 49 70 45],-0.5,2.0,0.0816496580927725,0.0,-0.5,2.0,[-0.4 -0.6 -0.5 -0.5],[2 2 2 2],E,1,[0.12157094 0.19980333 0.14742183 0.17659997 0.20058133],True,Beta
542000,33,36,labels,4,1-p,4nj9,H,['Y' 'M' 'H' 'W'],0.82415,-0.0985,-0.0196002500597387,0.118888155,0.009123962,0.0110975961813379,[0.9215 0.9225 0.681  0.7716],[-0.1097 -0.0876 -0.0967 -0.1   ],[-0.035296 -0.019596 -0.011725 -0.011784],[0.34884652 0.41127957 0.38686341 0.34487217],[0.53496458 0.42978728 0.43666671 0.43375889],[0.46326278 0.46299055 0.47605278 0.48126611],0.372965415318807,0.4587943653265636,0.4708930552005768,0.031791406678521,0.0508583685665133,0.0092176238010134,['-77.0' '-104.6' '-110.3' '-122.8'],['134.8' '125.7' '159.0' '141.5'],['' 'E' 'E' 'E'],['P' 'E' 'E' 'E'],-2.175,22.0,1.3425721582097552,26.620793877468543,-2.5,-2.0,[-0.3 -2.8 -3.4 -2.2],[-2 17 60 13],-0.35,14.5,0.1,33.0,-0.3,[-0.3 -0.3 -0.5 -0.3],[64 -2 -2 -2],-2.475,38.25,0.2629955639676583,27.548442182211804,-2.55,38.5,[-2.6 -2.1 -2.5 -2.7],[64 17 60 12],-0.5750000000000001,4.75,0.3593976442141304,5.5,-0.45,2.0,[-0.5 -0.3 -0.4 -1.1],[ 2  2  2 13],E,1,[0.09893136 0.14586243 0.12822755 0.15388363 0.16952144],True,Beta
544308,7,10,labels,4,1-p,5wpz,F,['L' 'V' 'I' 'W'],0.953425,-0.055049997,-0.0094997498381417,0.18467408,0.006999761,0.0070950158518321,[1.0098 1.173  0.7353 0.8956],[-0.0655 -0.0513 -0.0525 -0.0509],[-0.018837 -0.009225 -0.008337 -0.0016  ],[0.43292671 0.47530888 0.45670765 0.33961106],[0.59028372 0.51822697 0.52858158 0.48425535],[0.48753164 0.47977833 0.48935445 0.49089724],0.4261385748783747,0.5303369065125785,0.4868904153505962,0.0602364110694247,0.0442223995757345,0.004936903225886,['-95.8' '-100.4' '-118.4' '-121.5'],['115.3' '125.4' '142.7' '136.1'],['E' 'E' 'E' 'E'],['E' 'E' 'E' 'E'],-1.85,25.25,1.0785793124908958,20.91849261618373,-1.7000000000000002,-2.0,[-1.6 -0.7 -3.3 -1.8],[27 -2 27 49],-0.375,5.25,0.1258305739211791,14.5,-0.4,[-0.4 -0.2 -0.5 -0.4],[-2 27 -2 -2],-2.225,39.75,0.613052471924984,12.41974234837422,-2.15,39.5,[-1.6 -3.  -2.4 -1.9],[29 50 29 51],-0.7999999999999999,14.25,0.8041558721209879,24.5,-0.45,2.0,[-0.5 -2.  -0.4 -0.3],[ 2 51  2  2],E,1,[0.11575744 0.18501137 0.14079619 0.16784    0.18914836],True,Beta
545437,100,103,labels,4,1-p,7cef,B,['V' 'A' 'V' 'A'],0.845225,-0.10005,-0.0178754997905343,0.13987717,0.008158636,0.0047841345277771,[0.7328 1.0149 0.905  0.7282],[-0.1105 -0.1018 -0.0914 -0.0965],[-0.017621 -0.024565 -0.015912 -0.013404],[0.36941863 0.43207972 0.43133046 0.4063768 ],[0.39113479 0.42290783 0.4328369  0.44184399],[0.46907    0.46772333 0.4700661  0.47022556],0.4098014036814372,0.4221808761358262,0.4692712475856145,0.0294523349429127,0.022095073132156,0.0011516740084978,['-128.0' '-93.1' '-128.5' '-103.2'],['131.1' '139.9' '110.6' '137.6'],['E' 'E' 'E' 'E'],['E' 'E' 'E' 'E'],-2.55,48.0,0.3109126351029604,25.40341184434353,-2.6500000000000004,-2.0,[-2.6 -2.1 -2.8 -2.7],[26 70 26 70],-0.4,-2.0,0.0816496580927726,0.0,-0.4,[-0.3 -0.4 -0.4 -0.5],[-2 -2 -2 -2],-2.375,50.0,0.2872281323269015,25.40341184434353,-2.4,50.0,[-2.4 -2.  -2.7 -2.4],[28 72 28 72],-0.325,37.75,0.1707825127659933,41.29870861580702,-0.35,37.0,[-0.4 -0.5 -0.3 -0.1],[ 2  2 72 75],E,1,[0.1212449  0.19433847 0.15544326 0.18720641 0.2073759 ],True,Beta
550403,19,22,labels,4,1-p,8g0n,A,['I' 'L' 'L' 'L'],0.87067497,-0.0943,-0.0176289996597915,0.17497894,0.009784,0.0034734742239471,[0.745  1.0498 0.9898 0.6981],[-0.0923 -0.0976 -0.082  -0.1053],[-0.016562 -0.022764 -0.01605  -0.01514 ],[0.43304075 0.453564   0.44592478 0.33664657],[0.45460997 0.44546102 0.43624116 0.37418441],[0.47145612 0.46923556 0.47002555 0.46754165],0.4172940229376158,0.4276241424183051,0.4695647209882736,0.0544279426283117,0.0364071731093944,0.0016320639625587,['-129.5' '-95.6' '-113.6' '-118.3'],['130.5' '123.6' '121.2' '130.9'],['E' 'E' 'E' 'E'],['E' 'E' 'E' 'E'],-2.375,47.5,0.0957427107756339,24.826061575153908,-2.35,-2.0,[-2.3 -2.5 -2.3 -2.4],[26 69 26 69],-0.45,-2.0,0.0577350269189625,0.0,-0.45,[-0.4 -0.4 -0.5 -0.5],[-2 -2 -2 -2],-1.925,43.0,1.081280105553906,34.02939905434711,-2.2,49.5,[-2.4 -2.9 -0.4 -2. ],[28 71  2 71],-0.35,37.25,0.1732050807568877,40.721615881494685,-0.35,36.5,[-0.5 -0.5 -0.2 -0.2],[ 2  2 71 74],E,1,[0.12295002 0.19975667 0.15557792 0.18680321 0.20893728],True,Beta
551318,328,331,labels,4,1-p,9e92,B,['Y' 'F' 'L' 'L'],1.0227001,-0.061925,-0.0124279997544363,0.16653271,0.008064066,0.0050820322333156,[1.1429 1.0983 1.0729 0.7767],[-0.0645 -0.0551 -0.0559 -0.0722],[-0.017792 -0.015581 -0.009287 -0.007052],[0.42131317 0.53981056 0.48016281 0.437292  ],[0.58851065 0.51382981 0.50836883 0.45808514],[0.47587889 0.4763     0.48226665 0.46785221],0.4696446334322294,0.5171986073255539,0.475574441254139,0.0529670105281417,0.0537560031377064,0.0059171396991004,['-110.7' '-113.9' '-90.1' '-132.4'],['121.2' '104.3' '126.9' '125.6'],['E' 'E' 'E' 'E'],['E' 'E' 'E' 'E'],-2.8000000000000003,3.5,0.3366501646120693,88.34968402131763,-2.8,-2.0,[-2.7 -3.2 -2.9 -2.4],[ 82 -73  78 -73],-0.475,-2.0,0.1258305739211791,0.0,-0.5,[-0.3 -0.5 -0.6 -0.5],[-2 -2 -2 -2],-2.6,4.5,0.2828427124746188,87.19518335321051,-2.7,3.5,[-2.8 -2.6 -2.2 -2.8],[ 82 -71  78 -71],-0.45,2.0,0.1290994448735805,0.0,-0.45,2.0,[-0.6 -0.5 -0.4 -0.3],[2 2 2 2],E,1,[0.11642867 0.19157706 0.13700825 0.16393832 0.18908735],True,Beta
551475,180,183,labels,4,1-p,2riv,A,['L' 'V' 'N' 'Y'],0.857225,-0.040925,-0.0058762499829754,0.15949894,0.006850486,0.001741831522853,[1.0032 0.7523 0.9836 0.6898],[-0.0356 -0.035  -0.0492 -0.0439],[-0.006965 -0.004104 -0.007725 -0.004711],[0.41644298 0.44615285 0.3951053  0.40505744],[0.55886527 0.55333338 0.54744685 0.54744685],[0.48881776 0.48955889 0.49081112 0.49069667],0.4156896422306697,0.5517730861902237,0.4899711087346078,0.0221007773041786,0.0054822827213663,0.0009543223441556,['-112.6' '-121.8' '-119.0' '-135.3'],['125.6' '143.6' '144.4' '147.4'],['E' 'E' 'E' 'E'],['E' 'E' 'E' 'E'],-2.45,49.0,0.4358898943540674,137.4287694286268,-2.6500000000000004,-2.0,[-2.7 -2.7 -1.8 -2.6],[170 -68 166 -72],-0.425,-2.0,0.0499999999999999,0.0,-0.4,[-0.4 -0.5 -0.4 -0.4],[-2 -2 -2 -2],-2.4,49.0,0.0816496580927726,137.4287694286268,-2.4,49.0,[-2.3 -2.5 -2.4 -2.4],[170 -68 166 -72],-0.375,2.0,0.05,0.0,-0.4,2.0,[-0.4 -0.4 -0.3 -0.4],[2 2 2 2],E,1,[0.09842161 0.14674648 0.1254677  0.1512095  0.16896686],True,Beta
553740,108,112,labels,5,1-p,8c0t,A,['T' 'V' 'N' 'Y' 'R'],0.91121995,-0.04474,-0.0061349999625235,0.13828956,0.0076542795,0.0038202713008303,[0.9304 1.0158 1.0253 0.683  0.9016],[-0.0405 -0.0423 -0.0583 -0.0401 -0.0425],[-0.004723 -0.007445 -0.012153 -0.003867 -0.002487],[0.44802599 0.48400685 0.44370959 0.42510835 0.35324436],[0.53900715 0.538227   0.53851068 0.53836882 0.53418442],[0.48941221 0.48648832 0.48696389 0.48971834 0.49362167],0.4308190306027731,0.5376596132914225,0.4892408847808839,0.0483260569117611,0.0019648195331687,0.0028376875231526,['-119.6' '-130.3' '-104.9' '-110.9' '-131.6'],['133.9' '114.5' '125.2' '141.4' '149.9'],['E' 'E' 'E' 'E' 'E'],['E' 'E' 'E' 'E' 'E'],-2.48,3.4,0.3633180424916989,16.195678435928517,-2.6,-2.0,[-2.2 -2.8 -2.8 -2.6 -2. ],[ 19 -12  15 -16  11],-0.42,-2.0,0.0447213595499957,0.0,-0.4,[-0.4 -0.4 -0.4 -0.5 -0.4],[-2 -2 -2 -2 -2],-2.4400000000000004,3.4,0.403732584763727,16.195678435928517,-2.5,11.0,[-2.5 -2.9 -2.6 -1.8 -2.4],[ 19 -12  15 -16  11],-0.38,2.0,0.0836660026534075,0.0,-0.4,2.0,[-0.4 -0.5 -0.4 -0.3 -0.3],[2 2 2 2 2],E,1,[0.10062724 0.15237894 0.12478035 0.14950552 0.16840617],True,Beta
556211,7,10,labels,4,1-p,4r0y,A,['L' 'V' 'I' 'W'],0.850325,-0.061724998,-0.0081769999524112,0.18307385,0.009585884,0.004548421759344,[0.6826 1.0177 0.7015 0.9995],[-0.0758 -0.0576 -0.0591 -0.0544],[-0.012661 -0.008475 -0.009687 -0.001885],[0.3254891  0.39121238 0.44283    0.35773993],[0.58333338 0.50177309 0.51695039 0.48028371],[0.48830831 0.48287609 0.48886276 0.48987833],0.3793178511162599,0.5205851420760156,0.4874813730518024,0.0501278829729535,0.0444546665879605,0.0031382618154365,['-131.8' '-121.3' '-116.7' '-111.6'],['132.1' '124.0' '136.1' '131.8'],['E' 'E' 'E' 'E'],['E' 'E' 'E' 'E'],-2.05,25.25,1.2124355652982142,20.91849261618373,-2.25,-2.0,[-2.1 -0.4 -3.3 -2.4],[27 -2 27 49],-0.35,5.25,0.1290994448735805,14.5,-0.35,[-0.3 -0.2 -0.5 -0.4],[-2 27 -2 -2],-2.95,39.75,0.2886751345948127,12.41974234837422,-2.95,39.5,[-3.  -2.6 -3.3 -2.9],[29 50 29 51],-0.7749999999999999,14.25,0.6898067362191627,24.5,-0.5,2.0,[-0.5 -1.8 -0.5 -0.3],[ 2 51  2  2],E,1,[0.12515902 0.20310055 0.15997846 0.1919519  0.21274015],True,Beta
556590,86,89,labels,4,1-p,2b1h,L,['Y' 'Y' 'C' 'A'],0.812375,-0.066,-0.0084392500284593,0.18295844,0.007933894,0.0050767764023036,[0.8831 0.6628 1.0388 0.6648],[-0.0687 -0.0681 -0.0727 -0.0545],[-0.009152 -0.009908 -0.01336  -0.001337],[0.34352023 0.42100369 0.38544633 0.34430208],[0.45673762 0.48971634 0.49978727 0.45425535],[0.47730556 0.4819889  0.48633057 0.48524057],0.3735680840909481,0.475124145547549,0.4827163989345233,0.0371958845475757,0.0230562563017932,0.0040513405137358,['-123.8' '-119.7' '-83.6' '-151.4'],['126.1' '131.6' '162.6' '155.0'],['E' 'E' 'E' 'E'],['E' 'E' 'E' 'E'],-1.65,-22.75,0.9,35.81782610191002,-1.9,-2.0,[-2.2 -2.4 -0.4 -1.6],[ 17 -51  -2 -55],-0.3,-11.75,0.0816496580927726,28.075790282732918,-0.3,[-0.3 -0.4 -0.2 -0.3],[ -2  -2 -53  10],-2.55,-19.25,0.3696845502136473,39.05871648343469,-2.4,-19.5,[-2.3 -2.4 -3.1 -2.4],[ 17 -51  12 -55],-0.3,2.0,0.0816496580927726,0.0,-0.3,2.0,[-0.4 -0.2 -0.3 -0.3],[2 2 2 2],E,1,[0.11136431 0.17067895 0.14503801 0.17292985 0.18953369],True,Beta
558015,48,51,labels,4,1-p,7r65,A,['V' 'L' 'Y' 'A'],0.967075,-0.057125002,-0.0085299999918788,0.12881216,0.009384518,0.0026974448139079,[0.9128 0.8978 0.8977 1.16  ],[-0.0649 -0.0473 -0.0509 -0.0654],[-0.010863 -0.004636 -0.009356 -0.009265],[0.44038677 0.44113603 0.48140071 0.43137933],[0.49531918 0.52262414 0.52226953 0.50113477],[0.4777089  0.48619168 0.48707945 0.4828439 ],0.4485757102568944,0.5103369032343229,0.483455980817477,0.0223278866877439,0.0141842031468329,0.0042433171720534,['-103.2' '-120.3' '-118.3' '-121.2'],['130.5' '131.8' '138.6' '124.3'],['E' 'E' 'E' 'E'],['E' 'E' 'E' 'E'],-2.475,73.0,0.1707825127659934,27.80887148615228,-2.45,-2.0,[-2.5 -2.7 -2.4 -2.3],[99 51 95 47],-0.4499999999999999,-2.0,0.0577350269189625,0.0,-0.45,[-0.5 -0.5 -0.4 -0.4],[-2 -2 -2 -2],-1.7000000000000002,60.75,0.901849950564579,45.741119356657634,-2.0,71.0,[-1.8 -0.4 -2.2 -2.4],[99  2 95 47],-0.375,25.75,0.1258305739211791,47.5,-0.4,2.0,[-0.4 -0.2 -0.5 -0.4],[ 2 97  2  2],E,1,[0.1153674  0.1884295  0.1390928  0.16748762 0.19284094],True,Beta
559726,195,198,labels,4,1-p,8ojb,A,['A' 'V' 'H' 'V'],1.0529,-0.074599996,-0.0180157499853521,0.017574606,0.009563472,0.0054496767814983,[1.046  1.0496 1.0782 1.0378],[-0.0783 -0.08   -0.0798 -0.0603],[-0.011251 -0.019896 -0.024191 -0.016725],[0.44335124 0.51695806 0.5156224  0.40885259],[0.47496457 0.46943265 0.48219862 0.57822699],[0.48013889 0.46925667 0.46621556 0.47944222],0.4711960715552171,0.5012057075897853,0.4737633342544238,0.0539441128687051,0.0516128938400741,0.007075222708338,['-128.3' '-111.8' '-92.2' '-95.8'],['125.6' '116.4' '110.7' '123.2'],['E' 'E' 'E' 'E'],['E' 'E' 'E' 'E'],-2.75,66.0,0.960902353693305,92.39047569960876,-2.95,-2.0,[-1.5 -2.5 -3.4 -3.6],[146 -12 146 -16],-0.5249999999999999,-2.0,0.2217355782608345,0.0,-0.5,[-0.3 -0.4 -0.6 -0.8],[-2 -2 -2 -2],-2.575,67.0,0.478713553878169,93.54499808470077,-2.6,68.0,[-2.  -3.1 -2.8 -2.4],[148 -12 148 -16],-0.5499999999999999,2.25,0.2081665999466132,0.5,-0.55,2.0,[-0.6 -0.8 -0.5 -0.3],[2 2 2 3],E,1,[0.09824405 0.15183875 0.11424861 0.1358876  0.15681207],True,Beta
559964,24,27,labels,4,1-p,3uj2,G,['E' 'A' 'E' 'V'],0.847025,-0.083375,-0.0112779998453333,0.113925986,0.004148392,0.003603557515674,[0.9083 0.6762 0.9011 0.9025],[-0.0805 -0.0797 -0.0887 -0.0846],[-0.007504 -0.009012 -0.01348  -0.015116],[0.36241467 0.40486197 0.40391724 0.43620067],[0.43673762 0.46177308 0.45886528 0.43382981],[0.48089334 0.48333555 0.47910665 0.47540888],0.4018486365675927,0.447801448404789,0.4796861087282499,0.0302680208609793,0.0145514012280946,0.0033369800556666,['-121.0' '-123.1' '-129.0' '-104.6'],['140.2' '148.5' '124.3' '130.6'],['E' 'E' 'E' 'E'],['E' 'E' 'E' 'E'],-2.9000000000000004,-2.0,0.4546060565661953,14.047538337136986,-2.85,-2.0,[-2.4 -3.5 -2.9 -2.8],[-12  12 -16   8],-0.4,-2.0,0.0,0.0,-0.4,[-0.4 -0.4 -0.4 -0.4],[-2 -2 -2 -2],-2.4,-2.0,0.3366501646120692,14.047538337136986,-2.4,-2.0,[-2.8 -2.3 -2.5 -2. ],[-12  12 -16   8],-0.425,2.0,0.0499999999999999,0.0,-0.4,2.0,[-0.4 -0.4 -0.5 -0.4],[2 2 2 2],E,1,[0.13788834 0.23416899 0.17676925 0.21326504 0.23790838],True,Beta
561073,185,188,labels,4,1-p,2d03,H,['S' 'S' 'V' 'T'],0.80415,-0.0743,-0.0089384998427703,0.112248704,0.0045752977,0.0027388437406263,[0.7315 0.7387 0.7765 0.9699],[-0.0807 -0.0745 -0.0709 -0.0711],[-0.009477 -0.008096 -0.012366 -0.005815],[0.34303161 0.36594923 0.40478054 0.35835888],[0.46602838 0.47794328 0.4847518  0.45624117],[0.48520221 0.48336721 0.48540166 0.48273833],0.3680300650497278,0.4712411587436995,0.4841773534814517,0.0262892992679944,0.0126442157516677,0.00132619623553,['-146.1' '-125.5' '-132.4' '-123.3'],['141.2' '148.9' '144.6' '122.8'],['E' 'E' 'E' 'E'],['E' 'E' 'E' 'E'],-1.975,-29.5,0.8180260794538685,13.47837774610382,-2.1,-2.0,[-1.6 -2.7 -2.6 -1. ],[-39 -16 -43 -20],-0.35,-2.0,0.0577350269189625,0.0,-0.35,[-0.3 -0.3 -0.4 -0.4],[-2 -2 -2 -2],-1.7500000000000002,-35.75,1.2449899597988732,13.400870618483465,-1.95,-41.0,[-1.3 -2.6 -2.9 -0.2],[-39 -16 -43 -45],-0.325,1.0,0.2217355782608345,2.0,-0.4,2.0,[-0.4 -0.4 -0.5 -0. ],[ 2  2  2 -2],E,1,[0.10762771 0.16339972 0.14118707 0.17036057 0.18695926],True,Beta
561136,21,24,labels,4,1-p,5u3p,L,['I' 'T' 'C' 'R'],0.89047503,-0.085075006,-0.0129352500662207,0.10174349,0.0066570165,0.0022350831101964,[0.9385 0.742  0.9695 0.9119],[-0.0836 -0.0837 -0.0786 -0.0944],[-0.01264  -0.012453 -0.010644 -0.016004],[0.40865715 0.43163994 0.42730726 0.43134675],[0.46758868 0.46390074 0.45624117 0.44581564],[0.48129778 0.48014612 0.47827724 0.46638057],0.4247377763191859,0.4583865602811178,0.4765254259109498,0.0109011790583871,0.0096214337227803,0.006876816465504,['-117.7' '-108.8' '-124.3' '-109.2'],['131.9' '142.1' '120.4' '126.3'],['E' 'E' 'E' 'E'],['E' 'E' 'E' 'E'],-2.85,16.5,0.2081665999466132,38.75134406271177,-2.85,-2.0,[-2.8 -2.9 -3.1 -2.6],[ 52 -15  48 -19],-0.425,-2.0,0.0499999999999999,0.0,-0.4,[-0.4 -0.4 -0.4 -0.5],[-2 -2 -2 -2],-2.45,16.5,0.3415650255319866,38.75134406271177,-2.5,16.5,[-2.6 -2.  -2.8 -2.4],[ 52 -15  48 -19],-0.425,2.0,0.0957427107756338,0.0,-0.45,2.0,[-0.4 -0.5 -0.5 -0.3],[2 2 2 2],E,1,[0.13182313 0.22270544 0.16517408 0.19926725 0.22539546],True,Beta
561292,36,39,labels,4,1-p,6n1b,A,['D' 'V' 'V' 'V'],0.98425,-0.07225,-0.0118974999058991,0.16945715,0.0010535672,0.001481940311337,[1.1217 0.7369 1.0433 1.0351],[-0.0712 -0.0719 -0.0737 -0.0722],[-0.012693 -0.010355 -0.013555 -0.010987],[0.44434482 0.47267018 0.4585645  0.43774805],[0.50822696 0.48453902 0.48382981 0.47588655],[0.48179835 0.47966502 0.48061278 0.47695056],0.4533318877220154,0.488120585680008,0.4797566781441371,0.0155453417660715,0.0139663435122985,0.0020643051988098,['-141.8' '-108.6' '-112.3' '-109.7'],['117.4' '139.2' '121.7' '122.6'],['E' 'E' 'E' 'E'],['E' 'E' 'E' 'E'],-1.6749999999999998,6.0,1.4522970311429635,9.38083151964686,-1.5,4.0,[-2.5 -0.4 -3.3 -0.5],[16 -2 12 -2],-0.225,5.0,0.1258305739211791,8.246211251235321,-0.2,[-0.1 -0.2 -0.4 -0.2],[-2 14 -2 10],-1.45,8.0,1.2179217270963405,7.118052168020874,-1.45,7.0,[-2.6 -0.5 -2.4 -0.3],[16  2 12  2],-0.325,7.0,0.15,6.0,-0.3,6.0,[-0.4 -0.2 -0.5 -0.2],[ 2 14  2 10],E,1,[0.12498669 0.21048577 0.14959554 0.17952209 0.20639443],True,Beta
561512,220,223,labels,4,l3(10),8b9y,B,['I' 'F' 'A' 'V'],0.84965,-0.091775,-0.0150227502454072,0.029901458,0.009859473,0.0059610146201519,[0.8324 0.8397 0.8942 0.8323],[-0.1049 -0.0861 -0.0935 -0.0826],[-0.018827 -0.01081  -0.021322 -0.009132],[0.42395186 0.41800664 0.41799036 0.35462888],[0.39943266 0.43652485 0.45234045 0.42304968],[0.45711945 0.47168945 0.47707557 0.47797556],0.4036444338659445,0.4278369098901748,0.4709650079409281,0.0327973326391974,0.0224025518172518,0.009638652912248,['-119.1' '-118.1' '-92.6' '-114.9'],['120.1' '123.6' '145.6' '138.4'],['E' 'E' 'E' 'E'],['E' 'E' 'E' 'E'],-1.775,-4.5,1.1176612486199324,30.686587732536616,-1.95,-2.0,[-0.3 -2.9 -2.3 -1.6],[ -2 -27  38 -27],-0.375,-8.25,0.15,12.5,-0.4,[-0.2 -0.5 -0.5 -0.3],[-27  -2  -2  -2],-2.4,7.25,0.559761854124889,37.24133008723865,-2.25,7.0,[-2.2 -2.3 -3.2 -1.9],[ 39 -25  40 -25],-0.6000000000000001,16.5,0.6055300708194984,18.284784202536635,-0.35,12.0,[-1.5 -0.3 -0.4 -0.2],[40  2  2 22],E,1,[0.13835235 0.23490314 0.17701325 0.21268466 0.23704661],True,Beta
562154,131,134,labels,4,1-p,5foe,A,['V' 'I' 'Y' 'L'],0.99787503,-0.059200004,-0.0137505000457167,0.18637422,0.009376211,0.0041556020546999,[0.9816 1.1202 1.149  0.7407],[-0.051  -0.0512 -0.0665 -0.0681],[-0.012539 -0.013361 -0.019496 -0.009606],[0.38414327 0.52950006 0.49026154 0.37783969],[0.59432626 0.5186525  0.50652484 0.43609931],[0.4778061  0.47477999 0.47640944 0.48172222],0.4454361411432426,0.5139007270336151,0.4776794364054998,0.0761624463683362,0.0648030590687657,0.0029653432927475,['-109.9' '-116.5' '-77.5' '93.7'],['133.0' '116.1' '-64.9' '120.9'],['E' 'E' '' ''],['E' 'E' '' ''],-1.775,59.75,1.3744695946679455,14.174507634012077,-2.05,-2.0,[-1.2 -2.9 -2.9 -0.1],[53 81 53 52],-0.325,18.5,0.1707825127659933,41.0,-0.35,[-0.3 -0.4 -0.5 -0.1],[-2 -2 -2 80],-1.075,48.5,1.0719919153924,33.78855822118882,-0.8,54.5,[-1.3 -2.5 -0.2 -0.3],[55 83 54  2],-0.2749999999999999,27.75,0.15,31.48941621137701,-0.2,28.5,[-0.5 -0.2 -0.2 -0.2],[ 2 55 -1 55],,1,[0.1222318  0.20253551 0.14566431 0.17387235 0.19850571],True,Beta
562761,276,281,labels,6,1-p,6pzj,A,['T' 'H' 'Y' 'Y' 'F' 'P'],0.98205,-0.06451666,-0.0139651667171468,0.1299938,0.00798033,0.0056795258672412,[1.1609 0.7608 0.9756 1.0223 0.9559 1.0168],[-0.0714 -0.0717 -0.07   -0.0522 -0.0585 -0.0633],[-0.024006 -0.015469 -0.011569 -0.007056 -0.013899 -0.011792],[0.36754548 0.47192091 0.44934533 0.48112381 0.48783459 0.39860728],[0.59929081 0.48716314 0.50078017 0.51014188 0.51489365 0.48290784],[0.47473555 0.47164222 0.48105889 0.48193112 0.48180722 0.4852139 ],0.4427295666601923,0.5158629135953056,0.4793981479273903,0.0489977678487551,0.0427342638994635,0.0051126289478705,['-107.5' '-112.1' '-114.9' '-121.4' '-115.6' '-68.6'],['132.5' '133.9' '130.7' '115.7' '106.3' '142.6'],['E' 'E' 'E' 'E' 'E' 'E'],['E' 'E' 'E' 'E' 'E' 'E'],-2.3833333333333333,5.5,1.1990273836183505,13.322912594474229,-2.75,-2.0,[-2.5 -3.3 -2.7 -3.  -2.8  0. ],[ 21  -7  17 -11  13   0],-0.3333333333333333,-1.6666666666666667,0.1751190071541826,0.816496580927726,-0.4,[-0.3 -0.4 -0.4 -0.4 -0.5  0. ],[-2 -2 -2 -2 -2  0],-1.9333333333333336,5.833333333333333,0.8801515021101007,13.182058514005568,-2.25,7.5,[-2.6 -1.6 -2.6 -2.2 -2.3 -0.3],[ 21  -7  17 -11  13   2],-0.3,5.666666666666667,0.1549193338482966,5.819507424745384,-0.3,2.0,[-0.4 -0.4 -0.5 -0.2 -0.1 -0.2],[ 2  2  2 15  2 11],E,1,[0.12525635 0.20991666 0.15020926 0.17988305 0.2057192 ],True,Beta
562771,65,68,labels,4,1-p,3elk,A,['S' 'E' 'S' 'S'],0.77755,-0.072974995,-0.0114495001034811,0.14264832,0.007863153,0.0037878080229453,[0.6947 0.9869 0.68   0.7486],[-0.0768 -0.0775 -0.0612 -0.0764],[-0.013771 -0.011945 -0.005952 -0.01413 ],[0.41561225 0.38466449 0.39344388 0.36480906],[0.45957449 0.48546102 0.48574471 0.50539009],[0.47427722 0.48240667 0.48220722 0.49072668],0.3896324187517166,0.4840425774455071,0.4824044456084569,0.0210583206536254,0.0187910679337387,0.0067169017404134,['-104.2' '-132.6' '-110.3' '-112.4'],['151.2' '121.8' '139.6' '167.7'],['E' 'E' 'E' 'E'],['E' 'E' 'E' 'E'],-1.6749999999999998,4.0,1.5392097539538483,7.118052168020874,-1.4,4.0,[-0.4 -2.4 -0.4 -3.5],[-2 12 -2  8],-0.275,5.0,0.0957427107756338,8.246211251235321,-0.25,[-0.2 -0.3 -0.2 -0.4],[14 -2 10 -2],-1.525,6.0,1.379311422413372,4.898979485566356,-1.4,5.0,[-0.4 -2.4 -0.3 -3. ],[ 2 12  2  8],-0.3,7.0,0.1154700538379251,6.0,-0.3,6.0,[-0.2 -0.4 -0.2 -0.4],[14  2 10  2],E,1,[0.0917351  0.13028916 0.12215209 0.14730116 0.1602451 ],True,Beta
562882,174,177,labels,4,1-p,1gaf,L,['S' 'L' 'S' 'S'],0.781125,-0.078125,-0.0093819999601691,0.11176145,0.007375806,0.0026648612725353,[0.7787 0.6512 0.7704 0.9242],[-0.0889 -0.0734 -0.0733 -0.0769],[-0.010623 -0.005865 -0.00897  -0.01207 ],[0.34075123 0.35839145 0.38209094 0.41219172],[0.43695038 0.4712057  0.47971634 0.4802128 ],[0.48110665 0.48585666 0.48505278 0.48138334],0.3733563348650933,0.4670213038722675,0.4833498597145081,0.0309382222427825,0.0204690773113708,0.0024551436923501,['-135.1' '-136.5' '-127.5' '-125.7'],['142.2' '143.6' '141.3' '130.1'],['E' 'E' 'E' 'E'],['E' 'E' 'E' 'E'],-1.975,-24.5,1.120639698267616,19.739976359323904,-2.5,-2.0,[-0.3 -2.6 -2.4 -2.6],[ -2 -39 -14 -43],-0.3,-10.5,0.0816496580927726,17.0,-0.3,[-0.2 -0.3 -0.3 -0.4],[-36  -2  -2  -2],-2.625,-26.5,0.505799696849784,16.901676445449624,-2.65,-26.5,[-2.5 -3.2 -2.  -2.8],[-10 -39 -14 -43],-0.4,2.0,0.0816496580927726,0.0,-0.4,2.0,[-0.3 -0.4 -0.4 -0.5],[2 2 2 2],E,1,[0.09197919 0.13059163 0.12205238 0.14639435 0.1592285 ],True,Beta
564033,89,92,labels,4,1-p,1ccz,A,['F' 'L' 'Y' 'V'],1.03505,-0.085274994,-0.0171950000803917,0.15496975,0.008795973,0.0035108002471593,[1.2424 0.8922 0.9455 1.0601],[-0.0865 -0.0746 -0.084  -0.096 ],[-0.020506 -0.012236 -0.018199 -0.017839],[0.4861569  0.50169594 0.47200234 0.42155747],[0.48673763 0.46446812 0.45773052 0.42843975],[0.47628389 0.47169945 0.4731811  0.47342055],0.4703531612952551,0.4593440045913061,0.4736462458968163,0.034717275504715,0.0240440133077084,0.0019161145118772,['-105.9' '-99.3' '-112.8' '-111.6'],['117.1' '129.2' '136.9' '114.2'],['E' 'E' 'E' 'E'],['E' 'E' 'E' 'E'],-2.375,-47.75,1.3326039671760448,44.58979703923309,-2.9,-2.0,[-3.3 -3.  -2.8 -0.4],[-86 -17 -86  -2],-0.45,-7.25,0.2081665999466132,10.5,-0.45,[-0.4 -0.7 -0.5 -0.2],[ -2  -2  -2 -23],-1.95,-45.75,1.3916417163432069,44.84324549658139,-2.15,-50.5,[-3.  -1.3 -3.2 -0.3],[-84 -17 -84   2],-0.425,-19.5,0.1707825127659933,43.0,-0.45,2.0,[-0.5 -0.4 -0.6 -0.2],[  2   2   2 -84],E,1,[0.10265828 0.16123932 0.12018224 0.14347605 0.1656683 ],True,Beta
564894,203,206,labels,4,1-p,6bpb,A,['S' 'S' 'V' 'T'],0.79257506,-0.07265,-0.0088915000669658,0.063645855,0.00814105,0.0026673806153345,[0.7539 0.7588 0.7701 0.8875],[-0.0847 -0.0701 -0.0669 -0.0689],[-0.011083 -0.007797 -0.011058 -0.005628],[0.35006814 0.37182931 0.39359048 0.33534351],[0.46432626 0.48106384 0.49226953 0.45723407],[0.48326665 0.48336777 0.48639834 0.4844939 ],0.3627078620096048,0.4737234264612199,0.4843816657861075,0.0254657086258666,0.0158959631185305,0.0014549694328252,['-139.6' '-118.0' '-134.9' '-122.9'],['138.2' '149.1' '141.4' '125.5'],['E' 'E' 'E' 'E'],['E' 'E' 'E' 'E'],-2.1750000000000003,-29.5,0.5560275772537426,13.47837774610382,-2.3,-2.0,[-2.2 -2.7 -2.4 -1.4],[-39 -16 -43 -20],-0.35,-2.0,0.0577350269189625,0.0,-0.35,[-0.3 -0.4 -0.3 -0.4],[-2 -2 -2 -2],-2.1500000000000004,-24.0,1.2871156384205211,21.02379604162864,-2.55,-27.5,[-2.3 -2.8 -3.2 -0.3],[-39 -16 -43   2],-0.35,-9.75,0.1290994448735805,23.5,-0.35,2.0,[-0.3 -0.4 -0.5 -0.2],[  2   2   2 -45],E,1,[0.11086609 0.16908583 0.14614887 0.1754751  0.19127613],True,Beta
566193,86,89,labels,4,1-p,5x5x,L,['Y' 'F' 'C' 'S'],0.801,-0.077125,-0.010787000064738,0.17277026,0.0073218276,0.0032567642221196,[0.9171 0.6747 0.9794 0.6328],[-0.0824 -0.0748 -0.0835 -0.0678],[-0.014417 -0.009854 -0.012097 -0.00678 ],[0.36088357 0.41880477 0.37249713 0.39235256],[0.44319152 0.46758867 0.47794328 0.51843974],[0.46952335 0.47979557 0.48403834 0.48972444],0.3861345102389654,0.4767908031741778,0.4807704240083695,0.0253613763649282,0.0313557718089123,0.0085303510082375,['-96.4' '-123.5' '-95.8' '-151.2'],['134.4' '139.9' '160.1' '145.4'],['E' 'E' 'E' 'E'],['E' 'E' 'E' 'E'],-1.875,-23.0,1.0874281585465773,35.44949458972112,-2.05,-2.0,[-3.  -2.2 -0.4 -1.9],[ 16 -51  -2 -55],-0.35,-14.75,0.1290994448735805,25.5,-0.35,[-0.5 -0.4 -0.2 -0.3],[ -2  -2 -53  -2],-2.5,-19.75,0.5416025603090641,38.48268008684773,-2.7,-20.0,[-1.7 -2.7 -2.9 -2.7],[ 16 -51  11 -55],-0.35,2.0,0.0577350269189625,0.0,-0.35,2.0,[-0.4 -0.3 -0.3 -0.4],[2 2 2 2],E,1,[0.12334572 0.1789379  0.15219884 0.17106398 0.17520479],True,Beta
566202,176,180,labels,5,1-p,5x5x,L,['S' 'S' 'T' 'L' 'T'],1.0035,-0.06444,-0.0110922000370919,0.14544067,0.008311619,0.0037486603406922,[0.9097 1.1803 0.9126 1.1421 0.8728],[-0.0757 -0.0664 -0.0605 -0.0664 -0.0532],[-0.011974 -0.012294 -0.011578 -0.01483  -0.004785],[0.44198302 0.48907249 0.52692649 0.47683996 0.41668727],[0.47411351 0.49460997 0.50120572 0.51056741 0.47602838],[0.48152333 0.48008556 0.47849891 0.48267057 0.48119056],0.4703018466631571,0.4913049995899201,0.4807937860488892,0.0426553412225714,0.015881669344651,0.0015795593198114,['-105.0' '-115.7' '-115.5' '-95.2' '-114.8'],['135.2' '121.0' '114.4' '122.8' '123.1'],['E' 'E' 'E' 'E' 'E'],['E' 'E' 'E' 'E' 'E'],-2.64,-28.8,0.2880972058177587,15.122830422906947,-2.7,-2.0,[-2.3 -3.  -2.7 -2.8 -2.4],[-14 -43 -18 -47 -22],-0.48,-2.0,0.0836660026534075,0.0,-0.5,[-0.4 -0.4 -0.5 -0.6 -0.5],[-2 -2 -2 -2 -2],-1.9,-24.0,1.036822067666386,20.627651344736268,-2.0,-18.0,[-2.  -2.9 -1.6 -2.7 -0.3],[-14 -43 -18 -47   2],-0.4600000000000001,-8.2,0.151657508881031,22.80789337049785,-0.5,2.0,[-0.5 -0.6 -0.5 -0.5 -0.2],[  2   2   2   2 -49],E,1,[0.12419318 0.20836114 0.14748747 0.17646008 0.2025358 ],True,Beta
566875,275,278,labels,4,1-p,2bkl,B,['Y' 'E' 'V' 'H'],0.8155,-0.05095,-0.0073630000697448,0.18193698,0.0046836585,0.0029860608093642,[0.6914 1.0349 0.6429 0.8928],[-0.0461 -0.0567 -0.0484 -0.0526],[-0.005008 -0.008441 -0.004901 -0.011102],[0.40860827 0.38590238 0.41870701 0.38464819],[0.52205676 0.53106387 0.52645395 0.54425538],[0.48580555 0.48980556 0.48642002 0.4880328 ],0.3994664649168651,0.5309574902057648,0.4875159809986751,0.0169049960610132,0.0095977421579492,0.0017922034024333,['-145.2' '-125.5' '-121.9' '-127.5'],['129.9' '131.9' '138.1' '136.1'],['E' 'E' 'E' 'E'],['E' 'E' 'E' 'E'],-1.25,3.5,1.0408329997330663,6.557438524302,-1.25,3.5,[-0.3 -2.2 -0.4 -2.1],[-2 11 -2  7],-0.3,4.5,0.1154700538379251,7.681145747868608,-0.3,[-0.2 -0.4 -0.2 -0.4],[13 -2  9 -2],-1.625,5.5,1.4150971698084909,4.358898943540674,-1.6,4.5,[-0.4 -2.9 -0.4 -2.8],[ 2 11  2  7],-0.3,6.5,0.1154700538379251,5.446711546122731,-0.3,5.5,[-0.2 -0.4 -0.2 -0.4],[13  2  9  2],E,1,[0.10453987 0.14420565 0.129555   0.14691848 0.151486  ],True,Beta
566889,389,392,labels,4,1-p,2bkl,B,['Q' 'I' 'Y' 'K'],0.945675,-0.093575,-0.0153015002142637,0.18654692,0.006398113,0.002175572444094,[0.9019 0.9579 0.7358 1.1871],[-0.0928 -0.0943 -0.0858 -0.1014],[-0.012478 -0.017439 -0.016488 -0.014801],[0.40536692 0.42277911 0.46923335 0.39111468],[0.43404259 0.44475181 0.43865251 0.43255322],[0.464465   0.47421943 0.47292887 0.47854276],0.4221235153575739,0.4375000322858493,0.4725390175978343,0.0339710579223233,0.0054876006359219,0.0058937957218223,['-118.2' '-105.2' '-110.6' '-104.9'],['131.4' '130.6' '140.1' '127.7'],['E' 'E' 'E' 'E'],['E' 'E' 'E' 'E'],-2.7750000000000004,0.75,0.1499999999999998,12.685293322058683,-2.8,-2.0,[-2.6 -2.9 -2.9 -2.7],[ -8  14 -12   9],-0.375,2.5,0.1258305739211791,9.0,-0.4,[-0.2 -0.4 -0.5 -0.4],[16 -2 -2 -2],-2.5,0.5,0.648074069840786,12.342339054382412,-2.55,0.5,[-3.1 -3.  -2.1 -1.8],[ -8  13 -12   9],-0.75,5.0,0.6403124237432849,6.0,-0.5,2.0,[-0.5 -1.7 -0.5 -0.3],[ 2 14  2  2],E,1,[0.11109592 0.17636735 0.13549037 0.16222331 0.18447769],True,Beta
567010,12,15,labels,4,1-p,9k1m,A,['T' 'V' 'I' 'I'],0.94437504,-0.080575,-0.0177367497235536,0.19766892,0.0099211475,0.005554935700318,[1.0699 0.9153 0.6771 1.1152],[-0.0826 -0.0764 -0.0933 -0.07  ],[-0.020829 -0.009527 -0.021417 -0.019174],[0.4037381  0.43364342 0.44102202 0.35816343],[0.42432628 0.45936174 0.46829791 0.57730501],[0.4632139  0.47123723 0.47215667 0.48680501],0.4091417416930199,0.4823227350910505,0.4733532046278318,0.0376150317298479,0.0661037669835956,0.0098262509955228,['-124.1' '-113.0' '-113.7' '-79.5'],['113.7' '129.1' '137.1' '132.6'],['E' 'E' 'E' 'E'],['E' 'E' 'E' 'E'],-1.875,184.0,1.1324751652906124,108.0,-2.3,-2.0,[-0.2 -2.7 -2.3 -2.3],[238 238  22 238],-0.325,49.25,0.2217355782608345,102.5,-0.4,[-0.  -0.4 -0.5 -0.4],[203  -2  -2  -2],-2.8500000000000005,132.0,0.1732050807568877,125.2863387072456,-2.8,132.0,[-2.7 -3.1 -2.8 -2.8],[ 23 240  24 241],-0.6749999999999999,67.0,0.55,115.79867587038002,-0.4,13.0,[-1.5 -0.4 -0.4 -0.4],[ 24   2   2 240],E,1,[0.13421332 0.2301905  0.16374577 0.19667004 0.22409847],True,Beta
568087,42,46,labels,5,1-p,3hjh,A,['V' 'V' 'L' 'I' 'A'],0.94363993,-0.095,-0.0218059998005628,0.19120915,0.007471278,0.0050735297230893,[0.733  1.0913 0.9768 1.1567 0.7604],[-0.1047 -0.0985 -0.0849 -0.0912 -0.0957],[-0.020425 -0.021136 -0.020735 -0.01649  -0.030244],[0.39217341 0.45625158 0.52526511 0.47136712 0.45701712],[0.37198584 0.43397166 0.44354614 0.44553195 0.4721277 ],[0.45668779 0.46539113 0.46757723 0.46251722 0.43937445],0.460414868593216,0.4334326585133871,0.4583095630009969,0.0474638801991853,0.0371550232055119,0.0113458294263193,['-119.9' '-111.5' '-97.0' '-97.9' '-98.1'],['133.9' '116.8' '118.2' '112.6' '150.9'],['E' 'E' 'E' 'E' 'E'],['E' 'E' 'E' 'E' 'E'],-2.26,132.4,0.8324662155306963,96.39917012090925,-2.4,-2.0,[-2.4 -2.1 -2.5 -3.3 -1. ],[ 62 238  62 238  62],-0.5,46.0,0.1999999999999999,107.33126291998992,-0.6,[-0.2 -0.4 -0.6 -0.6 -0.7],[238  -2  -2  -2  -2],-2.3,134.4,0.4472135954999579,96.39917012090925,-2.3,64.0,[-2.5 -2.3 -2.9 -1.7 -2.1],[ 64 240  64 240  64],-0.42,61.6,0.2949576240750525,103.0572656342094,-0.6,2.0,[-0.6 -0.6 -0.7 -0.1 -0.1],[  2   2   2  62 240],E,1,[0.1060275  0.1660975  0.12937044 0.15557426 0.17765348],True,Beta
568652,221,224,labels,4,1-p,5e8e,B,['D' 'V' 'T' 'V'],0.888925,-0.107999995,-0.0184542497154325,0.12835056,0.007100705,0.0066366674959618,[0.9355 0.6982 0.9766 0.9454],[-0.0998 -0.1052 -0.1163 -0.1107],[-0.009571 -0.019363 -0.025651 -0.019232],[0.36067183 0.42517349 0.42678603 0.41593802],[0.40468091 0.41042557 0.40269507 0.36695038],[0.47623501 0.46967501 0.46430778 0.45630721],0.4071423411369324,0.3961879834532739,0.4666312535603842,0.0313468192958336,0.0197654429050453,0.0084356591551208,['-120.2' '-131.3' '-76.7' '-120.6'],['134.2' '129.6' '127.4' '107.6'],['E' 'E' 'E' 'E'],['E' 'E' 'E' 'E'],-1.475,-8.0,1.35,7.118052168020874,-1.15,-6.0,[-0.4 -1.9 -0.4 -3.2],[ -2 -12  -2 -16],-0.3,-7.0,0.1154700538379251,6.0,-0.3,[-0.2 -0.4 -0.2 -0.4],[-10  -2 -14  -2],-1.425,-10.0,1.3022416570411706,8.16496580927726,-1.45,-13.0,[-0.4 -2.5 -0.2 -2.6],[  2 -12 -14 -16],-0.175,-2.0,0.1707825127659933,5.656854249492381,-0.15,0.0,[-0.2 -0.4 -0.  -0.1],[-10   2  -2   2],E,1,[0.09161902 0.13481264 0.11490349 0.13914134 0.15747073],True,Beta
568720,35,38,labels,4,1-p,3uji,L,['W' 'Y' 'Q' 'Q'],0.85105,-0.089625,-0.012694250093773,0.14053777,0.009175102,0.001566225702617,[0.7542 0.7068 0.9716 0.9716],[-0.0945 -0.0994 -0.0859 -0.0787],[-0.012082 -0.013986 -0.013949 -0.01076 ],[0.36883226 0.39622918 0.43163994 0.41685016],[0.43645392 0.43985817 0.45106384 0.41751774],[0.47904834 0.47776833 0.47850278 0.46326389],0.4033878842989604,0.4362234175205231,0.4746458356579145,0.0272320259140483,0.0139451908716795,0.0076060670336913,['-130.3' '-120.8' '-103.4' '-126.7'],['135.5' '144.1' '128.3' '106.4'],['E' 'E' 'E' 'E'],['E' 'E' 'E' 'E'],-2.8750000000000004,29.75,0.3593976442141303,22.381167678802345,-2.75,-2.0,[-2.8 -2.6 -2.7 -3.4],[13 51  8 47],-0.4,-2.0,0.0816496580927726,0.0,-0.4,[-0.3 -0.4 -0.4 -0.5],[-2 -2 -2 -2],-2.425,29.5,0.6020797289396148,22.63478149515328,-2.55,29.5,[-3.  -2.4 -1.6 -2.7],[12 51  8 47],-0.625,5.0,0.5499999999999999,5.354126134736337,-0.5,2.5,[-1.4 -0.5 -0.5 -0.1],[13  2  2  3],E,1,[0.13835648 0.23486896 0.17690463 0.21281352 0.23705641],True,Beta
568822,22,25,labels,4,1-p,5dwd,A,['L' 'V' 'V' 'L'],0.9268,-0.079624996,-0.0157922501675784,0.18235189,0.007656968,0.003676828359338,[0.6812 1.0012 1.1105 0.9143],[-0.0824 -0.0682 -0.0836 -0.0843],[-0.011091 -0.014794 -0.019422 -0.017862],[0.32384397 0.45491591 0.49288394 0.46968941],[0.5531206  0.47219862 0.4708511  0.44560287],[0.48214667 0.47482946 0.47106779 0.46788999],0.4353333078324795,0.4854432990153631,0.4739834765593211,0.0759512290968773,0.0467469456346169,0.0061369153250438,['-139.5' '-119.6' '-104.3' '-104.2'],['134.8' '120.7' '120.3' '128.1'],['E' 'E' 'E' 'E'],['E' 'E' 'E' 'E'],-2.6750000000000003,58.5,0.1499999999999999,35.21836642056717,-2.6,-2.0,[-2.6 -2.6 -2.6 -2.9],[89 28 89 28],-0.4499999999999999,-2.0,0.1290994448735805,0.0,-0.45,[-0.3 -0.4 -0.5 -0.6],[-2 -2 -2 -2],-2.1,53.5,1.0923979738782623,44.784669996179126,-2.55,60.5,[-2.8 -2.3 -2.8 -0.5],[91 30 91  2],-0.45,24.25,0.1732050807568877,44.5,-0.5,2.0,[-0.5 -0.6 -0.5 -0.2],[ 2  2  2 91],E,1,[0.13095794 0.22008301 0.16118627 0.19261902 0.21741016],True,Beta
570810,21,24,labels,4,1-p,7b3o,H,['S' 'C' 'A' 'A'],0.87497497,-0.077925004,-0.0142934997566044,0.17726864,0.007283943,0.0058298362663603,[0.7065 0.9955 1.0574 0.7405],[-0.0811 -0.0806 -0.0829 -0.0671],[-0.009234 -0.01552  -0.02202  -0.0104  ],[0.41546566 0.44945935 0.45499737 0.36892999],[0.46141847 0.46482273 0.47475181 0.53120571],[0.47933388 0.47401443 0.47336666 0.48819278],0.4222130949298541,0.4830496807893117,0.4787269358833632,0.0395886526507566,0.0325985133262603,0.0068534858129682,['-134.1' '-138.2' '-94.0' '-96.7'],['149.3' '106.2' '119.3' '148.9'],['E' 'E' 'E' 'E'],['E' 'E' 'E' 'E'],-2.575,19.0,0.2872281323269015,40.4804479553607,-2.45,-2.0,[-2.5 -2.4 -3.  -2.4],[-14  56 -18  52],-0.4,-2.0,0.1414213562373095,0.0,-0.35,[-0.3 -0.3 -0.4 -0.6],[-2 -2 -2 -2],-1.95,6.5,1.0630145812734648,34.11255878216506,-2.3,-6.0,[-2.2 -2.8 -2.4 -0.4],[-14  56 -18   2],-0.375,-3.5,0.1707825127659933,11.0,-0.35,2.0,[-0.4 -0.6 -0.3 -0.2],[  2   2   2 -20],E,1,[0.13701199 0.23733299 0.17314461 0.21126187 0.24124854],True,Beta
571223,368,371,labels,4,1-p,2fim,A,['M' 'T' 'V' 'I'],0.87925,-0.051225,-0.0076490000355988,0.14335322,0.007974281,0.0042077638513965,[0.6897 1.0359 0.8778 0.9136],[-0.0528 -0.0615 -0.0478 -0.0428],[-0.008936 -0.010915 -0.009273 -0.001472],[0.42944102 0.4240496  0.46051911 0.36236581],[0.53602839 0.52333335 0.53042555 0.49411349],[0.41955333 0.48382    0.48796667 0.48900502],0.4190938832859199,0.5209751948714256,0.4700862541794777,0.0410923596534354,0.0186459963946621,0.0337630029415053,['-117.7' '-120.0' '-119.0' '-119.2'],['141.1' '127.5' '128.6' '130.8'],['E' 'E' 'E' 'E'],['E' 'E' 'E' 'E'],-1.925,4.5,1.1146748404803977,22.63478149515328,-2.35,-2.0,[-0.3 -2.1 -2.7 -2.6],[ -2  -7  38 -11],-0.35,-2.75,0.1,1.5,-0.4,[-0.2 -0.4 -0.4 -0.4],[-5 -2 -2 -2],-2.35,15.5,0.6757711644237765,28.384267943117127,-2.5,15.5,[-1.4 -2.5 -3.  -2.5],[ 42  -7  38 -11],-0.35,10.5,0.1,17.0,-0.4,2.0,[-0.4 -0.4 -0.4 -0.2],[ 2  2  2 36],E,1,[0.1243719  0.20382815 0.15671813 0.18851419 0.21171682],True,Beta
571462,8,11,labels,4,l3(10),8txn,A,['I' 'T' 'R' 'H'],0.833675,-0.0872,-0.0134054999798536,0.014860554,0.0036941394,0.0028681714279294,[0.8308 0.8413 0.8142 0.8484],[-0.0856 -0.0887 -0.0915 -0.083 ],[-0.011098 -0.01326  -0.011775 -0.017489],[0.39197794 0.404976   0.40784274 0.51860316],[0.4641135  0.44978726 0.45163123 0.46219861],[0.47738555 0.47992612 0.47637557 0.45925725],0.4308499569694202,0.4569326490163803,0.473236121237278,0.0589079842497032,0.0072676596017338,0.0094382017273735,['-120.3' '-118.6' '-120.9' '-112.7'],['142.0' '132.3' '136.8' '133.4'],['E' 'E' 'E' 'E'],['E' 'E' 'E' 'E'],-1.825,58.75,1.5195942440884234,49.42587041890781,-1.6,-2.0,[-3.7 -0.8 -2.4 -0.4],[101  39  97  -2],-0.35,22.25,0.1,48.5,-0.4,[-0.4 -0.4 -0.4 -0.2],[-2 -2 -2 95],-1.525,88.25,1.4728091073410248,62.904027428032514,-1.2,99.0,[-3.4 -0.4 -2.  -0.3],[101   2  97 153],-0.3,49.5,0.1154700538379251,54.872579673275794,-0.3,48.5,[-0.4 -0.2 -0.4 -0.2],[ 2 99  2 95],E,1,[0.1313863  0.21677599 0.1694466  0.20353999 0.22479488],True,Beta
573944,34,38,labels,5,1-p,7r7m,B,['E' 'A' 'I' 'V' 'A'],1.00626,-0.064459994,-0.0131204000674188,0.14253096,0.0047003203,0.0066444754448014,[0.9453 1.0561 0.8974 0.8989 1.2336],[-0.0706 -0.0665 -0.0657 -0.0603 -0.0592],[-0.022002 -0.017197 -0.009753 -0.011772 -0.004878],[0.37932192 0.47216523 0.46460746 0.49351919 0.42274653],[0.59099294 0.49446811 0.50177309 0.50695039 0.4782979 ],[0.4763622  0.47280443 0.47848777 0.48533166 0.48296778],0.4464720636606217,0.5144964853922527,0.4791907687981924,0.045482155889517,0.0441078477392298,0.0050313224018563,['-130.5' '-87.7' '-126.1' '-111.6' '-119.0'],['121.6' '132.7' '128.4' '132.7' '89.7'],['E' 'E' 'E' 'E' 'E'],['E' 'E' 'E' 'E' 'E'],-2.24,-15.6,1.0945318634009702,23.765521244020714,-2.7,-2.0,[-2.1 -0.4 -3.1 -2.7 -2.9],[-32  -2 -32  20 -32],-0.36,2.4,0.0547722557505166,9.838699100999076,-0.4,[-0.3 -0.3 -0.4 -0.4 -0.4],[-2 20 -2 -2 -2],-2.4799999999999995,-9.2,0.6058052492344383,28.481572990268635,-2.6,-30.0,[-2.4 -2.8 -3.1 -2.6 -1.5],[-30  22 -30  22 -30],-0.36,-10.6,0.0894427190999916,17.256882684888367,-0.4,2.0,[-0.4 -0.4 -0.4 -0.2 -0.4],[  2   2   2 -30 -29],E,1,[0.12292354 0.20492298 0.14588675 0.17424252 0.19958147],True,Beta
574807,297,300,labels,4,1-p,4gdp,B,['V' 'I' 'F' 'E'],0.98045003,-0.079125,-0.0142324997577816,0.09266704,0.0028929529,0.0022318438673045,[0.9077 0.9412 1.116  0.9569],[-0.0825 -0.0784 -0.0756 -0.08  ],[-0.012769 -0.016461 -0.015792 -0.011908],[0.40230472 0.48293181 0.49094566 0.44292774],[0.45241137 0.4705674  0.47234045 0.45524826],[0.48004665 0.47498776 0.4754661  0.47010667],0.4547774816552798,0.4626418699820837,0.4751517946521442,0.0408028206613871,0.0102665326058508,0.0040636016471064,['-131.6' '-99.1' '-110.2' '-104.0'],['125.5' '127.8' '116.2' '123.3'],['E' 'E' 'E' 'E'],['E' 'E' 'E' 'E'],-2.7250000000000005,104.5,0.3774917217635374,35.29400326778852,-2.8,-2.0,[-2.2 -3.1 -2.8 -2.8],[ 76 137  72 133],-0.475,-2.0,0.0957427107756337,0.0,-0.45,[-0.4 -0.4 -0.5 -0.6],[-2 -2 -2 -2],-2.95,104.25,0.5802298395176405,35.02737025051505,-2.9,104.0,[-3.  -2.3 -2.8 -3.7],[ 76 137  72 132],-0.75,34.75,0.4358898943540673,65.5,-0.55,2.0,[-0.5 -0.6 -0.5 -1.4],[  2   2   2 133],E,1,[0.12198955 0.20193062 0.14644176 0.17482433 0.19968717],True,Beta
575003,65,68,labels,4,1-p,2ifx,B,['G' 'E' 'C' 'W'],0.778825,-0.0619,-0.0073155000573024,0.07690614,0.009014432,0.0018673975800188,[0.7595 0.7013 0.7695 0.885 ],[-0.0502 -0.0672 -0.0705 -0.0597],[-0.005998 -0.006819 -0.010071 -0.006374],[0.3803481  0.36327796 0.38371977 0.40507373],[0.5034752  0.50503548 0.49829789 0.49602839],[0.48514278 0.48728443 0.48707554 0.47788109],0.3831048905849458,0.5007092406352361,0.4843459601203601,0.0171630911925841,0.0042462459466836,0.0044164322892655,['-112.3' '-144.9' '-111.7' '-118.9'],['150.2' '131.8' '139.0' '135.7'],['E' 'E' 'E' 'E'],['E' 'E' 'E' 'E'],-2.6250000000000004,-34.5,0.1707825127659933,19.192012227313043,-2.6500000000000004,-2.0,[-2.6 -2.7 -2.8 -2.4],[-49 -16 -53 -20],-0.4,-2.0,0.0816496580927726,0.0,-0.4,[-0.5 -0.3 -0.4 -0.4],[-2 -2 -2 -2],-2.4,-34.75,0.5033222956847168,18.945096111307187,-2.3,-35.0,[-3.1 -1.9 -2.3 -2.3],[-49 -16 -53 -21],-0.6000000000000001,-3.5,0.3999999999999999,11.0,-0.4,2.0,[-0.4 -0.4 -0.4 -1.2],[  2   2   2 -20],E,1,[0.08905912 0.12397827 0.11787783 0.14048302 0.1515068 ],True,Beta
576631,218,221,labels,4,1-p,2yc1,E,['Y' 'Y' 'C' 'Q'],0.782375,-0.08455,-0.0118917501531541,0.10666635,0.004061609,0.0013052809100025,[0.7792 0.7046 0.9342 0.7115],[-0.082  -0.0845 -0.0903 -0.0814],[-0.011311 -0.010769 -0.013759 -0.011728],[0.37156869 0.39385108 0.38282389 0.40476424],[0.42368797 0.45617024 0.45659577 0.49078015],[0.47131054 0.48008945 0.47985778 0.48307501],0.3882519751787187,0.45680853476127,0.4785831943154336,0.0142805320933534,0.0273952256506885,0.005064956726802,['-124.1' '-116.9' '-97.7' '-153.7'],['128.8' '141.8' '161.6' '127.3'],['E' 'E' 'E' 'E'],['E' 'E' 'E' 'E'],-1.5750000000000002,-23.0,0.7847504911329035,35.44949458972112,-1.95,-2.0,[-2.  -2.  -0.4 -1.9],[ 16 -51  -2 -55],-0.325,-14.75,0.0957427107756338,25.5,-0.35,[-0.4 -0.4 -0.2 -0.3],[ -2  -2 -53  -2],-2.625,-19.75,0.5678908345800274,38.48268008684773,-2.65,-20.0,[-2.  -3.  -2.3 -3.2],[ 16 -51  11 -55],-0.325,2.0,0.05,0.0,-0.3,2.0,[-0.4 -0.3 -0.3 -0.3],[2 2 2 2],E,1,[0.09052036 0.12809614 0.12015799 0.14455634 0.15755322],True,Beta
577341,3,6,labels,4,l3(10),2h3h,B,['T' 'I' 'G' 'V'],0.82809997,-0.075,-0.0120897500310093,0.031430032,0.009557194,0.0023119644881084,[0.851  0.8551 0.7879 0.8184],[-0.0679 -0.0814 -0.0849 -0.0658],[-0.012861 -0.013304 -0.013546 -0.008648],[0.37591768 0.40623019 0.40092021 0.4095693 ],[0.49468086 0.47219862 0.47368797 0.49021279],[0.47831888 0.47793833 0.48027889 0.48439055],0.3981593474745751,0.4826950579881669,0.4802316625912984,0.0152494767346764,0.0114233497117317,0.0029561597535284,['-130.1' '-124.3' '-100.7' '-130.9'],['130.8' '126.5' '142.4' '129.9'],['E' 'E' 'E' 'E'],['E' 'E' 'E' 'E'],-2.15,27.25,1.347837774610382,23.286262044390035,-2.65,-2.0,[-0.2 -2.3 -3.1 -3. ],[-2 28 55 28],-0.325,5.5,0.0957427107756338,15.0,-0.35,[-0.2 -0.4 -0.4 -0.3],[28 -2 -2 -2],-2.7,43.25,0.408248290463863,15.305227865013968,-2.7,43.0,[-3.2 -2.2 -2.7 -2.7],[56 30 57 30],-0.475,15.75,0.1707825127659933,27.5,-0.45,2.0,[-0.7 -0.3 -0.4 -0.5],[57  2  2  2],E,1,[0.12154046 0.19425713 0.15721281 0.18861935 0.20821174],True,Beta
577932,568,572,labels,5,1-p,4i3g,A,['A' 'V' 'V' 'F' 'A'],0.99935997,-0.055540003,-0.0101719998987391,0.15844664,0.005605622,0.0050322080730142,[1.0097 1.1865 0.9289 1.0975 0.7742],[-0.0551 -0.0516 -0.0615 -0.0608 -0.0487],[-0.013431 -0.010353 -0.013766 -0.011802 -0.001508],[0.42233931 0.50902564 0.52332677 0.45617012 0.38907862],[0.58368796 0.51900711 0.51496454 0.51702128 0.47808511],[0.4833911  0.47913888 0.4800439  0.48495779 0.48920946],0.4599880933761596,0.522553199529648,0.4833482265472413,0.0567376229283672,0.0381301543168741,0.0040491918508778,['-113.0' '-118.5' '-104.8' '-89.8' '-136.5'],['127.4' '109.1' '119.5' '134.6' '150.7'],['E' 'E' 'E' 'E' 'E'],['E' 'E' 'E' 'E' 'E'],-2.58,-48.4,0.3271085446759226,115.56945963359004,-2.6,-2.0,[-2.3 -2.6 -2.6 -3.1 -2.3],[  36 -175   36 -175   36],-0.5,-2.0,0.0999999999999999,0.0,-0.5,[-0.4 -0.5 -0.6 -0.6 -0.4],[-2 -2 -2 -2 -2],-2.32,-11.4,1.177709641634983,91.67224225467598,-2.6,38.0,[-3.2 -2.4 -2.6 -0.3 -3.1],[  38 -173   38    2   38],-0.42,-32.8,0.1788854381999831,77.81516561699267,-0.4,2.0,[-0.6 -0.6 -0.4 -0.2 -0.3],[   2    2    2 -172    2],E,1,[0.11552074 0.18863943 0.13737967 0.16456634 0.18916989],True,Beta
579020,7,10,labels,4,1-p,3o3u,N,['L' 'V' 'I' 'W'],0.895125,-0.060274996,-0.0089855000842362,0.1852618,0.009160922,0.0053615283347266,[0.7461 1.0952 0.7292 1.01  ],[-0.0739 -0.0569 -0.0562 -0.0541],[-0.015087 -0.009208 -0.009629 -0.002018],[0.35497091 0.41869074 0.46167556 0.36412495],[0.58624116 0.5056738  0.51971634 0.48460995],[0.48600778 0.48115333 0.48841389 0.48931666],0.3998655403653781,0.524060311416785,0.4862229153513909,0.0498925018911373,0.0438927569075111,0.0036568942637765,['-122.9' '-110.6' '-119.0' '-109.1'],['128.4' '127.2' '135.5' '132.3'],['E' 'E' 'E' 'E'],['E' 'E' 'E' 'E'],-2.1750000000000003,25.25,1.152894907034751,20.91849261618373,-2.55,-2.0,[-2.7 -0.5 -3.1 -2.4],[27 -2 27 49],-0.35,5.25,0.1290994448735805,14.5,-0.35,[-0.3 -0.2 -0.5 -0.4],[-2 27 -2 -2],-2.7,40.0,0.496655480858378,12.701705922171769,-2.85,40.0,[-3.  -2.  -3.1 -2.7],[29 51 29 51],-0.7999999999999999,14.0,0.7393691004272944,24.0,-0.5,2.0,[-0.5 -1.9 -0.5 -0.3],[ 2 50  2  2],E,1,[0.13283606 0.22262405 0.16599768 0.19902176 0.22259718],True,Beta
579360,152,155,labels,4,1-p,4fqe,A,['L' 'E' 'Y' 'K'],0.96435,-0.047575,-0.0065900001209229,0.1759655,0.007012549,0.0023151356075099,[1.1595 0.7736 1.0581 0.8662],[-0.0542 -0.0479 -0.0504 -0.0378],[-0.008428 -0.006653 -0.007973 -0.003306],[0.44867751 0.48721562 0.43944203 0.44866121],[0.53546105 0.53014189 0.54177308 0.52595748],[0.48823222 0.48719221 0.49003777 0.4892611 ],0.4559990912675857,0.5333333735664686,0.4886808246374131,0.0212607460212161,0.0068397149910063,0.001237636445621,['-116.1' '-130.6' '-115.4' '-118.3'],['129.3' '129.9' '122.4' '133.2'],['E' 'E' 'E' 'E'],['E' 'E' 'E' 'E'],-2.725,-4.5,0.2629955639676584,15.758595538097085,-2.6500000000000004,-2.0,[-2.5 -2.6 -3.1 -2.7],[-16  11 -20   7],-0.45,-2.0,0.0577350269189625,0.0,-0.45,[-0.4 -0.5 -0.4 -0.5],[-2 -2 -2 -2],-2.65,-4.5,0.2380476142847616,15.758595538097085,-2.55,-4.5,[-3.  -2.6 -2.5 -2.5],[-16  11 -20   7],-0.425,2.0,0.0499999999999999,0.0,-0.4,2.0,[-0.4 -0.5 -0.4 -0.4],[2 2 2 2],E,1,[0.10103361 0.15531624 0.12214841 0.14642443 0.16698537],True,Beta
579608,52,55,labels,4,1-p,6nuk,B,['E' 'V' 'E' 'I'],0.9561,-0.04665,-0.0082495000679045,0.027671304,0.0024959974,0.0013951312940791,[0.941  0.9599 0.9302 0.9933],[-0.0435 -0.0493 -0.0478 -0.046 ],[-0.006367 -0.008344 -0.00973  -0.008557],[0.44530583 0.46113806 0.46965684 0.38082045],[0.54758865 0.53858157 0.53680851 0.5748227 ],[0.48923333 0.48642166 0.48520499 0.48927055],0.4392302967607975,0.5494503577550254,0.487532635529836,0.0402258104321987,0.0175610247366575,0.0020465325545317,['-126.0' '-116.2' '-111.9' '-122.6'],['126.1' '126.6' '132.4' '121.7'],['E' 'E' 'E' 'E'],['E' 'E' 'E' 'E'],-2.825,-32.0,0.4645786621588783,22.06052281036573,-2.9,-2.0,[-2.8 -3.3 -3.  -2.2],[-11 -49 -15 -53],-0.425,-2.0,0.0499999999999999,0.0,-0.4,[-0.4 -0.4 -0.5 -0.4],[-2 -2 -2 -2],-2.5,-32.0,0.4546060565661952,22.06052281036573,-2.6,-32.0,[-2.9 -2.8 -2.4 -1.9],[-11 -49 -15 -53],-0.425,2.0,0.0957427107756338,0.0,-0.45,2.0,[-0.5 -0.4 -0.5 -0.3],[2 2 2 2],E,1,[0.10182102 0.15632433 0.12361035 0.14798706 0.16813336],True,Beta
579810,235,238,labels,4,1-p,6s42,A,['K' 'L' 'L' 'F'],0.90320003,-0.067949995,-0.0100947499740868,0.1575004,0.00935147,0.0027384210810495,[0.669  1.0086 0.9585 0.9767],[-0.0818 -0.0654 -0.062  -0.0626],[-0.006953 -0.008972 -0.013293 -0.011161],[0.40564383 0.42937589 0.47949498 0.41657329],[0.42907805 0.48992911 0.50354612 0.50042556],[0.46946168 0.48376779 0.48143001 0.48395723],0.4327719956636429,0.4807447095712026,0.4796541780233384,0.032623643023623,0.0349334447858551,0.0068915085310091,['-136.4' '-135.3' '-108.2' '-89.6'],['143.0' '113.4' '115.9' '145.8'],['E' 'E' 'E' 'E'],['E' 'E' 'E' 'E'],-2.65,-44.0,0.2380476142847616,79.67433714816836,-2.55,-2.0,[-2.5 -2.5 -3.  -2.6],[  25 -113   25 -113],-0.4,-29.75,0.1632993161855452,55.5,-0.4,[-0.2 -0.4 -0.4 -0.6],[-113   -2   -2   -2],-2.025,-42.0,1.0468205831628137,79.67433714816836,-2.4000000000000004,-42.0,[-2.2 -2.8 -2.6 -0.5],[  27 -111   27 -111],-0.4,2.0,0.1414213562373095,0.0,-0.35,2.0,[-0.4 -0.6 -0.3 -0.3],[2 2 2 2],E,1,[0.13629457 0.23333288 0.16967667 0.20470739 0.23139565],True,Beta
582739,179,182,labels,4,1-p,4okv,C,['S' 'S' 'V' 'T'],0.77832496,-0.078099996,-0.0092977499589324,0.09955929,0.006805878,0.002814884496855,[0.7579 0.7089 0.7221 0.9244],[-0.0883 -0.0749 -0.0743 -0.0749],[-0.011359 -0.007222 -0.012063 -0.006547],[0.33975764 0.3565346  0.38365461 0.33680946],[0.45489365 0.4698582  0.47936173 0.44702131],[0.48342499 0.48297555 0.48564889 0.48427555],0.3541890792548657,0.4627837215860685,0.4840812459588051,0.0214789567481338,0.0145554766538987,0.001175938061805,['-131.6' '-122.7' '-136.8' '-115.7'],['144.1' '150.7' '142.3' '124.6'],['E' 'E' 'E' 'E'],['E' 'E' 'E' 'E'],-2.2,-29.5,0.976387901058454,13.47837774610382,-2.5,-2.0,[-2.3 -3.  -2.7 -0.8],[-39 -16 -43 -20],-0.325,-2.0,0.05,0.0,-0.3,[-0.3 -0.4 -0.3 -0.3],[-2 -2 -2 -2],-1.95,-35.75,1.2609520212918492,13.400870618483465,-2.2,-41.0,[-2.1 -2.3 -3.2 -0.2],[-39 -16 -43 -45],-0.275,1.0,0.206155281280883,2.0,-0.3,2.0,[-0.3 -0.3 -0.5 -0. ],[ 2  2  2 -2],E,1,[0.08929276 0.12522793 0.11859139 0.14193866 0.15411477],True,Beta
585308,126,129,labels,4,1-p,1rq2,B,['V' 'G' 'V' 'V'],0.9151751,-0.067175,-0.0086162499501369,0.18693164,0.0077975956,0.0048530758898945,[1.0233 0.9099 1.0733 0.6542],[-0.0682 -0.0694 -0.0563 -0.0748],[-0.007823 -0.015334 -0.007571 -0.003737],[0.45757093 0.48970776 0.42958763 0.39355792],[0.48581563 0.50078017 0.4960993  0.45354612],[0.47810167 0.48292888 0.48519888 0.47981499],0.4426060592134794,0.484060304860274,0.4815111036101977,0.0408970951667237,0.0212813538686334,0.0031681120350517,['-118.9' '-83.6' '-131.2' '-136.0'],['112.3' '153.0' '124.0' '145.2'],['E' 'E' 'E' 'E'],['E' 'E' 'E' 'E'],-2.625,0.0,0.3774917217635374,34.64101615137755,-2.6,-2.0,[-3.1 -2.5 -2.2 -2.7],[-30  30 -30  30],-0.4499999999999999,-2.0,0.1914854215512676,0.0,-0.5,[-0.6 -0.6 -0.2 -0.4],[-2 -2 -2 -2],-2.125,2.0,1.1116804097101527,34.64101615137755,-2.45,2.0,[-2.  -2.9 -0.6 -3. ],[-28  32 -28  32],-0.35,-5.25,0.1,14.5,-0.4,2.0,[-0.2 -0.4 -0.4 -0.4],[  2   2 -27   2],E,1,[0.13217513 0.22417021 0.16355359 0.19741932 0.22378398],True,Beta
587492,36,39,labels,4,1-p,35c8,H,['W' 'V' 'K' 'Q'],0.8555,-0.0915,-0.0131389999296516,0.112216726,0.008048603,0.0035559333727605,[0.9058 0.7567 0.7695 0.99  ],[-0.094  -0.0853 -0.0849 -0.1018],[-0.012812 -0.01141  -0.010122 -0.018212],[0.35971081 0.39613146 0.40984621 0.37795371],[0.45035464 0.45092202 0.44539012 0.39879437],[0.4830478  0.48092002 0.47792002 0.45285557],0.3859105457862218,0.436365286509196,0.4736858506997426,0.0218107018311991,0.0251702306358828,0.014045262311889,['-128.3' '-129.4' '-111.2' '-132.4'],['134.6' '139.8' '138.5' '109.4'],['E' 'E' 'E' 'E'],['E' 'E' 'E' 'E'],-2.475,32.25,0.6601767440112787,25.25041253788408,-2.5,-2.0,[-1.7 -3.2 -2.8 -2.2],[13 56  8 52],-0.375,-2.0,0.05,0.0,-0.4,[-0.3 -0.4 -0.4 -0.4],[-2 -2 -2 -2],-2.775,32.0,0.4991659710623979,25.508168626278653,-2.6,32.0,[-2.7 -3.5 -2.5 -2.4],[12 56  8 52],-0.4999999999999999,5.75,0.3464101615137754,5.188127472091127,-0.4,4.0,[-1.  -0.4 -0.4 -0.2],[13  2  2  6],E,1,[0.13915817 0.23531085 0.17728416 0.21168796 0.23452631],True,Beta
588498,79,83,labels,5,1-p,5t38,A,['S' 'I' 'L' 'G' 'L'],0.98043996,-0.05626,-0.0110701999627053,0.19670822,0.009847996,0.0023217934822196,[0.988  0.7242 1.273  0.9231 0.9939],[-0.0475 -0.0595 -0.07   -0.0584 -0.0459],[-0.012391 -0.009893 -0.013134 -0.012389 -0.007544],[0.37827947 0.48623832 0.47566722 0.51959677 0.44610396],[0.61340427 0.51276597 0.50503547 0.51468087 0.5490071 ],[0.49748222 0.48032332 0.48032444 0.48162943 0.48433555],0.4611771464347839,0.5389787375926971,0.4848189930121105,0.0532684302602174,0.0449148336783363,0.007265955067397,['-129.0' '-122.4' '-107.8' '-107.9' '-106.2'],['135.6' '132.1' '117.1' '127.2' '135.9'],['E' 'E' 'E' 'E' 'E'],['E' 'E' 'E' 'E' 'E'],-2.5200000000000005,-4.2,0.3898717737923586,25.742960202742807,-2.7,-2.0,[-1.9 -2.4 -2.7 -2.9 -2.7],[-23  24 -23  24 -23],-0.44,-2.0,0.1140175425099137,0.0,-0.4,[-0.3 -0.4 -0.4 -0.6 -0.5],[-2 -2 -2 -2 -2],-2.48,-2.0,0.303315017762062,25.563646062328434,-2.5,-20.0,[-2.5 -2.6 -2.9 -2.3 -2.1],[-21  26 -21  26 -20],-0.74,-2.6,0.5983310120660636,10.285912696499032,-0.5,2.0,[-0.4 -0.6 -0.5 -0.4 -1.8],[  2   2   2   2 -21],E,1,[0.1152158  0.1857531  0.13839595 0.16486682 0.18765039],True,Beta
588665,36,39,labels,4,1-p,7r9d,N,['W' 'Y' 'R' 'Q'],0.79989994,-0.081949994,-0.0094772500451654,0.18415008,0.0068612443,0.0044230877176051,[1.0701 0.6742 0.6924 0.7629],[-0.087  -0.0742 -0.0884 -0.0782],[-0.015572 -0.006471 -0.0099   -0.005966],[0.37266001 0.39689699 0.34685934 0.33389386],[0.43319151 0.46127661 0.46751774 0.41652485],[0.47900389 0.48225388 0.48759055 0.47439555],0.3625775476296743,0.4446276774009069,0.4808109675844511,0.0279839027879806,0.0239561901005272,0.0055518115338398,['-104.1' '-116.2' '-141.8' '-136.0'],['122.3' '164.6' '138.4' '123.3'],['E' 'E' 'E' 'E'],['E' 'E' 'E' 'E'],-2.625,32.75,0.4573474244670747,25.824729750118717,-2.65,-2.0,[-3.1 -2.9 -2.4 -2.1],[13 57  8 53],-0.35,-2.0,0.1,0.0,-0.3,[-0.3 -0.5 -0.3 -0.3],[-2 -2 -2 -2],-2.6,32.5,0.4242640687119285,26.083200212652844,-2.5,32.5,[-3.2 -2.2 -2.5 -2.5],[12 57  8 53],-0.7,5.75,0.8755950357709131,5.188127472091127,-0.35,4.0,[-2.  -0.3 -0.4 -0.1],[13  2  2  6],E,1,[0.10814149 0.16343988 0.14185404 0.16954589 0.1851465 ],True,Beta
589509,6,9,labels,4,1-p,7mgp,A,['G' 'L' 'I' 'E'],0.88505,-0.041175,-0.0053389999666251,0.12895852,0.0069274222,0.0021775082564562,[0.9383 0.6931 0.9372 0.9716],[-0.0482 -0.0325 -0.039  -0.045 ],[-0.006818 -0.002288 -0.006989 -0.005261],[0.39490984 0.41838128 0.42380528 0.40149031],[0.53212767 0.55340427 0.55567378 0.5180142 ],[0.48560332 0.49105833 0.49192332 0.48564221],0.4096466774741809,0.5398049801588058,0.488556797305743,0.0136682113361076,0.017986463240798,0.0034063157079905,['-119.8' '-133.4' '-130.1' '-116.4'],['135.2' '139.1' '129.8' '126.5'],['E' 'E' 'E' 'E'],['E' 'E' 'E' 'E'],-2.55,51.5,0.3109126351029604,15.758595538097085,-2.6500000000000004,-2.0,[-2.7 -2.8 -2.1 -2.6],[40 67 36 63],-0.4,-2.0,0.0,0.0,-0.4,[-0.4 -0.4 -0.4 -0.4],[-2 -2 -2 -2],-2.35,51.25,0.2380476142847616,15.521490478258416,-2.45,51.0,[-2.5 -2.  -2.5 -2.4],[40 67 36 62],-0.675,17.25,0.55,30.5,-0.4,2.0,[-0.4 -0.4 -0.4 -1.5],[ 2  2  2 63],E,1,[0.1076127  0.1670861  0.1352173  0.16315785 0.18363621],True,Beta
596544,72,75,labels,4,l3(10),4mf4,B,['E' 'P' 'V' 'V'],0.85412496,-0.109425,-0.0236239992082119,0.028957365,0.009498902,0.0101027888326143,[0.8648 0.8176 0.8862 0.8479],[-0.1182 -0.117  -0.1024 -0.1001],[-0.037311 -0.023639 -0.013238 -0.020308],[0.43932801 0.41838126 0.41562854 0.47799645],[0.46078016 0.39886526 0.41170215 0.40205674],[0.47373001 0.45878445 0.46823057 0.46236667],0.4378335674603781,0.4183510790268581,0.4657779236634572,0.0287908877431127,0.0288076258986702,0.0065776490575051,['-99.1' '-73.4' '-120.9' '-120.5'],['123.4' '138.9' '139.4' '118.0'],['E' 'E' 'E' 'E'],['E' 'E' 'E' 'E'],-1.925,-10.5,1.3400870618483465,25.03996805109783,-2.3,-2.0,[-2.4  0.  -3.1 -2.2],[-31   0 -31  20],-0.175,-9.0,0.1707825127659933,15.362291495737216,-0.15,[-0.1  0.  -0.2 -0.4],[-32   0  -2  -2],-2.0,-8.5,1.1775681155103797,25.03996805109783,-2.2,-13.5,[-2.  -0.4 -3.2 -2.4],[-29   2 -29  22],-0.45,7.0,0.2081665999466132,10.0,-0.45,2.0,[-0.2 -0.4 -0.5 -0.7],[ 2 22  2  2],E,1,[0.10145659 0.15259085 0.12946618 0.15526557 0.1731896 ],True,Beta
597147,567,571,labels,5,1-p,8kca,A,['S' 'V' 'T' 'L' 'I'],0.89854,-0.0629,-0.0076792000560089,0.16333352,0.008212186,0.0040057378656226,[0.9728 1.0154 0.6776 1.0518 0.7751],[-0.0691 -0.0508 -0.0658 -0.0704 -0.0584],[-0.010274 -0.005809 -0.00906  -0.011618 -0.001635],[0.40645824 0.43421351 0.44708127 0.40794048 0.38085304],[0.45014189 0.50659578 0.50567379 0.5002837  0.45900711],[0.48224001 0.48603167 0.485285   0.4876039  0.47784502],0.4153093069791794,0.4843404531478882,0.4838011225064596,0.0259167024757589,0.0274586860000912,0.0038584510872554,['-104.8' '-119.5' '-132.5' '-93.6' '-132.9'],['128.8' '128.5' '130.8' '132.9' '140.0'],['E' 'E' 'E' 'E' 'E'],['E' 'E' 'E' 'E' 'E'],-2.6,-86.6,0.3937003937005906,52.58136552049595,-2.6,-2.0,[-3.2 -2.7 -2.2 -2.6 -2.3],[-125  -29 -125  -29 -125],-0.44,-2.0,0.0547722557505166,0.0,-0.4,[-0.4 -0.5 -0.4 -0.4 -0.5],[-2 -2 -2 -2 -2],-2.54,-78.8,1.2033287165193058,61.38566607930552,-3.0,-123.0,[-3.2 -2.9 -3.2 -0.4 -3. ],[-123  -27 -123    2 -123],-0.3399999999999999,-23.0,0.1341640786499874,55.90169943749474,-0.4,2.0,[-0.4 -0.4 -0.5 -0.2 -0.2],[   2    2    2 -123    2],E,1,[0.13442432 0.22775046 0.16772396 0.20119968 0.22651272],True,Beta
598869,167,170,labels,4,1-p,6gna,A,['V' 'Y' 'Y' 'V'],1.004,-0.06865001,-0.013484250055626,0.19105643,0.008829684,0.0047487628651225,[0.8822 0.8958 0.9509 1.2871],[-0.0603 -0.0653 -0.068  -0.081 ],[-0.008979 -0.012468 -0.012303 -0.020187],[0.34433466 0.44449143 0.51044274 0.50795063],[0.55524827 0.50099293 0.48631207 0.49978726],[0.48201666 0.48125    0.47502334 0.4740028 ],0.4518048663934072,0.5105851342280706,0.4780731995900472,0.0778761390447734,0.0305100075490876,0.0041437810542146,['-123.5' '-106.9' '-120.3' '-108.4'],['125.1' '140.8' '120.9' '100.4'],['E' 'E' 'E' 'E'],['E' 'E' 'E' 'E'],-2.225,-4.5,1.1324751652906124,22.516660498395403,-2.55,-2.0,[-0.6 -2.4 -2.7 -3.2],[ 15 -24  15 -24],-0.4,-2.0,0.0816496580927726,0.0,-0.4,[-0.3 -0.4 -0.4 -0.5],[-2 -2 -2 -2],-2.575,-2.5,0.5439056290693572,22.516660498395403,-2.75,-2.5,[-2.6 -2.9 -3.  -1.8],[ 17 -22  17 -22],-0.325,-4.0,0.15,12.0,-0.3,2.0,[-0.4 -0.5 -0.2 -0.2],[  2   2 -22   2],E,1,[0.1258368  0.21219385 0.14942367 0.17857151 0.20495871],True,Beta
602430,19,23,labels,5,1-p,4r90,H,['R' 'L' 'S' 'C' 'A'],1.01422,-0.08354001,-0.0184635998681187,0.1726444,0.00841861,0.0060051508444454,[1.1356 1.0341 0.7662 0.9318 1.2034],[-0.0937 -0.077  -0.0819 -0.0907 -0.0744],[-0.022568 -0.015188 -0.00962  -0.02069  -0.024252],[0.44869379 0.47820819 0.44501265 0.47258874 0.47656309],[0.44496458 0.45914897 0.46127663 0.46312059 0.51368797],[0.47074335 0.47368    0.47472333 0.46968778 0.47089446],0.4642132918039959,0.4684397478898366,0.4719457825024923,0.0160315499008469,0.0262888153359997,0.0021431277552025,['-121.8' '-71.7' '-134.9' '-113.0' '-94.2'],['96.5' '143.2' '135.2' '124.4' '115.7'],['E' 'E' 'E' 'E' 'E'],['E' 'E' 'E' 'E' 'E'],-2.18,15.0,0.957601169589929,40.26785318340177,-2.5,-2.0,[-0.5 -2.5 -2.6 -2.9 -2.4],[-11  61 -14  57 -18],-0.38,10.2,0.1303840481040529,27.280029325497438,-0.4,[-0.3 -0.5 -0.2 -0.4 -0.5],[-2 -2 59 -2 -2],-1.9,29.8,1.0392304845413265,41.88913940390755,-2.2,57.0,[-0.2 -2.2 -2.8 -1.7 -2.6],[ 63  61 -14  57 -18],-0.44,2.0,0.1816590212458494,0.0,-0.4,2.0,[-0.2 -0.4 -0.5 -0.7 -0.4],[2 2 2 2 2],E,1,[0.12744471 0.19828007 0.15057597 0.17301671 0.18548177],True,Beta
602454,88,91,labels,4,l3(10),4r90,L,['Y' 'F' 'C' 'A'],0.864075,-0.085774995,-0.0131515001412481,0.023292255,0.0062585296,0.0020141580576464,[0.8766 0.8394 0.89   0.8503],[-0.0809 -0.0808 -0.0875 -0.0939],[-0.015008 -0.011149 -0.014758 -0.011691],[0.42826827 0.4244731  0.42018927 0.39152187],[0.42709223 0.46156031 0.45234045 0.43716314],[0.46689168 0.47726945 0.47911223 0.47432389],0.4161131282647451,0.4445390353600185,0.4743993108471235,0.0167230530301674,0.0153772615719592,0.0053795773063506,['-112.8' '-112.8' '-96.5' '-134.3'],['125.7' '130.3' '154.4' '131.4'],['E' 'E' 'E' 'E'],['E' 'E' 'E' 'E'],-1.975,-22.75,0.9912113800799504,35.81782610191002,-2.4,-2.0,[-2.6 -2.5 -0.5 -2.3],[ 17 -51  -2 -55],-0.35,-14.75,0.1290994448735805,25.5,-0.35,[-0.4 -0.5 -0.2 -0.3],[ -2  -2 -53  -2],-2.55,-19.25,0.3109126351029605,39.05871648343469,-2.45,-19.5,[-2.5 -3.  -2.4 -2.3],[ 17 -51  12 -55],-0.4,2.0,0.0816496580927726,0.0,-0.4,2.0,[-0.5 -0.3 -0.4 -0.4],[2 2 2 2],E,1,[0.13926425 0.23661405 0.17674727 0.21177686 0.23559757],True,Beta
603713,165,168,labels,4,1-p,7vlj,A,['I' 'V' 'N' 'A'],0.891325,-0.03485,-0.0051802498637698,0.15438822,0.005956229,0.0028162810655142,[1.059  0.7629 0.986  0.7574],[-0.0391 -0.0273 -0.0329 -0.0401],[-0.009116 -0.00272  -0.00368  -0.005205],[0.43250323 0.45735917 0.40823365 0.42325147],[0.54893619 0.56787235 0.56716313 0.55808512],[0.48651667 0.49138002 0.49355278 0.49154334],0.4303368826707204,0.5605141967535019,0.4907482042908669,0.0206046370918903,0.0089125630118765,0.0029890324350756,['-106.2' '-128.0' '-115.0' '-130.5'],['126.7' '130.1' '139.3' '145.7'],['E' 'E' 'E' 'E'],['E' 'E' 'E' 'E'],-2.725,44.0,0.0957427107756336,133.96516960264958,-2.75,-2.0,[-2.7 -2.8 -2.8 -2.6],[162 -70 158 -74],-0.425,-2.0,0.0499999999999999,0.0,-0.4,[-0.4 -0.5 -0.4 -0.4],[-2 -2 -2 -2],-2.3,44.0,0.0816496580927725,133.96516960264958,-2.3,44.0,[-2.3 -2.4 -2.3 -2.2],[162 -70 158 -74],-0.375,2.0,0.05,0.0,-0.4,2.0,[-0.4 -0.4 -0.3 -0.4],[2 2 2 2],E,1,[0.09314724 0.13731883 0.11666373 0.14083553 0.15872663],True,Beta
603755,90,96,labels,7,1-p,4h5s,A,['T' 'K' 'E' 'V' 'K' 'V' 'I'],0.9478857,-0.087785706,-0.016084285719054,0.12121265,0.006653176,0.0042415684187896,[0.7269 1.0174 0.9105 0.9388 1.122  0.9251 0.9945],[-0.0839 -0.0919 -0.0849 -0.0883 -0.0997 -0.0787 -0.0871],[-0.01064  -0.017305 -0.015081 -0.01712  -0.024233 -0.013604 -0.014607],"[0.42458711 0.43242178 0.46693669 0.48397424 0.48635233 0.49542492
 0.45617012]","[0.45524826 0.4534043  0.45028375 0.44475182 0.44914896 0.45000002
 0.44758867]","[0.47791111 0.47609668 0.47249668 0.46864778 0.46946834 0.47086444
 0.47127611]",0.4636953132493155,0.4500608245531719,0.4723944493702481,0.0274042676060662,0.0034945248056405,0.0034239799737466,['-128.2' '-107.6' '-110.6' '-121.8' '-84.2' '-105.3' '-109.8'],['128.1' '132.4' '129.7' '112.8' '121.2' '124.6' '127.7'],['E' 'E' 'E' 'E' 'E' 'E' 'E'],['E' 'E' 'E' 'E' 'E' 'E' 'E'],-2.085714285714286,-31.428571428571427,1.1753418955472368,38.40944824240143,-2.6,-2.0,[-0.4 -2.6 -0.4 -3.  -2.4 -2.7 -3.1],[ -2 -10  -2 -14 -87 -18 -87],-0.4142857142857142,-4.285714285714286,0.1573591584938886,4.07080195679286,-0.5,[-0.2 -0.4 -0.2 -0.5 -0.5 -0.6 -0.5],[ -8  -2 -12  -2  -2  -2  -2],-2.1714285714285717,-42.142857142857146,0.9304376850247876,40.55214162625928,-2.6,-18.0,[-0.4 -2.6 -1.5 -2.7 -3.1 -2.2 -2.7],[  2 -10 -85 -14 -85 -18 -85],-0.5428571428571428,-12.0,0.2370453040886408,32.84306116467627,-0.5,2.0,[-0.2 -0.5 -1.  -0.6 -0.5 -0.5 -0.5],[ -8   2 -86   2   2   2   2],E,1,[0.12403823 0.20580267 0.15110147 0.18076379 0.20576931],True,Beta
604652,6,12,labels,7,1-p,5h5z,A,['L' 'K' 'Y' 'V' 'Y' 'T' 'G'],0.89494276,-0.049485713,-0.0064061429085476,0.13722746,0.008189104,0.0028912794105098,[1.0315 0.6083 0.8854 0.9882 0.8838 0.9451 0.9223],[-0.0504 -0.0409 -0.0624 -0.054  -0.0532 -0.047  -0.0385],[-0.005014 -0.001658 -0.009314 -0.008786 -0.008901 -0.006996 -0.004174],"[0.35521524 0.41131214 0.40425931 0.44913358 0.45885771 0.44812371
 0.43795981]","[0.51758868 0.52929082 0.52673763 0.51801421 0.52893619 0.53992907
 0.53056739]","[0.49171334 0.49111889 0.48902334 0.48499945 0.48628723 0.48884944
 0.48868444]",0.4235516445977348,0.5272948543230694,0.4886680160249983,0.0362955432982852,0.007720767402974,0.0024002337060373,['-122.7' '-140.2' '-119.5' '-126.3' '-106.5' '-120.6' '-112.4'],['128.1' '143.1' '137.6' '118.0' '134.1' '121.2' '131.8'],['E' 'E' 'E' 'E' 'E' 'E' 'E'],['E' 'E' 'E' 'E' 'E' 'E' 'E'],-2.8714285714285714,56.57142857142857,0.4029651999626672,38.196235167256745,-2.9,-2.0,[-2.4 -2.5 -2.9 -2.5 -3.3 -3.3 -3.2],[93 20 89 16 85 12 81],-0.3857142857142857,-2.0,0.0690065559342354,0.0,-0.4,[-0.3 -0.4 -0.3 -0.4 -0.4 -0.4 -0.5],[-2 -2 -2 -2 -2 -2 -2],-2.2142857142857144,56.57142857142857,0.3387652649872839,38.196235167256745,-2.2,81.0,[-2.2 -2.8 -2.  -2.2 -1.8 -2.  -2.5],[93 20 89 16 85 12 81],-0.3999999999999999,2.0,0.0577350269189625,0.0,-0.4,2.0,[-0.3 -0.4 -0.4 -0.4 -0.5 -0.4 -0.4],[2 2 2 2 2 2 2],E,1,[0.1178784  0.1899602  0.14736322 0.17745537 0.20016086],True,Beta
604822,34,39,labels,6,1-p,6svl,H,['M' 'H' 'W' 'V' 'K' 'Q'],0.8578334,-0.089766674,-0.0146963332469264,0.15887602,0.00531363,0.0078681706357821,[1.1227 0.7359 0.8923 0.7013 0.76   0.9348],[-0.096  -0.0873 -0.0959 -0.09   -0.0828 -0.0866],[-0.030418 -0.013152 -0.013294 -0.010436 -0.009094 -0.011784],[0.44107087 0.44807484 0.37943595 0.38336143 0.39028396 0.37515213],[0.42297875 0.44028372 0.44453903 0.44773052 0.45432625 0.41836882],[0.44904723 0.46840888 0.47951    0.48176445 0.48260335 0.46121945],0.4028965300983853,0.4380378474791845,0.4704255594147576,0.0327389912762443,0.0142843732249468,0.0134554710923215,['-113.4' '-96.6' '-124.3' '-133.2' '-104.4' '-142.3'],['111.5' '153.1' '137.7' '136.0' '144.5' '104.1'],['E' 'E' 'E' 'E' 'E' 'E'],['E' 'E' 'E' 'E' 'E' 'E'],-2.6166666666666667,35.333333333333336,0.4262237284181475,25.12104031816093,-2.55,-2.0,[-2.3 -3.2 -2.4 -2.7 -3.  -2.1],[17 62 13 58  8 54],-0.3666666666666666,9.0,0.1366260102127946,26.94438717061496,-0.35,[-0.2 -0.6 -0.3 -0.4 -0.4 -0.3],[64 -2 -2 -2 -2 -2],-2.4166666666666665,35.166666666666664,0.5192943930629972,25.301515106148617,-2.5,35.5,[-1.6 -2.1 -2.8 -3.  -2.3 -2.7],[17 62 12 58  8 54],-0.4333333333333333,4.5,0.3881580434135903,4.460941604639093,-0.3,2.0,[-0.3 -0.4 -1.2 -0.3 -0.3 -0.1],[ 2  2 13  2  2  6],E,1,[0.13796037 0.23364162 0.17572059 0.21136035 0.23508607],True,Beta
604894,183,186,labels,4,1-p,4ala,H,['S' 'S' 'V' 'T'],0.81632495,-0.076675005,-0.0097894998034462,0.112196445,0.007057561,0.0024984118901715,[0.7661 0.7562 0.7585 0.9845],[-0.0868 -0.074  -0.0705 -0.0754],[-0.011595 -0.0081   -0.012242 -0.007221],[0.34713625 0.37150354 0.40707718 0.35765848],[0.46191492 0.47425534 0.48234046 0.44907804],[0.48370777 0.48225722 0.48468722 0.48287611],0.3708438637355964,0.466897189617157,0.4833820785085361,0.0261355054901685,0.014548561099402,0.0010536886188516,['-137.3' '-117.3' '-138.2' '-120.7'],['138.3' '152.6' '140.6' '124.6'],['E' 'E' 'E' 'E'],['E' 'E' 'E' 'E'],-1.65,-24.0,0.9327379053088816,18.31210892642716,-1.95,-2.0,[-1.8 -2.1 -2.4 -0.3],[-37 -16 -41  -2],-0.3,-12.25,0.0816496580927726,20.5,-0.3,[-0.3 -0.4 -0.3 -0.2],[ -2  -2  -2 -43],-1.85,-34.25,1.1789826122551597,12.41974234837422,-2.1,-39.0,[-2.1 -2.1 -3.  -0.2],[-37 -16 -41 -43],-0.3,-3.25,0.0816496580927726,10.5,-0.3,2.0,[-0.3 -0.3 -0.4 -0.2],[  2   2   2 -19],E,1,[0.11163628 0.17140192 0.14517642 0.1739667  0.19058163],True,Beta
605719,99,102,labels,4,1-p,8gjr,A,['A' 'K' 'I' 'L'],1.01315,-0.081599995,-0.015839250292629,0.08101338,0.006310836,0.0046541246586361,[0.9642 0.9909 0.9643 1.1332],[-0.0819 -0.0731 -0.0831 -0.0883],[-0.013903 -0.011106 -0.022054 -0.016294],[0.45113705 0.47552063 0.50304785 0.43488131],[0.46794328 0.46943265 0.46489366 0.43978728],[0.47865111 0.4738539  0.47252556 0.46888056],0.466146710018317,0.4605142176151276,0.4734777808189392,0.0297342679219826,0.0139465044862711,0.0040392199307123,['-104.7' '-108.4' '-121.9' '-76.2'],['125.0' '132.7' '110.4' '119.7'],['E' 'E' 'E' 'E'],['E' 'E' 'E' 'E'],-1.975,-12.25,1.0404326023342405,35.58440669731617,-2.3,-2.0,[-2.6 -2.8 -2.  -0.5],[ 11 -65   7  -2],-0.3999999999999999,-0.25,0.1414213562373095,3.5,-0.45,[-0.4 -0.5 -0.5 -0.2],[-2 -2 -2  5],-1.8,-10.5,1.1633285577743433,36.41885958309696,-2.1,6.0,[-2.5 -1.7 -2.8 -0.2],[ 11 -65   7   5],-0.55,-15.0,0.3316624790355399,34.0,-0.5,2.0,[-0.5 -1.  -0.5 -0.2],[  2 -66   2   2],E,1,[0.1262895  0.21290862 0.14946768 0.17815849 0.20416024],True,Beta
606774,355,358,labels,4,1-p,8gjw,A,['D' 'F' 'M' 'F'],0.964275,-0.07095,-0.0108440000331029,0.061722852,0.0051397146,0.0043295413504968,[0.9229 0.9837 0.9078 1.0427],[-0.0678 -0.0655 -0.0741 -0.0764],[-0.008834 -0.009527 -0.017247 -0.007768],[0.44942677 0.45841791 0.4779313  0.39793946],[0.45134755 0.4912057  0.48510642 0.44397167],[0.47672611 0.48021778 0.48081001 0.48042666],0.4459288604557514,0.4679078360398611,0.4795451412598293,0.0341338086469416,0.0237048852935045,0.0018952851512484,['-116.1' '-118.1' '-89.8' '-126.4'],['119.7' '117.7' '145.5' '119.7'],['E' 'E' 'E' 'E'],['E' 'E' 'E' 'E'],-2.7,40.5,0.2449489742783178,67.56971708292603,-2.75,-2.0,[-2.4 -2.9 -2.9 -2.6],[-16  99 -20  99],-0.45,-2.0,0.1,0.0,-0.5,[-0.5 -0.5 -0.5 -0.3],[-2 -2 -2 -2],-2.425,41.5,0.5251983752196243,68.72408602520662,-2.55,42.5,[-2.4 -2.9 -1.7 -2.7],[-16 101 -20 101],-0.375,-4.0,0.15,12.0,-0.4,2.0,[-0.5 -0.3 -0.5 -0.2],[  2   2   2 -22],E,1,[0.12158935 0.20143069 0.14693288 0.17637829 0.20184668],True,Beta
607976,196,199,labels,4,1-p,9lty,A,['H' 'V' 'K' 'K'],1.0248749,-0.064500004,-0.0110007500043138,0.19609475,0.006064651,0.0049325525440752,[1.0432 0.742  1.1596 1.1547],[-0.0612 -0.0606 -0.0735 -0.0627],[-0.007609 -0.00852  -0.018301 -0.009573],[0.42237191 0.47965787 0.49781932 0.46086118],[0.4937589  0.49978726 0.49872344 0.46716315],[0.4839311  0.4808722  0.47978109 0.48170554],0.4651775707801184,0.4898581852515539,0.481572483976682,0.0322806371965509,0.0153564277734911,0.0017588133497251,['-126.0' '-111.7' '-112.9' '-94.1'],['118.5' '139.0' '114.0' '126.6'],['E' 'E' 'E' 'E'],['E' 'E' 'E' 'E'],-2.85,94.5,0.8020806277010643,26.03203155089258,-3.15,-2.0,[-3.4 -2.9 -1.7 -3.4],[117  74 117  70],-0.45,-2.0,0.0577350269189625,0.0,-0.45,[-0.4 -0.5 -0.4 -0.5],[-2 -2 -2 -2],-2.075,80.25,0.3201562118716423,52.02163011671203,-2.05,96.5,[-2.3 -1.8 -2.4 -1.8],[119  74 119   9],-0.425,2.0,0.0957427107756338,0.0,-0.45,2.0,[-0.4 -0.5 -0.5 -0.3],[2 2 2 2],E,1,[0.11689732 0.19134578 0.13768632 0.16386474 0.18792658],True,Beta
611068,190,193,labels,4,l3(10),2c4m,C,['P' 'Y' 'D' 'M'],0.8301,-0.106125,-0.0174925001338124,0.029573767,0.008182655,0.004540857087293,[0.8262 0.7962 0.8297 0.8683],[-0.1028 -0.1028 -0.1006 -0.1183],[-0.018789 -0.014403 -0.013438 -0.02334 ],[0.4304672  0.3994054  0.40626278 0.40181607],[0.42304967 0.42113478 0.41014188 0.39858158],[0.47004611 0.47409446 0.47156613 0.46326279],0.4094878608981769,0.4132269769906999,0.4697423726320268,0.0142717222486265,0.0112993214157039,0.0046312005856562,['-84.5' '-127.5' '-112.3' '-116.6'],['145.3' '141.2' '129.3' '127.1'],['E' 'E' 'E' 'E'],['E' 'E' 'E' 'E'],-1.5499999999999998,2.0,1.0472185381603338,17.568911937472585,-1.95,-2.0,[ 0.  -2.  -2.3 -1.9],[  0  17 -22  13],-0.275,-1.5,0.2217355782608345,1.0,-0.3,[ 0.  -0.2 -0.4 -0.5],[ 0 -2 -2 -2],-2.55,-2.5,0.3316624790355399,20.33879708012907,-2.6,-2.5,[-2.6 -2.6 -2.9 -2.1],[-18  17 -22  13],-0.325,5.25,0.15,6.5,-0.3,2.0,[-0.4 -0.5 -0.2 -0.2],[ 2  2 15  2],E,1,[0.09188462 0.13252978 0.11881752 0.14309125 0.15838924],True,Beta
615319,26,29,labels,4,1-p,1q0r,A,['L' 'L' 'L' 'V'],0.98819995,-0.092099994,-0.0177664996590465,0.045077316,0.00375677,0.0036408196621527,[1.0465 0.9366 0.9873 0.9824],[-0.0899 -0.0914 -0.0895 -0.0976],[-0.012593 -0.02114  -0.018643 -0.01869 ],[0.43491388 0.48382765 0.47338686 0.40360778],[0.42553194 0.44624115 0.44078016 0.40602839],[0.4659361  0.47090221 0.467515   0.46260057],0.4489340446889401,0.429645411670208,0.4667384723822276,0.036817293112434,0.0180193003815192,0.0034499171499975,['-124.4' '-101.5' '-90.8' '-120.9'],['117.8' '120.6' '130.4' '110.6'],['E' 'E' 'E' 'E'],['E' 'E' 'E' 'E'],-2.75,48.5,0.1290994448735804,24.826061575153908,-2.75,-2.0,[-2.6 -2.7 -2.9 -2.8],[27 70 27 70],-0.4,16.0,0.1632993161855452,36.0,-0.4,[-0.2 -0.4 -0.6 -0.4],[70 -2 -2 -2],-2.125,43.75,1.14418821295566,34.43230072669169,-2.45,50.5,[-3.1 -2.7 -0.5 -2.2],[29 72  2 72],-0.375,27.0,0.206155281280883,34.438350715445125,-0.4,15.5,[-0.6 -0.4 -0.4 -0.1],[ 2  2 29 75],E,1,[0.1063981  0.16720214 0.12729003 0.15191222 0.17365895],True,Beta
616888,8,11,labels,4,1-p,7mmx,E,['G' 'M' 'I' 'E'],0.84307504,-0.044125,-0.0049807500327005,0.12174409,0.007887279,0.0022783916701059,[0.8852 0.662  0.9237 0.9014],[-0.0534 -0.0343 -0.043  -0.0458],[-0.00552  -0.001987 -0.007494 -0.004922],[0.38028295 0.4024676  0.40510631 0.3867331 ],[0.50581565 0.54560286 0.55099293 0.51595746],[0.48528722 0.49166611 0.49199832 0.48548388],0.3936474894483884,0.5295922234654428,0.488608884314696,0.0120487686067613,0.0221025097590771,0.0037253190524825,['-117.7' '-142.9' '-131.1' '-118.1'],['142.4' '140.0' '130.9' '133.8'],['E' 'E' 'E' 'E'],['E' 'E' 'E' 'E'],-2.45,51.5,0.2645751311064591,15.758595538097085,-2.5,-2.0,[-2.7 -2.4 -2.1 -2.6],[40 67 36 63],-0.375,-2.0,0.05,0.0,-0.4,[-0.4 -0.4 -0.3 -0.4],[-2 -2 -2 -2],-2.525,51.25,0.3403429642777022,15.521490478258416,-2.45,51.0,[-2.4 -2.2 -2.5 -3. ],[40 67 36 62],-0.675,17.25,0.6184658438426491,30.5,-0.4,2.0,[-0.3 -0.4 -0.4 -1.6],[ 2  2  2 63],E,1,[0.09316547 0.13587502 0.11970773 0.14467073 0.16118174],True,Beta
617192,68,71,labels,4,1-p,3wnc,A,['V' 'L' 'C' 'I'],1.0497,-0.075375,-0.0156377502717077,0.1155609,0.007918072,0.0074582828785071,[1.185  1.0992 0.9907 0.9239],[-0.0706 -0.0869 -0.0698 -0.0742],[-0.017464 -0.02482  -0.013186 -0.007081],[0.51226703 0.53342553 0.49089678 0.39381852],[0.48340428 0.47709223 0.47453903 0.42007095],[0.46982166 0.46918333 0.47495166 0.46617332],0.4826019654671352,0.4637766207257907,0.4700324932734172,0.0616829407431289,0.0293743980623107,0.0036449505061241,['-116.1' '-94.5' '-89.0' '-127.8'],['109.4' '116.6' '123.0' '114.6'],['E' 'E' 'E' ''],['E' 'E' 'E' ''],-2.85,-18.0,0.3316624790355401,51.96152422706632,-2.95,-2.0,[-3.1 -2.4 -3.1 -2.8],[-63  27 -63  27],-0.575,-2.0,0.1258305739211791,0.0,-0.6,[-0.4 -0.6 -0.7 -0.6],[-2 -2 -2 -2],-1.625,-16.0,1.3022416570411706,51.96152422706632,-1.65,-16.0,[-2.7 -2.8 -0.6 -0.4],[-61  29 -61  29],-0.3999999999999999,9.0,0.2943920288775948,13.341664064126334,-0.4,2.5,[-0.7 -0.6 -0.2 -0.1],[ 2  2 29  3],E,1,[0.0997359  0.15452812 0.11621987 0.13807217 0.15896427],True,Beta
617585,25,28,labels,4,1-p,4dgq,A,['I' 'H' 'F' 'H'],0.9101,-0.090275,-0.0153925002086907,0.12355073,0.007264697,0.0034669050289733,[1.0137 0.9837 0.738  0.905 ],[-0.0874 -0.0871 -0.0855 -0.1011],[-0.012412 -0.017135 -0.012593 -0.01943 ],[0.42074308 0.44555015 0.42784476 0.34887908],[0.4337589  0.45390074 0.44418442 0.406383  ],[0.47500389 0.47658888 0.47269    0.46797388],0.4107542696098487,0.4345567673444748,0.4730641618371011,0.0425486129510369,0.0205043009326475,0.0037522082979914,['-119.1' '-109.2' '-115.6' '-127.2'],['127.4' '128.1' '140.4' '112.7'],['E' 'E' 'E' 'E'],['E' 'E' 'E' 'E'],-2.625,46.0,0.4272001872658765,23.094010767585036,-2.65,-2.0,[-2.1 -3.1 -2.8 -2.5],[26 66 26 66],-0.425,-2.0,0.0499999999999999,0.0,-0.4,[-0.4 -0.4 -0.5 -0.4],[-2 -2 -2 -2],-2.2250000000000005,48.0,0.974251849711699,23.094010767585036,-2.4000000000000004,48.0,[-2.6 -3.2 -0.9 -2.2],[28 68 28 68],-0.375,19.25,0.1892969448600091,34.5,-0.45,2.0,[-0.5 -0.4 -0.5 -0.1],[ 2  2  2 71],E,1,[0.11996992 0.19446479 0.14884829 0.17857015 0.20123641],True,Beta
619161,52,55,labels,4,1-p,2g9z,A,['V' 'L' 'L' 'I'],0.93737507,-0.07055,-0.0120630001183599,0.11769242,0.008041764,0.0024759079897428,[0.7687 1.0151 1.0211 0.9446],[-0.0627 -0.0755 -0.0648 -0.0792],[-0.010332 -0.015347 -0.012591 -0.009982],[0.4130387  0.45687053 0.48552164 0.40740296],[0.52262416 0.49432628 0.48262415 0.45489365],[0.47351889 0.47873888 0.47893333 0.47418278],0.4407084584236145,0.4886170625686646,0.4763434727986654,0.0371676634195059,0.0280610157641772,0.0028920713679334,['-124.2' '-114.1' '-111.6' '-111.4'],['140.8' '120.7' '122.3' '112.7'],['E' 'E' 'E' 'E'],['E' 'E' 'E' 'E'],-2.875,76.0,0.4645786621588785,64.66323014923809,-2.95,-2.0,[-2.7 -2.3 -3.2 -3.3],[132  20 132  20],-0.45,-2.0,0.0577350269189625,0.0,-0.45,[-0.4 -0.4 -0.5 -0.5],[-2 -2 -2 -2],-3.125,78.0,0.3862210075418821,64.66323014923809,-3.2,78.0,[-3.3 -3.5 -3.1 -2.6],[134  22 134  22],-0.45,7.75,0.1732050807568877,11.5,-0.5,2.0,[-0.5 -0.5 -0.6 -0.2],[ 2  2  2 25],E,1,[0.13349872 0.22860946 0.16339147 0.19674592 0.22428976],True,Beta
619497,19,22,labels,4,1-p,7k8q,H,['K' 'V' 'S' 'C'],0.88507503,-0.081275,-0.0118335001170635,0.11476265,0.0023796016,0.0017800949683503,[0.9908 0.9374 0.7251 0.887 ],[-0.084  -0.0782 -0.0813 -0.0816],[-0.014088 -0.012066 -0.009791 -0.011389],[0.42149234 0.43217745 0.4152702  0.4038684 ],[0.44730499 0.46560287 0.46730498 0.46489363],[0.47706611 0.48003056 0.48153001 0.47731613],0.418202097217242,0.4612766206264497,0.4789857019980749,0.0118347971954114,0.0093692182794736,0.0021631404232242,['-119.5' '-99.0' '-117.3' '-152.3'],['111.4' '138.3' '161.5' '108.0'],['E' 'E' 'E' 'E'],['E' 'E' 'E' 'E'],-1.525,28.5,1.4032699906527848,35.25620512760839,-1.2,28.5,[-0.4 -3.3 -0.4 -2. ],[-2 61 -2 57],-0.3,29.5,0.1414213562373095,36.40970566575164,-0.25,[-0.2 -0.5 -0.2 -0.3],[63 -2 59 -2],-1.85,26.5,1.0376254944182255,38.12698082285912,-2.2,29.5,[-0.4 -2.6 -1.8 -2.6],[  2  61 -14  57],-0.325,17.25,0.1258305739211791,30.5,-0.3,2.0,[-0.2 -0.3 -0.3 -0.5],[63  2  2  2],E,1,[0.13361923 0.22455281 0.16780768 0.20084837 0.224868  ],True,Beta
621357,4,7,labels,4,1-p,2h29,B,['I' 'V' 'L' 'Y'],0.97515,-0.06015,-0.0111297499388456,0.09436826,0.0034491553,0.0038325788988353,[0.917  0.935  0.9324 1.1162],[-0.0616 -0.0636 -0.0599 -0.0555],[-0.007139 -0.009849 -0.011255 -0.016276],[0.43747115 0.45353141 0.48597771 0.4587111 ],[0.49241138 0.50702131 0.51134753 0.55574471],[0.47638276 0.48430943 0.47923332 0.48192944],0.4589228431383769,0.516631230711937,0.480463740726312,0.0201763327074121,0.0273052715687108,0.0034208162555793,['-120.1' '-106.6' '-118.5' '-121.0'],['125.6' '133.1' '134.9' '107.1'],['E' 'E' 'E' 'E'],['E' 'E' 'E' 'E'],-3.025,62.0,0.45,39.25981830489455,-3.0,-2.0,[-3.  -2.5 -3.  -3.6],[96 28 96 28],-0.4499999999999999,-2.0,0.0577350269189625,0.0,-0.45,[-0.5 -0.5 -0.4 -0.4],[-2 -2 -2 -2],-2.975,64.0,0.6075908711186062,39.25981830489455,-3.0,64.0,[-2.4 -3.5 -2.5 -3.5],[98 30 98 30],-0.3999999999999999,2.0,0.1632993161855452,0.0,-0.4,2.0,[-0.4 -0.4 -0.6 -0.2],[2 2 2 2],E,1,[0.12034309 0.19877071 0.14471092 0.17315998 0.19839328],True,Beta
622799,149,153,labels,5,1-p,7n09,B,['I' 'I' 'N' 'T' 'A'],0.92932,-0.0792,-0.0099944001529365,0.16515462,0.009169788,0.0081703970614181,[0.9271 1.069  0.7376 1.1167 0.7962],[-0.0721 -0.0774 -0.089  -0.0691 -0.0884],[-0.014874 -0.012272 -0.019112 -0.005208  0.001494],[0.41895136 0.44527326 0.4761559  0.4317214  0.38311711],[0.44134755 0.46914896 0.47127663 0.46347521 0.4141135 ],[0.47481776 0.47430111 0.47967112 0.48731889 0.47574667],0.4310438066720962,0.4518723706404368,0.4783711115519207,0.0342097654366968,0.0242184632814103,0.0054275157816124,['-111.5' '-115.8' '-99.8' '-108.8' '-93.4'],['123.7' '115.3' '147.3' '106.4' '-125.5'],['E' 'E' 'E' 'E' ''],['E' 'E' 'E' 'E' ''],-2.4400000000000004,0.0,0.654217089351845,57.510868538042445,-2.7,-2.0,[-2.7 -2.8 -2.5 -1.3 -2.9],[ 42 -63  42 -63  42],-0.48,-2.0,0.1788854381999831,0.0,-0.5,[-0.3 -0.5 -0.6 -0.3 -0.7],[-2 -2 -2 -2 -2],-1.64,14.6,1.277888884058391,46.00869483043395,-2.4,44.0,[-2.4 -2.5 -2.8 -0.2 -0.3],[ 44 -61  44  44   2],-0.36,14.2,0.2792848008753788,18.281137820168635,-0.3,2.0,[-0.6 -0.3 -0.7 -0.1 -0.1],[ 2  2  2 22 43],E,1,[0.12732494 0.21327439 0.15645732 0.18782261 0.21361179],True,Beta
623875,216,220,labels,5,1-p,3ife,A,['A' 'K' 'L' 'T' 'F'],0.90022004,-0.06798001,-0.011114399973303,0.15671742,0.0031156058,0.0032805369410208,[0.647  1.0336 0.8849 1.0268 0.9088],[-0.0666 -0.0721 -0.0642 -0.0701 -0.0669],[-0.005738 -0.011481 -0.011204 -0.012601 -0.014548],[0.40250017 0.41787632 0.47973929 0.45941149 0.45263557],[0.47907804 0.49439718 0.49191491 0.49560285 0.50375889],[0.48320056 0.48420946 0.48039669 0.47869279 0.48204667],0.4424325684706371,0.4929503738880157,0.4817092339197796,0.0315506806883745,0.008936813527264,0.0022028817069941,['-135.9' '-128.4' '-110.2' '-112.5' '-111.5'],['146.0' '122.4' '128.8' '126.8' '131.9'],['E' 'E' 'E' 'E' 'E'],['E' 'E' 'E' 'E' 'E'],-2.8200000000000003,74.8,0.2863564212655271,20.51097267318154,-2.8,-2.0,[-2.8 -2.6 -3.  -2.5 -3.2],[64 99 60 95 56],-0.44,-2.0,0.0547722557505166,0.0,-0.4,[-0.4 -0.4 -0.4 -0.5 -0.5],[-2 -2 -2 -2 -2],-2.6,74.8,0.264575131106459,20.51097267318154,-2.7,64.0,[-2.9 -2.7 -2.7 -2.5 -2.2],[64 99 60 95 56],-0.4399999999999999,2.0,0.0547722557505166,0.0,-0.4,2.0,[-0.4 -0.5 -0.5 -0.4 -0.4],[2 2 2 2 2],E,1,[0.14022434 0.24085624 0.1748071  0.20927919 0.23483313],True,Beta
626184,177,181,labels,5,1-p,6ais,O,['T' 'L' 'V' 'V' 'K'],0.85888004,-0.05094,-0.0069796000607311,0.17267077,0.009592862,0.0033726337970532,[0.8921 1.0485 0.6135 0.9744 0.7659],[-0.051  -0.0647 -0.0526 -0.0485 -0.0379],[-0.009898 -0.010081 -0.004804 -0.007818 -0.002297],[0.45807585 0.41601946 0.42942473 0.383394   0.36839248],[0.49411349 0.5189362  0.52070926 0.53971636 0.51702132],[0.47601166 0.48623167 0.48738723 0.49171167 0.48543776],0.4110613048076629,0.5180993258953095,0.4853559990723928,0.0359105652525283,0.0162118056340676,0.0057578316322807,['-126.6' '-111.0' '-131.8' '-125.1' '-116.8'],['116.7' '137.9' '132.9' '132.1' '141.2'],['E' 'E' 'E' 'E' 'E'],['E' 'E' 'E' 'E' 'E'],-2.18,-0.4,1.0084641788382966,9.262828941527529,-2.5,-2.0,[-2.5 -2.9 -2.6 -2.5 -0.4],[ -7  11 -11   7  -2],-0.38,-0.6,0.1095445115010332,3.130495168499705,-0.4,[-0.4 -0.5 -0.4 -0.4 -0.2],[-2 -2 -2 -2  5],-1.8200000000000005,0.4,1.3479614237803692,9.262828941527529,-2.2,2.0,[-2.2 -2.9 -0.5 -3.2 -0.3],[ -7  11 -11   7   2],-0.36,2.6,0.0894427190999915,1.3416407864998738,-0.4,2.0,[-0.4 -0.4 -0.4 -0.4 -0.2],[2 2 2 2 5],E,1,[0.1148595  0.180736   0.14620323 0.17588045 0.19550109],True,Beta
629314,101,104,labels,4,1-p,8gjf,A,['L' 'M' 'F' 'E'],0.89795,-0.049425,-0.006000000052154,0.10038396,0.008404116,0.0004841975953131,[0.9344 0.8695 1.0124 0.7755],[-0.0514 -0.0426 -0.0432 -0.0605],[-0.005981 -0.005984 -0.005425 -0.00661 ],[0.43725941 0.4587274  0.43284528 0.39591971],[0.51510641 0.54099292 0.53453902 0.46333336],[0.48153056 0.49033888 0.48998944 0.48054   ],0.4311879500746727,0.5134929269552231,0.4855997189879417,0.026088818408107,0.0352030927959885,0.0052879792214865,['-113.9' '-131.4' '-111.5' '-124.7'],['132.3' '124.4' '125.8' '136.6'],['E' 'E' 'E' 'E'],['E' 'E' 'E' 'E'],-2.325,-2.0,0.4573474244670746,15.18771433319269,-2.3,-2.0,[-2.9 -1.8 -2.4 -2.2],[ 13 -13   9 -17],-0.45,-2.0,0.0577350269189625,0.0,-0.45,[-0.5 -0.4 -0.4 -0.5],[-2 -2 -2 -2],-2.425,-2.0,0.4349329450233296,15.18771433319269,-2.55,-2.0,[-2.5 -1.8 -2.6 -2.8],[ 13 -13   9 -17],-0.4,2.0,0.0816496580927726,0.0,-0.4,2.0,[-0.4 -0.5 -0.4 -0.3],[2 2 2 2],E,1,[0.11574748 0.18506446 0.14444671 0.17322605 0.19539122],True,Beta
629365,53,56,labels,4,l3(10),1mld,A,['V' 'K' 'G' 'Y'],0.83037496,-0.066475004,-0.0115100000984966,0.039446197,0.0076128715,0.0039917291261438,[0.7824 0.8478 0.8174 0.8739],[-0.0644 -0.0644 -0.0774 -0.0597],[-0.009682 -0.007329 -0.016627 -0.012402],[0.4429929  0.39867243 0.41357623 0.36169798],[0.46872342 0.49205676 0.49539009 0.56134753],[0.46912279 0.48131222 0.47980111 0.4769511 ],0.4042348836859068,0.5043794487913451,0.4767968033750853,0.0338120938418994,0.0397884939794818,0.0054261442629595,['-111.2' '-138.0' '-98.5' '-133.2'],['131.9' '132.4' '146.0' '134.5'],['E' 'E' 'E' 'E'],['E' 'E' 'E' 'E'],-1.225,-13.5,0.9742518497116988,13.279056191361391,-1.1,-13.5,[-0.4 -1.8 -0.4 -2.3],[ -2 -25  -2 -25],-0.275,-13.5,0.0957427107756338,13.279056191361391,-0.25,[-0.2 -0.4 -0.2 -0.3],[-25  -2 -25  -2],-1.325,-10.5,1.1926860441876563,14.433756729740644,-1.0,-10.5,[-0.4 -2.9 -0.4 -1.6],[  2 -23   2 -23],-0.3,-10.5,0.1414213562373095,14.433756729740644,-0.25,-10.5,[-0.2 -0.3 -0.2 -0.5],[-23   2 -23   2],E,1,[0.12328984 0.19917398 0.1594265  0.19182995 0.2128834 ],True,Beta
632013,455,458,labels,4,1-p,2ix4,A,['S' 'L' 'L' 'F'],0.88972497,-0.055425,-0.0087769999518059,0.08984481,0.0069729835,0.0049868212683023,[0.93   0.9578 0.9133 0.7578],[-0.0558 -0.0651 -0.0513 -0.0495],[-0.010799 -0.013913 -0.008241 -0.002155],[0.43418093 0.45625157 0.42820312 0.35275571],[0.53326243 0.51617024 0.52063833 0.49070925],[0.48497277 0.48169278 0.48649499 0.48477666],0.4178478308022023,0.5151950617631277,0.4844843000173569,0.0450401055996735,0.0178565130946167,0.002013249846561,['-136.5' '-103.7' '-118.5' '-109.2'],['119.7' '129.3' '119.0' '154.5'],['E' 'E' 'E' 'E'],['E' 'E' 'E' 'E'],-2.7,-81.5,0.408248290463863,77.97649218407643,-2.7,-2.0,[-2.2 -2.7 -2.7 -3.2],[-147  -12 -151  -16],-0.425,-2.0,0.0957427107756338,0.0,-0.45,[-0.3 -0.4 -0.5 -0.5],[-2 -2 -2 -2],-2.6500000000000004,-81.75,0.2516611478423584,78.27462338885232,-2.7,-81.5,[-2.7 -2.9 -2.7 -2.3],[-147  -12 -152  -16],-0.75,-36.25,0.6403124237432849,76.5,-0.5,2.0,[-0.5 -0.5 -1.7 -0.3],[   2    2 -151    2],E,1,[0.13347451 0.22528613 0.16727623 0.2008309  0.22587783],True,Beta
632376,92,95,labels,4,1-p,2p8v,A,['Y' 'G' 'L' 'G'],0.846875,-0.084975004,-0.0119852498173713,0.18936609,0.009561861,0.0031229844411921,[0.7634 0.7843 0.7125 1.1273],[-0.0838 -0.0804 -0.077  -0.0987],[-0.01359  -0.008188 -0.010861 -0.015302],[0.38844339 0.36814817 0.42742129 0.39704361],[0.43397166 0.46723409 0.45666672 0.44042556],[0.47427222 0.4818672  0.48091609 0.47056166],0.3952641139427821,0.4495745077729226,0.4769042953848839,0.0246241579633934,0.0151581883775057,0.0054123863173554,['-101.3' '-129.6' '-129.8' '-108.3'],['143.8' '141.3' '130.4' '116.3'],['E' 'E' 'E' 'E'],['E' 'E' 'E' 'E'],-2.575,-43.0,0.0957427107756339,37.02251567177286,-2.55,-2.0,[-2.5 -2.6 -2.7 -2.5],[ -9 -73 -13 -77],-0.375,-2.0,0.05,0.0,-0.4,[-0.4 -0.3 -0.4 -0.4],[-2 -2 -2 -2],-2.2,-43.0,0.3915780041490244,37.02251567177286,-2.15,-43.0,[-2.  -2.7 -1.8 -2.3],[ -9 -73 -13 -77],-0.3999999999999999,-2.25,0.1632993161855452,8.5,-0.4,2.0,[-0.4 -0.4 -0.6 -0.2],[  2   2   2 -15],E,1,[0.13883796 0.23481587 0.17774832 0.21272829 0.23586956],True,Beta
633089,175,179,labels,5,1-p,6cjk,A,['S' 'S' 'T' 'L' 'T'],0.96902007,-0.05708,-0.0080640000756829,0.15659115,0.008992609,0.0038499068499118,[1.0993 0.9571 0.7498 1.1374 0.9015],[-0.0598 -0.0554 -0.0644 -0.0635 -0.0423],[-0.007835 -0.007078 -0.009386 -0.013326 -0.002695],[0.43932801 0.45708227 0.46328813 0.45423184 0.41051404],[0.50191492 0.51092201 0.5082979  0.51758869 0.482766  ],[0.48696667 0.48650056 0.48345002 0.48588501 0.48638279],0.4448888580004374,0.5042979061603546,0.4858370105425518,0.0211367870995003,0.013283686820323,0.0013887365724334,['-118.0' '-117.0' '-118.1' '-112.6' '-112.9'],['121.3' '130.4' '137.8' '121.5' '130.6'],['E' 'E' 'E' 'E' 'E'],['E' 'E' 'E' 'E' 'E'],-2.8400000000000007,-28.4,0.4098780306383839,14.587666023048376,-2.7,-2.0,[-2.9 -3.5 -2.7 -2.4 -2.7],[-14 -42 -18 -46 -22],-0.44,-2.0,0.0547722557505166,0.0,-0.4,[-0.4 -0.5 -0.4 -0.4 -0.5],[-2 -2 -2 -2 -2],-2.28,-23.6,1.200833044182246,20.11964214393487,-2.6,-18.0,[-2.6 -3.3 -2.1 -3.1 -0.3],[-14 -42 -18 -46   2],-0.4,-8.0,0.1224744871391589,22.360679774997894,-0.4,2.0,[-0.4 -0.4 -0.5 -0.5 -0.2],[  2   2   2   2 -48],E,1,[0.11405592 0.18324825 0.13764527 0.16475029 0.18753505],True,Beta
633251,322,325,labels,4,1-p,8efn,D,['E' 'I' 'V' 'P'],1.0155001,-0.085549995,-0.020746000111103,0.19863598,0.008658906,0.004075302256036,[0.7468 1.2173 1.0089 1.089 ],[-0.0901 -0.0831 -0.0746 -0.0944],[-0.024903 -0.022854 -0.015555 -0.019672],[0.36687768 0.48425118 0.53998975 0.47986962],[0.5456738  0.46255322 0.45950357 0.4373759 ],[0.47008666 0.46482667 0.46773279 0.46980167],0.46774705996116,0.4762766237060229,0.4681119496623675,0.0726016060218851,0.0476056747811612,0.0024284062724067,['-122.6' '-85.7' '-121.4' '-69.6'],['125.1' '125.1' '94.4' '138.4'],['E' 'E' 'E' 'E'],['E' 'E' 'E' 'E'],-1.55,-56.5,1.5864005379054391,64.09108102276531,-1.5,-2.0,[-2.6 -0.4 -3.2  0. ],[-112   -2 -112    0],-0.25,-29.0,0.2081665999466132,55.34136487896433,-0.25,[-0.3 -0.2 -0.5  0. ],[  -2 -112   -2    0],-1.5750000000000002,-82.0,1.4407752542757437,56.0,-1.5,-110.0,[-3.1 -0.2 -2.5 -0.5],[-110 -110 -110    2],-0.225,-55.0,0.1892969448600091,65.81793068761733,-0.15,-55.0,[-0.5 -0.1 -0.2 -0.1],[   2 -112    2 -112],E,1,[0.11261743 0.18218497 0.13304798 0.1586691  0.18246687],True,Beta
633955,127,130,labels,4,1-p,6enh,A,['T' 'V' 'V' 'E'],0.9409,-0.049075,-0.0087994998320937,0.12059219,0.005235377,0.0024472605033088,[0.7709 0.9851 1.0531 0.9545],[-0.056  -0.0502 -0.0445 -0.0456],[-0.008779 -0.012076 -0.008154 -0.006189],[0.33122258 0.45755462 0.48745994 0.45403635],[0.55950356 0.53141846 0.53879436 0.54645393],[0.48378835 0.4838839  0.48532279 0.48607446],0.4325683700541656,0.5440425773461661,0.4847673748930296,0.0692079960561392,0.0119967849652363,0.0011189242561711,['-141.9' '-118.5' '-108.4' '-113.8'],['129.7' '118.8' '117.9' '134.5'],['E' 'E' 'E' 'E'],['E' 'E' 'E' 'E'],-2.825,25.0,0.5678908345800273,14.047538337136986,-3.0,-2.0,[-2.  -3.3 -3.  -3. ],[15 39 11 35],-0.425,-2.0,0.15,0.0,-0.4,[-0.3 -0.3 -0.5 -0.6],[-2 -2 -2 -2],-2.45,25.0,0.2380476142847616,14.047538337136986,-2.55,25.0,[-2.6 -2.5 -2.1 -2.6],[15 39 11 35],-0.475,2.0,0.0957427107756337,0.0,-0.45,2.0,[-0.5 -0.6 -0.4 -0.4],[2 2 2 2],E,1,[0.10144814 0.15570665 0.12398847 0.14874869 0.16924063],True,Beta
634040,304,308,labels,5,1-p,7y4f,D,['L' 'A' 'V' 'M' 'T'],0.97407997,-0.06882,-0.0159375998657196,0.18679412,0.007841683,0.0093126462198599,[1.1251 1.0375 0.9797 1.0744 0.6537],[-0.058  -0.0799 -0.0692 -0.0702 -0.0668],[-0.024708 -0.025024 -0.013292 -0.014021 -0.002643],[0.43997956 0.51182725 0.50356907 0.44105457 0.38248184],[0.60780146 0.49141846 0.48276598 0.49205677 0.44226953],[0.48688166 0.46498666 0.47092388 0.48335777 0.48038221],0.4557824591795604,0.5032624403635662,0.4773064374923706,0.0530664699170429,0.0619162588406157,0.0090867739255171,['-96.9' '-78.6' '-125.2' '-98.2' '-125.4'],['121.0' '130.8' '118.7' '126.0' '151.9'],['E' 'E' 'E' 'E' 'E'],['E' 'E' 'E' 'E' 'E'],-2.62,3.4,0.5403702434442518,13.520355024924456,-2.3,-2.0,[-3.3 -2.3 -3.1 -2.3 -2.1],[ 17  -9  13 -13   9],-0.5,-2.0,0.0707106781186547,0.0,-0.5,[-0.5 -0.6 -0.4 -0.5 -0.5],[-2 -2 -2 -2 -2],-2.12,3.4,0.8408329203831162,13.520355024924456,-2.5,9.0,[-2.8 -2.5 -2.8 -0.9 -1.6],[ 17  -9  13 -13   9],-0.4,2.0,0.1,0.0,-0.4,2.0,[-0.4 -0.5 -0.5 -0.3 -0.3],[2 2 2 2 2],E,1,[0.12222765 0.20204152 0.14717142 0.17562836 0.20023375],True,Beta
634145,51,54,labels,4,1-p,1vl4,A,['V' 'E' 'I' 'K'],1.005475,-0.0537,-0.0096857502358034,0.11507583,0.005134849,0.0031803236296608,[0.9653 1.0123 1.1591 0.8852],[-0.0555 -0.0601 -0.0504 -0.0488],[-0.010412 -0.013659 -0.008558 -0.006114],[0.45001316 0.51091512 0.49786819 0.47747523],[0.53439718 0.5205674  0.52531918 0.52390075],[0.48482777 0.48187277 0.48426055 0.48362   ],0.4840679243206978,0.5260461270809174,0.4836452702681224,0.0265481316054239,0.0059129167697577,0.0012805300945224,['-120.2' '-103.3' '-112.0' '-121.3'],['124.5' '128.7' '115.4' '126.4'],['E' 'E' 'E' 'E'],['E' 'E' 'E' 'E'],-3.05,-8.5,0.3316624790355399,24.93324420661432,-3.1,-2.0,[-3.4 -2.6 -3.1 -3.1],[ 15 -28  11 -32],-0.45,-2.0,0.0577350269189625,0.0,-0.45,[-0.4 -0.4 -0.5 -0.5],[-2 -2 -2 -2],-2.5,-8.5,0.1825741858350555,24.93324420661432,-2.5,-8.5,[-2.7 -2.4 -2.3 -2.6],[ 15 -28  11 -32],-0.475,2.0,0.0499999999999999,0.0,-0.5,2.0,[-0.5 -0.5 -0.5 -0.4],[2 2 2 2],E,1,[0.10414253 0.16275914 0.12365437 0.14755953 0.16897489],True,Beta
634539,4,7,labels,4,1-p,4p5p,A,['V' 'L' 'M' 'V'],0.85612506,-0.083174996,-0.0127242503222078,0.13482916,0.0075517665,0.0031564287594329,[0.7498 0.9783 0.9669 0.7295],[-0.0776 -0.0852 -0.0769 -0.093 ],[-0.011726 -0.016532 -0.013605 -0.009034],[0.42400074 0.43896969 0.43566316 0.35984113],[0.47453902 0.46829789 0.45737591 0.40914896],[0.47717945 0.47674277 0.47823832 0.47789611],0.4146186808745067,0.4523404464125633,0.477514165143172,0.0370784991216139,0.0296551121474304,0.0006775866981372,['-117.0' '-103.6' '-107.1' '-122.4'],['132.9' '121.3' '135.0' '130.3'],['E' 'E' 'E' 'E'],['E' 'E' 'E' 'E'],-2.725,63.5,0.1499999999999999,30.59956426705017,-2.8,-2.0,[-2.8 -2.5 -2.8 -2.8],[37 90 37 90],-0.4499999999999999,-2.0,0.0999999999999999,0.0,-0.4,[-0.4 -0.4 -0.6 -0.4],[-2 -2 -2 -2],-2.625,65.5,0.3774917217635374,30.59956426705017,-2.6,65.5,[-2.7 -3.1 -2.5 -2.2],[39 92 39 92],-0.425,2.0,0.1258305739211791,0.0,-0.4,2.0,[-0.6 -0.4 -0.4 -0.3],[2 2 2 2],E,1,[0.13838614 0.23547819 0.17649182 0.21242901 0.23721484],True,Beta
635328,112,115,labels,4,1-p,6zc1,A,['A' 'G' 'I' 'T'],0.86987495,-0.058,-0.0119849999900907,0.19021429,0.0058974563,0.003059624886206,[0.6982 1.0951 0.9591 0.7271],[-0.0506 -0.0577 -0.065  -0.0587],[-0.009026 -0.013658 -0.01543  -0.009826],[0.34601236 0.44831917 0.45302649 0.34192399],[0.5951064  0.5153901  0.50964542 0.55581566],[0.49212613 0.47882557 0.47838112 0.48743778],0.397320502748092,0.5439893951018652,0.4841926495234172,0.0616585224936419,0.0397921149096935,0.0067342514595721,['-134.3' '-127.6' '-95.1' '-105.4'],['147.6' '103.0' '130.9' '148.3'],['E' 'E' 'E' 'E'],['E' 'E' 'E' 'E'],-1.25,8.5,1.0598742063723097,12.233832869001713,-1.15,6.5,[-1.9 -0.3 -2.4 -0.4],[21 -2 17 -2],-0.275,7.5,0.0957427107756338,11.090536506409418,-0.25,[-0.3 -0.2 -0.4 -0.2],[-2 19 -2 15],-1.3749999999999998,10.5,1.228481447424692,9.9498743710662,-1.2,9.5,[-2.  -0.4 -2.8 -0.3],[21  2 17  2],-0.275,2.5,0.0957427107756338,9.814954576223638,-0.25,2.0,[-0.4 -0.2 -0.3 -0.2],[ 2 -9  2 15],E,1,[0.12516346 0.2041096  0.1584061  0.190081   0.21181017],True,Beta
635693,86,89,labels,4,1-p,2jep,A,['I' 'R' 'I' 'P'],1.0540249,-0.077325,-0.0196849997155368,0.14707756,0.0076508718,0.0019932420806297,[0.9087 1.0798 0.9797 1.2479],[-0.0661 -0.0802 -0.0833 -0.0797],[-0.017167 -0.019789 -0.022044 -0.01974 ],[0.38829679 0.48346933 0.53871924 0.49122255],[0.58141846 0.47546102 0.46581563 0.488227  ],[0.48200111 0.46722221 0.46579278 0.47335946],0.4754269756376744,0.5027305285135906,0.4720938876271248,0.0630125901244657,0.0532556081716164,0.007375451670983,['-121.3' '-96.5' '-118.3' '-58.4'],['123.8' '130.8' '96.1' '134.3'],['E' 'E' 'E' ''],['E' 'E' 'E' 'P'],-2.0250000000000004,9.25,1.4361406616345072,38.21321760857099,-2.4000000000000004,-2.0,[-2.7 -2.1 -3.3  0. ],[ 39 -41  39   0],-0.3,-1.5,0.2160246899469286,1.0,-0.35,[-0.3 -0.4 -0.5  0. ],[-2 -2 -2  0],-1.65,11.25,1.1150485789118487,38.21321760857099,-1.65,21.5,[-2.2 -2.9 -1.1 -0.4],[ 41 -39  41   2],-0.2749999999999999,2.0,0.1707825127659933,31.84336665618132,-0.25,2.0,[-0.5 -0.2 -0.1 -0.3],[  2  41   2 -37],E,1,[0.09673189 0.14814513 0.11253888 0.13391145 0.15399273],True,Beta
636190,103,106,labels,4,1-p,5xmz,A,['L' 'S' 'L' 'Y'],0.8303,-0.07135,-0.0106157500995323,0.19384965,0.008396231,0.0054621621317061,[0.752  1.1204 0.7217 0.7271],[-0.0767 -0.0798 -0.0616 -0.0673],[-0.015694 -0.014825 -0.00717  -0.004774],[0.44501263 0.42253477 0.418479   0.37471234],[0.4857447  0.48361706 0.49028373 0.48716317],[0.47621946 0.47906168 0.48512834 0.48245277],0.4151846840977669,0.4867021640141806,0.4807155628999075,0.0293972413642024,0.0027973041791505,0.0038919069537079,['-112.8' '-107.1' '-128.9' '-137.2'],['135.1' '137.3' '145.4' '145.3'],['E' 'E' 'E' 'E'],['E' 'E' 'E' 'E'],-2.825,0.0,0.2753785273643051,16.32993161855452,-2.85,-2.0,[-3.1 -2.7 -3.  -2.5],[ 16 -12  12 -16],-0.4,-2.0,0.0,0.0,-0.4,[-0.4 -0.4 -0.4 -0.4],[-2 -2 -2 -2],-2.075,0.0,0.2500000000000001,16.32993161855452,-2.2,0.0,[-2.2 -2.2 -1.7 -2.2],[ 16 -12  12 -16],-0.375,2.0,0.05,0.0,-0.4,2.0,[-0.4 -0.4 -0.3 -0.4],[2 2 2 2],E,1,[0.12233504 0.1961164  0.15808322 0.19008609 0.20981066],True,Beta
636552,177,180,labels,4,l3(10),2c9i,C,['T' 'Y' 'K' 'S'],0.818725,-0.07682499,-0.0144395000534132,0.03146249,0.009512577,0.0092638626542915,[0.8538 0.7925 0.8368 0.7918],[-0.0769 -0.0635 -0.0817 -0.0852],[-0.012293 -0.006567 -0.011062 -0.027836],[0.39060972 0.40445478 0.39435603 0.45835277],[0.50382983 0.48078017 0.47489365 0.54163124],[0.48656555 0.48337666 0.47474167 0.47358166],0.4119433263937633,0.5002837230761846,0.4795663853486379,0.0314873035052454,0.0302612865862469,0.0063927389608686,['-104.0' '-129.1' '-125.5' '-96.6'],['145.1' '128.8' '131.9' '142.2'],['E' 'E' 'E' 'E'],['E' 'E' 'E' 'E'],-2.025,-50.5,1.1265729744080792,44.25306015783918,-2.35,-2.0,[-3.  -2.4 -2.3 -0.4],[-86 -24 -90  -2],-0.35,-8.5,0.0577350269189625,13.0,-0.35,[-0.4 -0.3 -0.4 -0.3],[ -2  -2  -2 -28],-1.525,-73.0,0.942956343987709,32.761766334148305,-1.75,-88.0,[-1.9 -1.6 -2.4 -0.2],[-86 -24 -90 -92],-0.3,2.5,0.1414213562373095,1.0,-0.35,2.0,[-0.4 -0.4 -0.3 -0.1],[2 2 2 4],E,1,[0.11411197 0.17793166 0.14848565 0.1789634  0.19735115],True,Beta
637096,554,559,labels,6,1-p,8iq5,B,['V' 'R' 'V' 'N' 'I' 'Q'],0.93825,-0.058883335,-0.0100643335220714,0.15863125,0.0052882573,0.0023650147507524,[0.9604 0.761  1.0011 0.7748 1.1897 0.9425],[-0.0566 -0.0543 -0.0601 -0.054  -0.0682 -0.0601],[-0.012493 -0.009898 -0.008267 -0.007689 -0.013401 -0.008638],[0.33314459 0.44344895 0.41321787 0.48304583 0.47350089 0.48767171],[0.59978726 0.5170213  0.51886529 0.50900714 0.50900714 0.47163124],[0.48630942 0.48296777 0.48563667 0.48369057 0.48348445 0.47610499],0.4390049734049374,0.5208865586254333,0.4830323126580981,0.0589731474525197,0.042314710375637,0.003637354513216,['-122.6' '-125.8' '-104.4' '-136.1' '-114.8' '-102.2'],['136.6' '125.7' '142.1' '132.4' '112.5' '129.3'],['E' 'E' 'E' 'E' 'E' 'E'],['E' 'E' 'E' 'E' 'E' 'E'],-2.7500000000000004,-61.0,0.3146426544510454,15.748015748023622,-2.85,-2.0,[-2.9 -2.9 -2.6 -2.2 -2.8 -3.1],[-71 -43 -75 -47 -79 -51],-0.4166666666666667,-2.0,0.0983192080250175,0.0,-0.4,[-0.3 -0.4 -0.4 -0.4 -0.4 -0.6],[-2 -2 -2 -2 -2 -2],-2.2999999999999994,-61.0,0.4427188724235731,15.748015748023622,-2.35,-61.0,[-2.5 -2.2 -1.9 -2.8 -2.7 -1.7],[-71 -43 -75 -47 -79 -51],-0.45,2.0,0.0836660026534075,0.0,-0.4,2.0,[-0.4 -0.4 -0.4 -0.6 -0.5 -0.4],[2 2 2 2 2 2],E,1,[0.11783373 0.19165323 0.14418077 0.17347177 0.19742139],True,Beta
638048,640,643,labels,4,1-p,4m02,A,['T' 'V' 'V' 'S'],1.0023,-0.06497499,-0.0104347502347081,0.11595738,0.009982778,0.0022440464066954,[0.9001 1.0232 1.1573 0.9286],[-0.0789 -0.0554 -0.0614 -0.0642],[-0.012005 -0.007696 -0.012512 -0.009526],[0.45237495 0.50177737 0.50641954 0.47019436],[0.476383   0.49950357 0.5099291  0.47886527],[0.47836111 0.48210388 0.4834811  0.48213165],0.4826915537317595,0.491170234978199,0.4815194358428319,0.0258364235070716,0.0162420660284223,0.0022014792079527,['-111.4' '-119.2' '-99.0' '-117.4'],['128.4' '114.4' '130.2' '128.6'],['E' 'E' 'E' 'E'],['E' 'E' 'E' 'E'],-2.775,-10.0,0.1499999999999998,23.20919358070561,-2.8,-2.0,[-2.6 -2.9 -2.7 -2.9],[-28  12 -32   8],-0.475,-2.0,0.0499999999999999,0.0,-0.5,[-0.4 -0.5 -0.5 -0.5],[-2 -2 -2 -2],-2.5,-10.0,0.4000000000000001,23.20919358070561,-2.3,-10.0,[-2.3 -2.3 -3.1 -2.3],[-28  12 -32   8],-0.5,2.0,0.0,0.0,-0.5,2.0,[-0.5 -0.5 -0.5 -0.5],[2 2 2 2],E,1,[0.12480551 0.20991545 0.14827765 0.17735393 0.20369186],True,Beta
638582,380,385,labels,6,1-p,1w2t,D,['R' 'I' 'R' 'A' 'F' 'L'],0.98445004,-0.04956666,-0.0080736667732708,0.17533837,0.008415857,0.0048432127360741,[0.7217 0.8814 1.1556 0.9432 1.1897 1.0151],[-0.0519 -0.0402 -0.0509 -0.0578 -0.058  -0.0386],[-0.006564 -0.004574 -0.00879  -0.012772 -0.014199 -0.001543],[0.40290738 0.44934532 0.4854239  0.53564075 0.51275568 0.43686849],[0.53241138 0.53687946 0.53269506 0.52007095 0.52879435 0.4951064 ],[0.4877889  0.48892889 0.48548    0.48013279 0.4841589  0.48351557],0.4704902544617653,0.5243262648582458,0.4850008421474034,0.049797474964851,0.0153938976159045,0.0031637088495527,['-141.0' '-113.5' '-118.4' '-117.2' '-99.3' '-94.5'],['123.3' '135.1' '125.8' '118.5' '106.0' '129.9'],['E' 'E' 'E' 'E' 'E' 'E'],['E' 'E' 'E' 'E' 'E' 'E'],-2.2,-25.83333333333333,0.9674709297958258,34.49299445781225,-2.6,-2.0,[-0.3 -2.8 -2.1 -2.5 -2.7 -2.8],[ -2 -53  11 -57   7 -61],-0.45,-10.166666666666666,0.197484176581315,20.00416623272929,-0.4,[-0.2 -0.4 -0.4 -0.4 -0.5 -0.8],[-51  -2  -2  -2  -2  -2],-2.2,-23.0,0.5253570214625478,37.416573867739416,-2.35,-23.0,[-2.3 -2.9 -2.4 -2.4 -1.8 -1.4],[ 15 -53  11 -57   7 -61],-0.4666666666666667,2.0,0.196638416050035,0.0,-0.45,2.0,[-0.4 -0.4 -0.5 -0.8 -0.5 -0.2],[2 2 2 2 2 2],E,1,[0.10732755 0.1691124  0.12861584 0.15362003 0.1755059 ],True,Beta
639049,5,8,labels,4,1-p,3fqu,A,['M' 'R' 'Y' 'F'],0.864075,-0.053525,-0.0068989999126642,0.16675799,0.0098011475,0.0033960941365962,[1.0505 0.6452 0.8912 0.8694],[-0.0567 -0.0458 -0.066  -0.0456],[-0.006833 -0.002762 -0.01108  -0.006921],[0.36132337 0.42136204 0.39186392 0.41585659],[0.50588656 0.51879437 0.52666671 0.53751778],[0.48982279 0.48851391 0.48846501 0.48861724],0.3976014802853267,0.522216354807218,0.4888547360897065,0.027366856149628,0.0133205505862293,0.0006484783993046,['-119.3' '-137.6' '-116.9' '-126.6'],['131.5' '139.7' '142.2' '134.4'],['E' 'E' 'E' 'E'],['E' 'E' 'E' 'E'],-2.45,56.5,0.3109126351029604,43.3628104870214,-2.45,-2.0,[-2.1 -2.3 -2.8 -2.6],[96 21 92 17],-0.375,-2.0,0.05,0.0,-0.4,[-0.3 -0.4 -0.4 -0.4],[-2 -2 -2 -2],-2.25,56.5,0.5744562646538027,43.3628104870214,-2.1,56.5,[-1.8 -3.  -1.8 -2.4],[96 21 92 17],-0.4,2.0,0.0,0.0,-0.4,2.0,[-0.4 -0.4 -0.4 -0.4],[2 2 2 2],E,1,[0.11714835 0.1861766  0.14872026 0.17847321 0.19898851],True,Beta
639201,65,68,labels,4,1-p,1jif,A,['W' 'I' 'E' 'V'],0.8169,-0.08885,-0.0149367498233914,0.15177315,0.0076203663,0.0015172514468676,[0.7918 0.7709 1.0311 0.6738],[-0.0997 -0.0839 -0.0832 -0.0886],[-0.01338  -0.016924 -0.014252 -0.015191],[0.34399261 0.42248593 0.40326572 0.40272821],[0.44113477 0.44907803 0.45695037 0.50106384],[0.47590168 0.47524668 0.47424056 0.46807501],0.3931181182463965,0.4620567535360654,0.4733659823735555,0.0340152490059688,0.0267943078774353,0.0035928679555763,['-119.9' '-126.8' '-93.3' '-135.4'],['138.2' '131.8' '133.4' '160.7'],['E' 'E' 'E' 'E'],['E' 'E' 'E' 'E'],-1.6,24.5,1.4445299120013633,30.59956426705017,-1.6,24.5,[-0.3 -2.9 -0.4 -2.8],[-2 51 -2 51],-0.3,24.5,0.1154700538379251,30.59956426705017,-0.3,[-0.2 -0.4 -0.2 -0.4],[51 -2 51 -2],-1.125,27.5,1.1086778913041726,29.444863728670917,-0.75,27.5,[-0.4 -2.7 -0.3 -1.1],[ 2 53  2 53],-0.2,26.5,0.1632993161855452,30.64310689208913,-0.2,27.5,[-0.2 -0.4 -0.2 -0. ],[53  2 53 -2],E,1,[0.10440194 0.15731023 0.13599287 0.16381794 0.18067726],True,Beta
640214,6,9,labels,4,1-p,5hzx,A,['L' 'L' 'T' 'L'],0.78389996,-0.075325,-0.0107645003008656,0.14528492,0.008517582,0.0094855123502261,[0.9805 0.6339 0.7373 0.7839],[-0.0841 -0.0672 -0.0811 -0.0689],[-0.024312 -0.002211 -0.008883 -0.007652],[0.40991134 0.38305194 0.35102915 0.3783935 ],[0.45184399 0.47347519 0.48425534 0.481844  ],[0.46094333 0.48033001 0.48958555 0.48527833],0.3805964837471645,0.4728546291589738,0.4790343046188355,0.0241141094632678,0.014749205914727,0.0126396037591402,['-87.3' '-132.4' '-121.4' '-142.5'],['122.6' '151.5' '148.5' '129.2'],['E' 'E' 'E' 'E'],['E' 'E' 'E' 'E'],-2.05,44.25,1.0878112581387147,37.69504830434187,-2.4000000000000004,-2.0,[-0.5 -2.7 -2.9 -2.1],[-2 75 29 75],-0.325,6.75,0.1258305739211791,17.5,-0.3,[-0.2 -0.5 -0.3 -0.3],[33 -2 -2 -2],-2.225,54.0,0.4856267428111155,26.60826939130014,-2.3,55.0,[-2.1 -2.5 -1.6 -2.7],[33 77 29 77],-0.35,2.0,0.1,0.0,-0.3,2.0,[-0.3 -0.3 -0.3 -0.5],[2 2 2 2],E,1,[0.09468862 0.13675925 0.12578782 0.15182995 0.16624696],True,Beta
641008,167,171,labels,5,1-p,2z1a,A,['G' 'I' 'I' 'G' 'L'],0.87855995,-0.08882,-0.0136036003008484,0.114746034,0.009680238,0.0050833884381856,[0.9016 0.9828 0.9887 0.7817 0.738 ],[-0.1009 -0.0784 -0.0859 -0.082  -0.0969],[-0.020042 -0.012546 -0.016666 -0.01219  -0.006574],[0.44144551 0.46797914 0.44844947 0.4085757  0.34352023],[0.44404259 0.4502128  0.46361705 0.45049647 0.41141847],[0.47329612 0.47263667 0.47699889 0.48031666 0.47006721],0.421994012594223,0.4439574758211771,0.474663108587265,0.0488135976421499,0.0195395788262689,0.0040160883775363,['-91.6' '-126.4' '-100.2' '-92.0' '-147.1'],['140.0' '112.0' '121.0' '154.4' '139.5'],['E' 'E' 'E' 'E' 'E'],['E' 'E' 'E' 'E' 'E'],-2.28,20.0,0.6300793600809345,30.157917700000443,-2.6,-2.0,[-2.8 -2.8 -2.6 -1.7 -1.5],[ 42 -11  42 -15  42],-0.4199999999999999,-8.2,0.1303840481040529,13.863621460498695,-0.4,[-0.4 -0.3 -0.5 -0.6 -0.3],[ -2  -2  -2  -2 -33],-2.62,18.0,0.6870225614927067,36.29738282576307,-2.9,44.0,[-2.9 -2.  -3.  -3.4 -1.8],[ 44 -11  44 -31  44],-0.4,-1.0,0.1581138830084189,6.708203932499369,-0.4,2.0,[-0.5 -0.6 -0.2 -0.3 -0.4],[  2   2 -13   2   2],E,1,[0.12804645 0.21094241 0.16132963 0.19323459 0.21564568],True,Beta
641981,164,167,labels,4,1-p,6dre,B,['T' 'H' 'L' 'L'],0.98814994,-0.080800004,-0.0178135000169277,0.18498732,0.009911274,0.0081968884852802,[1.2177 0.982  0.7647 0.9882],[-0.0846 -0.0687 -0.0779 -0.092 ],[-0.029595 -0.014483 -0.010763 -0.016413],[0.44304174 0.48285035 0.44546871 0.42602049],[0.55843974 0.47432627 0.46907803 0.45836881],[0.47676222 0.46953279 0.47685611 0.47927721],0.4493453254302343,0.4900532141327859,0.475607082247734,0.0239541085791361,0.0460720941497782,0.0042135228610915,['-85.5' '-98.8' '-119.5' '-119.6'],['122.4' '129.0' '148.0' '116.9'],['E' 'E' 'E' 'E'],['E' 'E' 'E' 'E'],-2.6499999999999995,-27.0,0.5916079783099616,20.848661028149188,-2.45,-2.0,[-2.6 -3.5 -2.3 -2.2],[-45  -7 -45 -11],-0.45,-2.0,0.1290994448735805,0.0,-0.45,[-0.4 -0.6 -0.5 -0.3],[-2 -2 -2 -2],-2.725,-26.25,0.4645786621588784,19.448650338776723,-2.8,-27.5,[-2.7 -2.1 -3.2 -2.9],[-43  -7 -43 -12],-0.575,-1.25,0.2986078811194819,6.5,-0.5,2.0,[-0.5 -0.3 -0.5 -1. ],[  2   2   2 -11],E,1,[0.12210527 0.20251521 0.14607162 0.1745029  0.19954159],True,Beta
642865,20,23,labels,4,1-p,1kzq,B,['A' 'V' 'I' 'L'],0.8443999,-0.080425,-0.0117589998990297,0.1708402,0.009666565,0.0050866919926836,[0.676  0.7363 0.9145 1.0508],[-0.0932 -0.0761 -0.0818 -0.0706],[-0.009938 -0.008737 -0.01935  -0.009011],[0.32459324 0.37899615 0.44004471 0.41066061],[0.46304968 0.46021281 0.47624117 0.46014187],[0.48547613 0.47887501 0.47939001 0.47339389],0.3885736788312595,0.4649113814036052,0.4792837575078011,0.0494042033740339,0.0076736549129023,0.004940120252933,['-132.0' '-138.5' '-125.9' '-87.8'],['146.6' '142.8' '115.6' '135.5'],['E' 'E' 'E' 'E'],['E' 'E' 'E' 'E'],-1.45,51.0,1.3674794331177345,61.19912853410033,-1.25,51.0,[-0.3 -2.2 -0.3 -3. ],[ -2 104  -2 104],-0.325,51.0,0.15,61.19912853410033,-0.3,[-0.2 -0.4 -0.2 -0.5],[104  -2 104  -2],-1.575,54.0,1.417450763401208,60.04442799572108,-1.55,54.0,[-0.3 -2.9 -0.4 -2.7],[  2 106   2 106],-0.2749999999999999,54.75,0.15,59.191074777649824,-0.2,55.5,[-0.2 -0.5 -0.2 -0.2],[106   2 106   5],E,1,[0.13879829 0.23408282 0.17790959 0.2134435  0.23576579],True,Beta
643196,189,192,labels,4,1-p,1f58,H,['S' 'S' 'V' 'T'],0.8034,-0.073875,-0.009015749907121,0.13328363,0.0057209404,0.0025570760016579,[0.722  0.7256 0.7648 1.0012],[-0.0823 -0.0722 -0.0696 -0.0714],[-0.009582 -0.007097 -0.012403 -0.006981],[0.3412236  0.36036235 0.40583927 0.358196  ],[0.47170217 0.47936173 0.48709223 0.44652485],[0.4857222  0.48384332 0.48528833 0.48527443],0.3664053045213222,0.471170244117578,0.4850320716698965,0.0276469792672898,0.0175906081396188,0.0008193147719467,['-137.6' '-119.4' '-138.7' '-115.5'],['137.4' '154.2' '137.0' '124.8'],['E' 'E' 'E' 'E'],['E' 'E' 'E' 'E'],-2.0500000000000003,-29.5,0.6608075867199669,13.47837774610382,-2.0,-2.0,[-1.9 -2.9 -2.1 -1.3],[-39 -16 -43 -20],-0.35,-2.0,0.0577350269189625,0.0,-0.35,[-0.3 -0.4 -0.3 -0.4],[-2 -2 -2 -2],-1.875,-35.75,1.189887949906769,13.400870618483465,-2.2,-41.0,[-1.9 -2.5 -2.9 -0.2],[-39 -16 -43 -45],-0.325,-10.25,0.1707825127659933,24.5,-0.35,2.0,[-0.3 -0.4 -0.5 -0.1],[  2   2   2 -47],E,1,[0.10938855 0.16686089 0.14339896 0.17184427 0.18860159],True,Beta
644355,34,39,labels,6,1-p,4osu,L,['V' 'S' 'W' 'Y' 'Q' 'Q'],0.8381834,-0.10153333,-0.0163083334142963,0.12465414,0.0071687293,0.0025961917403155,[0.7454 0.733  0.7889 0.7845 0.9277 1.0496],[-0.1016 -0.1022 -0.111  -0.1051 -0.0892 -0.1001],[-0.020071 -0.012253 -0.016362 -0.016988 -0.014962 -0.017214],[0.37526614 0.36930464 0.37567335 0.40738667 0.44985026 0.41528649],[0.40007095 0.41503549 0.41255321 0.42177308 0.42950357 0.4031206 ],[0.45919167 0.47295222 0.474665   0.47316    0.47268667 0.45549945],0.398794593082534,0.4136761476596197,0.4680258333683015,0.0313379158507706,0.0110968239486668,0.0083831197503664,['-93.0' '-115.0' '-126.4' '-125.8' '-108.1' '-122.2'],['136.8' '159.0' '146.7' '133.7' '131.0' '101.3'],['' 'E' 'E' 'E' 'E' 'E'],['P' 'E' 'E' 'E' 'E' 'E'],-2.3000000000000003,28.666666666666668,0.9919677414109797,25.06524818681568,-2.55,-2.0,[-0.4 -3.  -2.2 -2.7 -2.4 -3.1],[-2 55 13 51  8 47],-0.3333333333333333,7.833333333333333,0.1366260102127946,24.086649137367917,-0.35,[-0.1 -0.3 -0.3 -0.4 -0.4 -0.5],[57 -2 -2 -2 -2 -2],-2.4166666666666665,31.83333333333333,0.5879342366852492,21.386132578534777,-2.5,32.5,[-2.7 -2.1 -3.2 -2.3 -1.5 -2.7],[18 55 12 51  8 47],-0.6166666666666667,4.0,0.6047037842337905,4.427188724235731,-0.45,2.0,[-0.3 -0.4 -1.8 -0.5 -0.6 -0.1],[ 2  2 13  2  2  3],E,1,[0.11028286 0.16995632 0.14187939 0.17029219 0.18831125],True,Beta
644471,223,226,labels,4,1-p,7azc,C,['I' 'R' 'A' 'H'],0.82762504,-0.042275,-0.0068484998737403,0.122333676,0.008497598,0.0046928986950342,[0.7383 0.7087 0.9551 0.9084],[-0.0409 -0.0482 -0.0492 -0.0308],[-0.010185 -0.007027 -0.010027 -0.000155],[0.28421455 0.39126126 0.41896765 0.39992662],[0.66113476 0.54021279 0.54737592 0.52496458],[0.48971112 0.48486723 0.49043945 0.48476944],0.3735925219953061,0.5684220120310783,0.4874468098084132,0.0606986914737278,0.0625110661465231,0.003049893534514,['-132.2' '-137.6' '-130.4' '-106.8'],['149.3' '139.1' '120.1' '124.2'],['E' 'E' 'E' 'E'],['E' 'E' 'E' 'E'],-2.7,0.0,0.2943920288775949,10.64581294844754,-2.6500000000000004,-2.0,[-2.4 -2.6 -2.7 -3.1],[ 11  -7   7 -11],-0.35,-2.0,0.0577350269189625,0.0,-0.35,[-0.3 -0.3 -0.4 -0.4],[-2 -2 -2 -2],-2.85,0.0,0.0999999999999998,10.64581294844754,-2.9,0.0,[-2.7 -2.9 -2.9 -2.9],[ 11  -7   7 -11],-0.425,2.0,0.0499999999999999,0.0,-0.4,2.0,[-0.4 -0.4 -0.5 -0.4],[2 2 2 2],E,1,[0.08762895 0.12464554 0.11355984 0.1372344  0.15227984],True,Beta
645008,98,102,labels,5,1-p,4dkn,B,['L' 'S' 'T' 'E' 'F'],0.84984,-0.03954,-0.0048718000296503,0.14075653,0.006883531,0.0014832326619924,[0.8689 0.9781 0.6124 0.9265 0.8633],[-0.0319 -0.0421 -0.0441 -0.047  -0.0326],[-0.004077 -0.005865 -0.003567 -0.006985 -0.003865],[0.4330896  0.40059444 0.40997651 0.39127754 0.42994597],[0.56375889 0.55453904 0.54382982 0.55056743 0.54794329],[0.49084666 0.49249499 0.49087943 0.49199054 0.4918511 ],0.4129768133163453,0.5521276950836181,0.4916125436623891,0.0182048054450275,0.0075811888501807,0.0007250057957454,['-139.2' '-114.2' '-130.5' '-141.0' '-115.0'],['122.6' '135.5' '153.7' '121.2' '133.2'],['E' 'E' 'E' 'E' 'E'],['E' 'E' 'E' 'E' 'E'],-2.3,-0.4,0.3674234614174768,16.195678435928517,-2.5,-2.0,[-1.9 -2.5 -2.6 -1.9 -2.6],[ -8  19 -12  15 -16],-0.38,-2.0,0.0447213595499958,0.0,-0.4,[-0.4 -0.4 -0.4 -0.3 -0.4],[-2 -2 -2 -2 -2],-2.44,-0.4,0.5319774431308155,16.195678435928517,-2.6,-8.0,[-3.1 -2.6 -1.8 -2.7 -2. ],[ -8  19 -12  15 -16],-0.38,2.0,0.0447213595499958,0.0,-0.4,2.0,[-0.4 -0.3 -0.4 -0.4 -0.4],[2 2 2 2 2],E,1,[0.09067981 0.13015526 0.11588212 0.1384885  0.15346514],True,Beta
645401,5,8,labels,4,1-p,1vhx,A,['G' 'L' 'D' 'L'],0.88945,-0.06815,-0.0112959998659789,0.1872679,0.009605727,0.0065341562219749,[0.9519 0.6117 1.0193 0.9749],[-0.075  -0.0585 -0.0777 -0.0614],[-0.010586 -0.004144 -0.019998 -0.010456],[0.39005592 0.4207105  0.42445681 0.41224059],[0.47226954 0.48851068 0.49815607 0.47276599],[0.47883666 0.48070665 0.48077887 0.47460055],0.4118659595648448,0.4829255690177282,0.4787306835254034,0.0154118307389333,0.0126481841851229,0.0028964769076199,['-114.3' '-134.0' '-126.5' '-92.0'],['139.7' '146.8' '112.1' '123.9'],['E' 'E' 'E' 'E'],['E' 'E' 'E' 'E'],-1.975,17.0,1.1926860441876563,23.95829710142188,-2.3,-2.0,[-2.9 -2.9 -1.7 -0.4],[11 52  7 -2],-0.375,11.5,0.05,27.0,-0.4,[-0.4 -0.4 -0.3 -0.4],[-2 -2 -2 52],-1.85,19.25,1.109053650640942,23.30057223903882,-2.35,9.0,[-2.5 -2.2 -2.5 -0.2],[11 54  7  5],-0.3749999999999999,2.0,0.1707825127659933,0.0,-0.35,2.0,[-0.3 -0.4 -0.6 -0.2],[2 2 2 2],E,1,[0.13943074 0.2395895  0.17477329 0.20998687 0.2362196 ],True,Beta
646411,72,75,labels,4,1-p,1tvg,A,['L' 'K' 'I' 'E'],0.8879,-0.05025,-0.0076399999670684,0.09671046,0.0056293877,0.0029750055788432,[0.9402 0.9117 0.9544 0.7453],[-0.0455 -0.0519 -0.0461 -0.0575],[-0.00798  -0.011588 -0.006406 -0.004586],[0.37598283 0.45709855 0.42535266 0.38150456],[0.57978725 0.53652485 0.52801422 0.50929081],[0.49015833 0.48557    0.48745555 0.48983443],0.4099846494694552,0.5384042859077454,0.488254576921463,0.0383976368478823,0.0298419725785125,0.0021575901259731,['-121.9' '-114.5' '-119.2' '-121.2'],['128.4' '133.2' '127.1' '159.5'],['E' 'E' 'E' 'E'],['E' 'E' 'E' 'E'],-2.975,29.5,0.4272001872658766,14.617341299520463,-2.95,-2.0,[-3.1 -2.8 -3.5 -2.5],[19 44 15 40],-0.45,-2.0,0.0577350269189625,0.0,-0.45,[-0.4 -0.4 -0.5 -0.5],[-2 -2 -2 -2],-2.75,29.5,0.4654746681256312,14.617341299520463,-2.75,29.5,[-2.9 -3.3 -2.2 -2.6],[19 44 15 40],-0.7999999999999999,5.0,0.7393691004272945,6.0,-0.5,2.0,[-0.5 -0.5 -1.9 -0.3],[ 2  2 14  2],E,1,[0.12187052 0.1985631  0.15290195 0.18431475 0.20738191],True,Beta
648605,190,194,labels,5,1-p,6cr1,H,['Q' 'S' 'E' 'L' 'T'],0.99152005,-0.078999996,-0.0144119998440146,0.076418,0.007751452,0.0026309314718072,[0.9274 1.0931 0.9633 0.9233 1.0505],[-0.0711 -0.0721 -0.0782 -0.0848 -0.0888],[-0.010948 -0.014305 -0.014463 -0.018349 -0.013995],[0.43582603 0.48601028 0.48534247 0.47840368 0.42639514],[0.47553195 0.48127662 0.47156031 0.45971634 0.43588655],[0.48025333 0.47793555 0.4738239  0.47399611 0.474515  ],0.4623955210049947,0.4647943536440532,0.4761047780513764,0.028906945143345,0.0179874012303566,0.0028608782377041,['-120.0' '-109.6' '-106.8' '-101.4' '-107.1'],['119.8' '121.6' '118.9' '133.5' '118.2'],['E' 'E' 'E' 'E' 'E'],['E' 'E' 'E' 'E' 'E'],-2.62,-26.2,0.3114482300479488,15.658863304850708,-2.6,-2.0,[-2.4 -2.6 -2.7 -3.1 -2.3],[-11 -41 -15 -45 -19],-0.4399999999999999,-2.0,0.1140175425099137,0.0,-0.4,[-0.3 -0.4 -0.5 -0.6 -0.4],[-2 -2 -2 -2 -2],-1.88,-22.0,0.9679876032264048,20.223748416156685,-1.9,-15.0,[-1.9 -3.  -1.7 -2.4 -0.4],[-11 -41 -15 -45   2],-0.4600000000000001,-7.8,0.167332005306815,21.91346617949794,-0.5,2.0,[-0.5 -0.6 -0.4 -0.6 -0.2],[  2   2   2   2 -47],E,1,[0.12560013 0.21122505 0.14996439 0.17898617 0.20520879],True,Beta
650862,53,56,labels,4,1-p,2j4x,A,['I' 'S' 'S' 'N'],1.040025,-0.074225,-0.0157002496998757,0.1458749,0.005706938,0.0039588006646198,[0.9038 1.0428 0.9719 1.2416],[-0.0695 -0.0706 -0.0747 -0.0821],[-0.015097 -0.012163 -0.021346 -0.014195],[0.41492814 0.47537402 0.53039591 0.42839858],[0.49794328 0.48595747 0.4770213  0.43744683],[0.58286611 0.47299666 0.47349777 0.47817999],0.4622741614778837,0.474592221279939,0.5018851334849994,0.0522856873928316,0.0262050968645097,0.0540377614877706,['-112.2' '-109.9' '-106.1' '-81.2'],['120.5' '120.0' '113.5' '126.1'],['E' 'E' 'E' 'E'],['E' 'E' 'E' 'E'],-2.45,14.0,0.7937253933193771,24.303634844744245,-2.55,-2.0,[-1.4 -2.7 -2.4 -3.3],[-5 35 -9 35],-0.55,-2.0,0.1290994448735805,0.0,-0.55,[-0.4 -0.5 -0.6 -0.7],[-2 -2 -2 -2],-2.375,15.0,0.4991659710623979,25.45584412271571,-2.45,16.0,[-1.7 -2.5 -2.4 -2.9],[-5 37 -9 37],-0.5249999999999999,2.0,0.1707825127659933,0.0,-0.55,2.0,[-0.6 -0.7 -0.5 -0.3],[2 2 2 2],E,1,[0.10163947 0.15935236 0.11870151 0.14164288 0.16380458],True,Beta
651129,31,34,labels,4,1-p,1u14,A,['H' 'I' 'T' 'P'],1.053275,-0.0753,-0.0187497502192854,0.10124862,0.007220342,0.0026379469350064,[1.1084 0.9015 1.0995 1.1037],[-0.0715 -0.0677 -0.0779 -0.0841],[-0.021632 -0.015958 -0.020249 -0.01716 ],[0.38582095 0.50646838 0.50570283 0.46025847],[0.59000002 0.48432626 0.47539009 0.46297874],[0.48069055 0.4678672  0.47035165 0.47195833],0.4645626582205296,0.5031737784544628,0.4727169300119083,0.0567667324984177,0.0585422931332261,0.0055757977772987,['-112.3' '-97.2' '-110.1' '-70.5'],['120.6' '127.0' '104.7' '134.9'],['E' 'E' 'E' 'E'],['E' 'E' 'E' 'E'],-1.425,-15.0,1.3744695946679455,16.186414056238647,-1.5,-2.0,[-2.7 -0.5 -2.5  0. ],[-29  -2 -29   0],-0.275,-8.25,0.2217355782608345,13.865424623862047,-0.3,[-0.4 -0.2 -0.5  0. ],[ -2 -29  -2   0],-1.4,-19.75,1.2832251036613438,14.5,-1.35,-27.0,[-2.7 -0.2 -2.3 -0.4],[-27 -27 -27   2],-0.2749999999999999,-13.0,0.1707825127659933,17.339742404853272,-0.25,-12.5,[-0.5 -0.1 -0.3 -0.2],[  2 -29   2 -27],E,1,[0.09817244 0.15080591 0.11432463 0.13583684 0.15593218],True,Beta
654110,201,204,labels,4,1-p,2q43,A,['E' 'A' 'V' 'I'],0.87277496,-0.0635,-0.0085454999934881,0.14696206,0.0059581874,0.002970774888919,[0.8887 0.6771 1.0337 0.8916],[-0.07   -0.0595 -0.067  -0.0575],[-0.007473 -0.006794 -0.01298  -0.006935],[0.35780509 0.42341436 0.42388673 0.40279337],[0.48815605 0.49893619 0.50780143 0.47900711],[0.48757111 0.48486277 0.48516166 0.48135721],0.4019748866558076,0.4934751962622007,0.4847381884853046,0.0310452373340654,0.0125523194501655,0.0025593836658748,['-132.3' '-130.3' '-120.4' '-103.2'],['134.9' '142.7' '114.0' '107.1'],['E' 'E' 'E' 'E'],['E' 'E' 'E' 'E'],-2.375,66.0,0.3947573094109003,20.912516188477497,-2.5,-2.0,[-2.7 -1.8 -2.5 -2.5],[86 50 82 46],-0.4,-2.0,0.0816496580927726,0.0,-0.4,[-0.3 -0.4 -0.4 -0.5],[-2 -2 -2 -2],-2.375,66.0,0.921502396451939,20.912516188477497,-2.3,66.0,[-3.4 -2.9 -1.7 -1.5],[86 50 82 46],-0.525,2.0,0.1892969448600091,0.0,-0.45,2.0,[-0.4 -0.5 -0.8 -0.4],[2 2 2 2],E,1,[0.13689711 0.23317546 0.17311777 0.2090111  0.234601  ],True,Beta
655864,18,22,labels,5,1-p,6uce,H,['V' 'K' 'V' 'S' 'C'],0.8738,-0.08486,-0.0127545999363064,0.15509893,0.00575048,0.0018216679691855,[0.7021 1.0292 0.9131 0.7195 1.0051],[-0.0934 -0.083  -0.0866 -0.0836 -0.0777],[-0.012951 -0.014601 -0.014445 -0.010876 -0.0109  ],[0.38906233 0.4307278  0.43356196 0.42963649 0.41955402],[0.42709221 0.45177306 0.45872342 0.46248229 0.46617024],[0.47462167 0.47666834 0.47782111 0.47987722 0.4770739 ],0.4205085198084514,0.4532482445240021,0.4772124489148458,0.0183570152364591,0.0155606655806274,0.0019038687622263,['-137.7' '-119.4' '-97.1' '-111.8' '-147.4'],['139.7' '111.6' '137.9' '157.4' '106.6'],['' 'E' 'E' 'E' 'E'],['' 'E' 'E' 'E' 'E'],-1.56,35.8,1.1193748255164575,34.62224718298915,-1.9,-2.0,[-2.2 -0.4 -2.9 -0.4 -1.9],[65 -2 61 -2 57],-0.3,23.2,0.1224744871391589,34.53548899320813,-0.3,[-0.3 -0.2 -0.5 -0.2 -0.3],[-2 63 -2 59 -2],-2.08,34.2,1.0756393447619887,37.23842101915708,-2.7,57.0,[-2.9 -0.4 -2.7 -1.6 -2.8],[ 65   2  61 -14  57],-0.36,14.2,0.1341640786499874,27.280029325497438,-0.3,2.0,[-0.5 -0.2 -0.3 -0.3 -0.5],[ 2 63  2  2  2],E,1,[0.1397625  0.23679312 0.17636877 0.21124294 0.23392297],True,Beta
656811,186,189,labels,4,1-p,5xli,c,['S' 'S' 'V' 'T'],0.80869997,-0.078475,-0.009498500265181,0.15358736,0.009482045,0.0027846296666276,[0.7222 0.7131 0.7627 1.0368],[-0.0899 -0.0826 -0.0715 -0.0699],[-0.01099  -0.009099 -0.012137 -0.005768],[0.33404045 0.35801683 0.40925984 0.36223551],[0.45170216 0.46524826 0.47943265 0.45382981],[0.48344555 0.48209667 0.48499778 0.48438222],0.3658881572385629,0.4625532204906146,0.4837305570642154,0.0314678587667416,0.0127282076625168,0.0012624480829098,['-142.2' '-117.3' '-133.8' '-123.5'],['138.9' '154.7' '141.9' '122.1'],['E' 'E' 'E' 'E'],['E' 'E' 'E' 'E'],-2.075,-29.5,0.2499999999999999,13.47837774610382,-2.05,-2.0,[-1.8 -2.1 -2.4 -2. ],[-39 -16 -43 -20],-0.3,-2.0,0.0,0.0,-0.3,[-0.3 -0.3 -0.3 -0.3],[-2 -2 -2 -2],-2.25,-29.5,0.3872983346207416,13.47837774610382,-2.1500000000000004,-29.5,[-2.2 -2.1 -2.8 -1.9],[-39 -16 -43 -20],-0.325,-9.75,0.1258305739211791,23.5,-0.3,2.0,[-0.3 -0.3 -0.5 -0.2],[  2   2   2 -45],E,1,[0.10870141 0.16603144 0.14223496 0.17119306 0.18848885],True,Beta
659074,125,129,labels,5,1-p,3lwa,A,['V' 'L' 'G' 'I' 'N'],1.01292,-0.09313999,-0.0225742001086473,0.1809882,0.009370592,0.0053581079145729,[0.9316 1.0289 0.7534 1.2203 1.1304],[-0.0967 -0.0974 -0.0996 -0.0954 -0.0766],[-0.023719 -0.017194 -0.019437 -0.031137 -0.021384],[0.38411068 0.44204817 0.48907249 0.50560511 0.42895236],[0.36432626 0.43000002 0.43092199 0.44567377 0.49631208],[0.46438277 0.46647221 0.4623511  0.46002332 0.46980834],0.4499577641487122,0.4334468245506288,0.4646075487136841,0.0486472397003274,0.0471631391285007,0.0037643849716529,['-88.1' '-132.1' '-77.7' '-119.4' '-84.0'],['143.7' '110.8' '151.3' '105.6' '116.5'],['E' 'E' 'E' 'E' 'E'],['E' 'E' 'E' 'E' 'E'],-2.38,-6.0,1.186170308176697,30.083217912982647,-2.8,-2.0,[-0.3 -2.7 -2.8 -2.8 -3.3],[ -2 -37  23 -37  23],-0.3399999999999999,-4.0,0.1341640786499874,21.38924963620744,-0.4,[-0.2 -0.4 -0.4 -0.2 -0.5],[-37  -2  -2  23  -2],-1.98,-3.6,0.9311283477587824,30.162891108114952,-2.4,2.0,[-0.4 -1.9 -2.7 -2.4 -2.5],[  2 -35  25 -35  25],-0.36,-0.8,0.1816590212458494,21.55690144710041,-0.3,2.0,[-0.2 -0.2 -0.5 -0.6 -0.3],[-35  25   2   2   2],E,1,[0.10466964 0.16447264 0.12381136 0.14792447 0.16988391],True,Beta
660698,21,24,labels,4,1-p,8pnd,A,['I' 'R' 'V' 'G'],0.98670006,-0.0894,-0.0204265001229941,0.12975766,0.008040317,0.0081587158274509,[1.1755 0.968  0.9066 0.8967],[-0.1014 -0.0843 -0.0857 -0.0862],[-0.030421 -0.022267 -0.018141 -0.010877],[0.41790892 0.49680944 0.45139766 0.36754549],[0.51900714 0.44581563 0.45659578 0.4260284 ],[0.46659334 0.46065055 0.47150831 0.47960665],0.433415378133456,0.4618617370724679,0.4695897127191226,0.0545327488630415,0.0401448728559054,0.008018871073099,['-93.0' '-96.3' '-111.8' '-88.2'],['117.9' '125.6' '117.1' '143.6'],['E' 'E' 'E' 'E'],['E' 'E' 'E' 'E'],-2.4000000000000004,28.5,1.1460075625114057,24.5017006212494,-2.85,-2.0,[-2.8 -0.7 -2.9 -3.2],[29 -2 29 58],-0.425,5.75,0.1707825127659933,15.5,-0.45,[-0.4 -0.2 -0.5 -0.6],[-2 29 -2 -2],-2.575,45.25,0.7804912982645398,16.45954636879968,-2.8,45.0,[-2.5 -3.1 -3.2 -1.5],[31 59 31 60],-0.7,16.5,0.6733003292241385,29.0,-0.4,2.0,[-0.5 -1.7 -0.3 -0.3],[ 2 60  2  2],E,1,[0.10721612 0.1701882  0.12812739 0.15430979 0.17743067],True,Beta
660921,160,163,labels,4,1-p,3cux,A,['L' 'I' 'V' 'R'],0.8641,-0.099225,-0.0155452499166131,0.17149903,0.007990152,0.0057442180546231,[0.7806 0.8999 0.6894 1.0865],[-0.1049 -0.0884 -0.098  -0.1056],[-0.020693 -0.007391 -0.017908 -0.016189],[0.38176518 0.38601643 0.43584235 0.37062399],[0.39234044 0.43170216 0.4312057  0.40333337],[0.44094667 0.47444888 0.4769511  0.46397777],0.3935619853436947,0.4146454160412153,0.464081106086572,0.0289245024996354,0.0199219290585489,0.0164148349319444,['-80.2' '-132.9' '-106.3' '-103.4'],['131.4' '134.6' '133.9' '111.7'],['E' 'E' 'E' 'E'],['E' 'E' 'E' 'E'],-2.05,-14.25,1.1958260743101397,45.52197271648056,-2.45,-2.0,[-0.3 -2.5 -2.4 -3. ],[ -2 -50  45 -50],-0.325,-14.0,0.0957427107756338,24.0,-0.35,[-0.2 -0.3 -0.4 -0.4],[-50  -2  -2  -2],-2.375,-11.75,1.3768926368215255,45.71196050634159,-2.75,-23.0,[-0.4 -2.8 -2.7 -3.6],[  2 -48  47 -48],-0.375,-11.5,0.1707825127659933,45.44960579220315,-0.35,-22.5,[-0.3 -0.4 -0.2 -0.6],[ 47   2 -48 -47],E,1,[0.11234925 0.17825155 0.14282732 0.17357292 0.19637449],True,Beta
661286,3,6,labels,4,1-p,6hkg,D,['V' 'M' 'T' 'Q'],0.92595005,-0.074875,-0.0187087499070912,0.12906398,0.007965079,0.0063287974991317,[0.9799 1.0607 0.9061 0.7571],[-0.0848 -0.0773 -0.0665 -0.0709],[-0.02736  -0.016957 -0.012222 -0.018296],[0.46307637 0.47996734 0.443677   0.31731236],[0.4753901  0.47617023 0.48602839 0.57971634],[0.46017946 0.46858946 0.47362501 0.46977223],0.4260082679490249,0.5043262665470442,0.4680415416757266,0.0739653270419029,0.0504927066554548,0.0056651868138216,['-89.8' '-105.3' '-117.6' '-101.3'],['126.9' '124.6' '118.1' '138.9'],['' 'E' 'E' 'E'],['P' 'E' 'E' 'E'],-1.175,3.25,1.2841988423397162,10.5,-0.55,56.0,[-0.6 -0.5 -3.1 -0.5],[-2 -2 19 -2],-0.3,51.25,0.1825741858350553,51.11017511220246,-0.3,[-0.1 -0.4 -0.5 -0.2],[95 95 -2 17],-1.35,15.25,1.2179217270963405,9.17877987534291,-1.2,18.0,[-1.9 -0.5 -2.8 -0.2],[23  2 19 17],-0.35,49.0,0.1732050807568877,54.27706698044764,-0.4,48.5,[-0.5 -0.4 -0.4 -0.1],[ 2 97  2 95],E,1,[0.12914614 0.21731007 0.15897137 0.1910792  0.21702065],True,Beta
662570,19,22,labels,4,1-p,5z7w,B,['T' 'V' 'V' 'L'],0.96739995,-0.080275,-0.0168977498542517,0.037672542,0.008383463,0.0037479516299991,[0.9274 0.9461 0.9853 1.0108],[-0.0865 -0.0832 -0.0835 -0.0679],[-0.019411 -0.018142 -0.018708 -0.01133 ],[0.38751494 0.46564991 0.47923436 0.45866223],[0.54659577 0.45872344 0.47191492 0.47751775],[0.48474778 0.4687439  0.47323334 0.47795555],0.4477653602759044,0.4886879697442055,0.4761701424916585,0.0410650301251917,0.0394009132003227,0.0068443983665455,['-104.8' '-113.3' '-105.5' '-111.7'],['134.6' '124.0' '126.5' '120.8'],['E' 'E' 'E' 'E'],['E' 'E' 'E' 'E'],-2.4,29.25,1.3952299690970902,29.3981291921782,-2.8,-2.0,[-0.4 -3.  -3.6 -2.6],[-2 25 69 25],-0.4,15.5,0.1414213562373095,35.0,-0.45,[-0.2 -0.4 -0.5 -0.5],[68 -2 -2 -2],-2.5,49.0,1.0893423092245462,25.40341184434353,-2.7,49.0,[-2.8 -2.6 -3.6 -1. ],[71 27 71 27],-0.5,2.0,0.0,0.0,-0.5,2.0,[-0.5 -0.5 -0.5 -0.5],[2 2 2 2],E,1,[0.12021954 0.19715571 0.14519641 0.17349687 0.19753808],True,Beta
663449,131,134,labels,4,1-p,6oe6,A,['L' 'L' 'K' 'V'],0.903725,-0.0772,-0.0131599998567253,0.12003269,0.0049926606,0.0018055831687472,[0.8962 1.0436 0.7514 0.9237],[-0.0836 -0.0714 -0.0769 -0.0769],[-0.014649 -0.011642 -0.011553 -0.014796],[0.40862457 0.43835072 0.44283    0.40952043],[0.46567377 0.47382981 0.47858158 0.49312059],[0.48151278 0.47897555 0.4788939  0.48223278],0.4248314276337624,0.4778014371792475,0.4804037511348724,0.0182921535415454,0.0115201149585385,0.0017218872166666,['-129.5' '-106.5' '-114.4' '-117.3'],['119.9' '124.4' '146.9' '127.4'],['E' 'E' 'E' 'E'],['E' 'E' 'E' 'E'],-2.525,-14.0,0.3304037933599834,27.80887148615228,-2.55,-2.0,[-2.1 -2.9 -2.5 -2.6],[-36  12 -40   8],-0.4,-2.0,0.0816496580927726,0.0,-0.4,[-0.3 -0.4 -0.5 -0.4],[-2 -2 -2 -2],-2.175,-14.25,0.4349329450233295,27.548442182211804,-2.05,-14.5,[-2.1 -2.  -1.8 -2.8],[-36  12 -40   7],-0.625,3.5,0.3201562118716424,3.0,-0.5,2.0,[-0.5 -0.4 -0.5 -1.1],[2 2 2 8],E,1,[0.15070668 0.24295667 0.18241207 0.20735127 0.2165733 ],True,Beta
663470,273,276,labels,4,1-p,7biz,A,['C' 'T' 'V' 'S'],0.947875,-0.062325,-0.0092282498371787,0.18387598,0.0075363014,0.0041475815361145,[0.8841 1.1086 1.0822 0.7166],[-0.0638 -0.062  -0.0526 -0.0709],[-0.010116 -0.013931 -0.00899  -0.003876],[0.45613755 0.50084895 0.47356605 0.38948585],[0.50425535 0.51177309 0.50673763 0.47638302],[0.48260112 0.48164611 0.48511278 0.47768167],0.4550095970431964,0.4997872735063235,0.4817604174216588,0.047399796718019,0.0159132025136107,0.0030873051313427,['-128.8' '-108.2' '-109.6' '-118.0'],['126.2' '121.6' '120.7' '159.7'],['E' 'E' 'E' 'E'],['E' 'E' 'E' 'E'],-2.7,-5.5,0.2160246899469286,31.83813227352802,-2.75,-2.0,[-2.8 -2.7 -2.9 -2.4],[ 24 -31  20 -35],-0.45,-2.0,0.0577350269189625,0.0,-0.45,[-0.4 -0.4 -0.5 -0.5],[-2 -2 -2 -2],-2.225,-5.5,0.4573474244670748,31.83813227352802,-2.25,-5.5,[-2.5 -1.7 -2.7 -2. ],[ 24 -31  20 -35],-0.4,2.0,0.1154700538379251,0.0,-0.4,2.0,[-0.5 -0.5 -0.3 -0.3],[2 2 2 2],E,1,[0.12319887 0.20424676 0.15005416 0.18045916 0.20563325],True,Beta
665699,58,61,labels,4,1-p,2ivf,C,['L' 'D' 'V' 'A'],0.89412504,-0.03555,-0.0087582498090341,0.124654055,0.009702404,0.0051956306070763,[0.8884 1.0253 0.7277 0.9351],[-0.0277 -0.047  -0.0273 -0.0402],[-0.011747 -0.013582 -0.00183  -0.007874],[0.36827847 0.43023916 0.4378458  0.3982815 ],[0.64290784 0.56595747 0.55709221 0.57553194],[0.49378943 0.48491166 0.48706332 0.49253832],0.4086612326403459,0.585372363527616,0.4895756840705872,0.0319157856674,0.0390890866568959,0.0042660684325319,['-135.7' '-95.4' '-132.9' '-115.6'],['123.3' '132.1' '128.4' '148.5'],['E' 'E' 'E' 'E'],['E' 'E' 'E' 'E'],-2.55,-9.0,0.4203173404306163,25.508168626278653,-2.55,-2.0,[-2.1 -3.  -2.3 -2.8],[-29  15 -33  11],-0.425,-2.0,0.0499999999999999,0.0,-0.4,[-0.4 -0.4 -0.5 -0.4],[-2 -2 -2 -2],-2.8,-9.0,0.4546060565661952,25.508168626278653,-2.9000000000000004,-9.0,[-3.1 -2.2 -2.7 -3.2],[-29  15 -33  11],-0.4,2.0,0.0816496580927726,0.0,-0.4,2.0,[-0.5 -0.4 -0.3 -0.4],[2 2 2 2],E,1,[0.09256688 0.13555793 0.11575232 0.13890646 0.15591665],True,Beta
666431,92,95,labels,4,1-p,6jr8,C,['T' 'V' 'K' 'E'],0.9720501,-0.091424994,-0.0192014996428042,0.06491292,0.008129526,0.0067956869162771,[1.0039 0.8971 1.044  0.9432],[-0.0986 -0.0799 -0.0951 -0.0921],[-0.026237 -0.012138 -0.02364  -0.014791],[0.45933007 0.47969043 0.46980342 0.4250106 ],[0.41964541 0.44425534 0.44886527 0.41992911],[0.4454611  0.4655472  0.4719061  0.46309277],0.4584586322307587,0.4331737831234932,0.4615017945567767,0.0237979254720862,0.0155720070465459,0.0113203324515072,['-104.6' '-110.3' '-102.0' '-92.3'],['120.7' '123.5' '122.6' '131.4'],['' '' 'E' 'E'],['' '' 'E' 'E'],-1.05,0.25,1.1030261405182866,4.5,-0.55,7.0,[-0.4 -0.6 -2.7 -0.5],[-2 -2  7 -2],-0.275,5.75,0.1707825127659933,5.737304826019502,-0.25,[-0.3 -0.1 -0.5 -0.2],[11  9 -2  5],-0.9,4.0,1.0099504938362078,2.449489742783178,-0.5,3.5,[-0.5 -0.5 -2.4 -0.2],[2 2 7 5],-0.3,5.0,0.2449489742783178,6.055300708194984,-0.35,5.5,[-0.5 -0.2 -0.5 -0. ],[11  9  2 -2],,1,[0.10683061 0.16797608 0.12868957 0.15431882 0.17622479],True,Beta
668024,670,673,labels,4,1-p,2yfo,A,['Y' 'V' 'R' 'L'],0.85302496,-0.10654999,-0.0239002499729394,0.1572477,0.009225146,0.0061078830261034,[0.7365 1.0444 0.9185 0.7127],[-0.1086 -0.118  -0.1036 -0.096 ],[-0.018569 -0.029262 -0.029117 -0.018653],[0.43540253 0.43968636 0.43580974 0.31828967],[0.39205677 0.40411351 0.41304967 0.52553195],[0.46272723 0.45725112 0.45720444 0.4749289 ],0.4072970747947693,0.4336879750092824,0.4630279218157133,0.0593696700006606,0.0618305773751291,0.0083468145808311,['-102.9' '-102.1' '-95.7' '-86.9'],['140.6' '121.3' '127.6' '167.6'],['E' 'E' 'P' 'P'],['E' 'E' 'P' 'P'],-1.525,12.25,1.129527924990495,16.700798384109266,-1.5,-2.0,[-0.5 -2.4 -0.6 -2.6],[-2 30 -2 23],-0.375,-3.0,0.0957427107756338,29.416548630546945,-0.35,[-0.3 -0.4 -0.3 -0.5],[ 32  -2 -40  -2],-0.775,14.75,0.8341662504161466,14.863265679744362,-0.4499999999999999,13.5,[-0.6 -2.  -0.2 -0.3],[ 2 30 25  2],-0.1999999999999999,15.25,0.2,15.348724159790397,-0.1,14.5,[-0.1 -0.5 -0.1 -0.1],[30  2  2 27],,1,[0.10793099 0.16555325 0.13777452 0.16518145 0.1834579 ],True,Beta
668201,20,23,labels,4,1-p,6hkg,A,['L' 'S' 'C' 'A'],0.89645,-0.0774,-0.0149632497923448,0.15283822,0.0046339314,0.0079670576121465,[0.9022 0.6877 0.9438 1.0521],[-0.074  -0.0736 -0.0835 -0.0785],[-0.009859 -0.007253 -0.017993 -0.024748],[0.40269563 0.41269664 0.4371128  0.45059952],[0.47092201 0.47439719 0.4712057  0.49829789],[0.48151501 0.48049722 0.47222556 0.47041944],0.4257761463522911,0.478705699245135,0.4761643062035243,0.0219734956941543,0.0131561507509532,0.0056545397092345,['-105.6' '-134.2' '-144.3' '-83.2'],['148.9' '155.6' '103.2' '124.0'],['E' 'E' 'E' 'E'],['E' 'E' 'E' 'E'],-2.4,21.5,0.3366501646120692,43.3628104870214,-2.4,-2.0,[-2.8 -2.3 -2.  -2.5],[ 61 -14  57 -18],-0.35,-2.0,0.1,0.0,-0.3,[-0.5 -0.3 -0.3 -0.3],[-2 -2 -2 -2],-2.25,21.5,0.1914854215512675,43.3628104870214,-2.3,21.5,[-2.4 -2.2 -2.  -2.4],[ 61 -14  57 -18],-0.35,2.0,0.1,0.0,-0.3,2.0,[-0.3 -0.3 -0.5 -0.3],[2 2 2 2],E,1,[0.1399956  0.24067796 0.1748301  0.2092513  0.23524504],True,Beta
668603,322,325,labels,4,1-p,1o0s,B,['K' 'Y' 'L' 'F'],0.91312504,-0.07045,-0.0152497498784214,0.14887938,0.0044695283,0.0054692490791351,[0.9664 0.6909 0.9983 0.9969],[-0.0709 -0.0641 -0.0744 -0.0724],[-0.017771 -0.008323 -0.013868 -0.021037],[0.33702122 0.4325521  0.43752003 0.45076241],[0.59638302 0.48978726 0.48872343 0.54652485],[0.49015222 0.47779887 0.47598442 0.47254667],0.4144639385243257,0.530354638894399,0.4791205450892449,0.0521974425864583,0.0516400757632984,0.0076701978501987,['-125.2' '-121.0' '-116.9' '-100.2'],['128.6' '135.6' '118.4' '122.7'],['' 'E' 'E' 'E'],['' 'E' 'E' 'E'],-2.225,35.25,1.379311422413372,32.356091646962966,-2.8,-2.0,[-0.2 -3.1 -2.5 -3.1],[-2 33 77 33],-0.35,17.5,0.1732050807568877,39.0,-0.4,[-0.1 -0.4 -0.4 -0.5],[76 -2 -2 -2],-2.15,48.75,0.9678154093971983,37.43772607054725,-2.3,57.0,[-1.7 -3.  -2.9 -1. ],[79 35 79  2],-0.925,29.25,0.5439056290693574,36.03123644839294,-0.75,18.5,[-1.7 -0.5 -0.6 -0.9],[78  2  2 35],E,1,[0.13103229 0.22119748 0.16231841 0.19549986 0.22143158],True,Beta
668784,52,55,labels,4,1-p,7e4v,A,['E' 'F' 'I' 'M'],0.94807494,-0.062875,-0.0105547499842941,0.14394356,0.006656513,0.0036292186249723,[1.0403 0.9495 1.0582 0.7443],[-0.0709 -0.0629 -0.0631 -0.0546],[-0.012893 -0.012249 -0.011933 -0.005144],[0.452603   0.49646738 0.44825402 0.42610192],[0.48822697 0.4986525  0.51021278 0.50843974],[0.47868335 0.47940279 0.48370779 0.48540277],0.4558565815289815,0.501382996638616,0.481799175341924,0.029455964481126,0.0101373786380677,0.0032700520174233,['-130.2' '-101.2' '-117.0' '-114.9'],['107.3' '138.6' '118.4' '151.3'],['E' 'E' 'E' 'E'],['E' 'E' 'E' 'E'],-2.675,2.0,0.4193248541803041,12.909944487358056,-2.75,-2.0,[-2.1 -3.1 -2.8 -2.7],[ -7  15 -11  11],-0.4,-2.0,0.1414213562373095,0.0,-0.45,[-0.2 -0.5 -0.4 -0.5],[-2 -2 -2 -2],-2.55,1.75,0.7,13.250786140200638,-2.6,2.0,[-3.3 -1.7 -2.9 -2.3],[ -7  15 -12  11],-0.6749999999999999,-1.25,0.4856267428111155,6.5,-0.45,2.0,[-0.4 -0.5 -1.4 -0.4],[  2   2 -11   2],E,1,[0.12590383 0.20925415 0.15343505 0.1833314  0.20781138],True,Beta
669303,40,44,labels,5,1-p,4ibn,A,['V' 'L' 'V' 'E' 'Y'],0.8798,-0.061940003,-0.0090618000365793,0.121699035,0.008124838,0.0045052757386334,[0.729  1.0189 0.9621 0.9073 0.7817],[-0.0496 -0.0678 -0.0683 -0.0577 -0.0663],[-0.005049 -0.01343  -0.014307 -0.007447 -0.005076],[0.41443951 0.44141294 0.47045498 0.43181913 0.40202783],[0.52092201 0.50659576 0.50085106 0.50191489 0.46517732],[0.487135   0.48178557 0.48045333 0.48509445 0.4749139 ],0.4320308764775594,0.4990922073523204,0.4818764487902324,0.0263349527213249,0.0205798703228044,0.0047042157906317,['-132.9' '-106.7' '-110.6' '-104.8' '-141.5'],['129.1' '129.6' '125.0' '139.5' '126.0'],['E' 'E' 'E' 'E' 'E'],['E' 'E' 'E' 'E' 'E'],-2.54,-0.8,0.6730527468185535,20.51097267318154,-2.6,-2.0,[-1.5 -2.6 -3.3 -2.9 -2.4],[ 18 -21  14 -25  10],-0.44,-2.0,0.0547722557505166,0.0,-0.4,[-0.4 -0.4 -0.5 -0.5 -0.4],[-2 -2 -2 -2 -2],-2.2,-0.8,0.273861278752583,20.51097267318154,-2.2,10.0,[-2.1 -2.4 -2.2 -1.8 -2.5],[ 18 -21  14 -25  10],-0.44,2.0,0.0894427190999915,0.0,-0.5,2.0,[-0.5 -0.5 -0.4 -0.3 -0.5],[2 2 2 2 2],E,1,[0.13703614 0.23359915 0.17264178 0.20860038 0.23417141],True,Beta
670880,291,294,labels,4,1-p,7kn8,A,['Y' 'L' 'S' 'Y'],0.820275,-0.073525,-0.0103934997459873,0.14776239,0.0076023573,0.0049879619286156,[0.9415 0.7452 0.9457 0.6487],[-0.0762 -0.0728 -0.0816 -0.0635],[-0.013032 -0.010233 -0.014837 -0.003472],[0.41704563 0.4287732  0.38108105 0.35949906],[0.49099292 0.47475177 0.48375888 0.47312059],[0.47880112 0.47883223 0.48414335 0.47535168],0.3965997373064359,0.4806560402115187,0.4792820960283279,0.0319919605678019,0.0083291088382883,0.0036292160831197,['-122.2' '-129.3' '-92.8' '-134.0'],['124.9' '125.7' '143.8' '146.6'],['E' 'E' 'E' 'E'],['E' 'E' 'E' 'E'],-2.25,2.5,0.6608075867199671,14.617341299520463,-2.5,-2.0,[-2.7 -2.7 -1.3 -2.3],[ -8  17 -12  13],-0.375,-2.0,0.0957427107756338,0.0,-0.35,[-0.3 -0.5 -0.4 -0.3],[-2 -2 -2 -2],-2.5250000000000004,9.25,0.618465843842649,24.904818810824544,-2.5,4.5,[-3.3 -2.6 -2.4 -1.8],[ -8  17 -13  41],-0.7,1.25,0.4242640687119285,10.242883708539637,-0.65,2.0,[-0.4 -0.3 -0.9 -1.2],[  2   2 -12  13],E,1,[0.1175028  0.1850262  0.15269251 0.18392138 0.20244613],True,Beta
671233,123,126,labels,4,1-p,3st1,A,['A' 'V' 'V' 'F'],0.94922495,-0.088125005,-0.0165197502356022,0.15409824,0.0084815,0.0019431423645589,[0.7629 0.9475 1.1403 0.9462],[-0.0869 -0.0844 -0.0809 -0.1003],[-0.014265 -0.018067 -0.018215 -0.015532],[0.37207363 0.46433056 0.49418703 0.42649285],[0.470922   0.45943265 0.44992911 0.40921989],[0.48022333 0.47191832 0.47121444 0.46748389],0.43927101790905,0.4473759134610494,0.4727099960048994,0.0526704198349539,0.0268463786653657,0.0053735705375863,['-145.1' '-110.9' '-102.3' '-101.1'],['134.8' '124.5' '116.6' '126.9'],['E' 'E' 'E' 'E'],['E' 'E' 'E' 'E'],-2.825,-6.0,0.6184658438426491,20.912516188477497,-2.9,-2.0,[-2.  -2.9 -2.9 -3.5],[-22  14 -26  10],-0.425,-2.0,0.15,0.0,-0.4,[-0.3 -0.3 -0.5 -0.6],[-2 -2 -2 -2],-2.5,-6.25,0.6377042156569663,20.66196183005541,-2.6500000000000004,-6.5,[-3.1 -2.6 -2.7 -1.6],[-22  14 -26   9],-0.7250000000000001,4.0,0.3862210075418822,4.0,-0.55,2.0,[-0.5 -0.6 -0.5 -1.3],[ 2  2  2 10],E,1,[0.12450323 0.20603234 0.15164476 0.18101995 0.20524992],True,Beta
671470,309,312,labels,4,1-p,8x38,A,['L' 'M' 'D' 'R'],0.8528,-0.104,-0.0186887502204626,0.11752879,0.007602195,0.0069515502361364,[0.9659 0.7796 0.9389 0.7268],[-0.1098 -0.0955 -0.0997 -0.111 ],[-0.028587 -0.013983 -0.018477 -0.013708],[0.43326878 0.43724312 0.39829781 0.34883023],[0.39425534 0.42198583 0.42113478 0.37028371],[0.44698386 0.46608499 0.47435111 0.45482001],0.4044099847475688,0.4019149169325829,0.4605599914987882,0.0409768729640083,0.02470794109312,0.0120827581319368,['-76.5' '-129.9' '-89.7' '-124.4'],['130.0' '131.4' '128.7' '135.8'],['E' 'E' 'E' 'E'],['E' 'E' 'E' 'E'],-1.625,-51.5,1.5107944929738129,57.21013896155121,-1.3,-2.0,[-2.2 -0.4 -3.5 -0.4],[ -98   -2 -104   -2],-0.3,-21.0,0.1154700538379251,55.17245689653489,-0.3,[-0.4 -0.2 -0.4 -0.2],[  -2 -102   -2   22],-1.225,-77.0,1.1786291472158097,52.72570530585627,-1.1,-102.0,[-1.8 -0.4 -2.6 -0.1],[-100    2 -104 -106],-0.25,-42.75,0.2380476142847616,64.99935897119806,-0.25,-48.0,[-0.5 -0.  -0.4 -0.1],[-99 -98   2  24],E,1,[0.10888424 0.16849665 0.13912185 0.16750354 0.18705802],True,Beta
673348,69,72,labels,4,1-p,3cz7,A,['V' 'Y' 'V' 'T'],1.0213001,-0.066525,-0.0126237499061971,0.10518993,0.0058225854,0.0018942565853433,[0.9678 0.933  1.1712 1.0132],[-0.0748 -0.0613 -0.0658 -0.0642],[-0.012442 -0.010011 -0.014005 -0.014037],[0.45222837 0.50037659 0.50777148 0.48552166],[0.48290783 0.49510641 0.50262413 0.52595745],[0.4791839  0.47974556 0.47885943 0.4851222 ],0.4864745264252027,0.5016489550471306,0.4807277744015058,0.0246342248944995,0.0181281391517732,0.0029523999277409,['-117.8' '-110.0' '-108.8' '-108.4'],['126.3' '126.7' '120.4' '128.5'],['E' 'E' 'E' 'E'],['E' 'E' 'E' 'E'],-2.75,-6.0,0.3872983346207416,18.618986725025252,-2.6500000000000004,-2.0,[-3.3 -2.7 -2.4 -2.6],[-20  12 -24   8],-0.475,-2.0,0.0499999999999999,0.0,-0.5,[-0.4 -0.5 -0.5 -0.5],[-2 -2 -2 -2],-2.4,-6.0,0.4242640687119285,18.618986725025252,-2.45,-6.0,[-2.2 -2.7 -2.8 -1.9],[-20  12 -24   8],-0.5,2.0,0.0,0.0,-0.5,2.0,[-0.5 -0.5 -0.5 -0.5],[2 2 2 2],E,1,[0.12279653 0.20460008 0.14488738 0.17246532 0.19750223],True,Beta
674957,1741,1744,labels,4,1-p,4hpl,A,['V' 'E' 'W' 'L'],0.851525,-0.104399994,-0.0157310001086443,0.15551223,0.0011633288,0.0039615325812482,[0.9046 0.6935 0.7639 1.0441],[-0.1045 -0.1034 -0.106  -0.1037],[-0.01906  -0.011083 -0.018991 -0.01379 ],[0.39420942 0.38472963 0.40745181 0.38331255],[0.40390075 0.41567379 0.41624117 0.41099294],[0.46631332 0.47270333 0.47563111 0.46426889],0.3924258550008138,0.4117021635174752,0.4697291627526283,0.0111242151786591,0.00570793068929,0.0053279491006845,['-108.0' '-115.4' '-118.0' '-100.1'],['125.5' '148.1' '125.3' '125.4'],['E' 'E' 'E' 'E'],['E' 'E' 'E' 'E'],-1.75,-53.5,1.6299284237863534,59.48949487094339,-1.65,-51.5,[-0.4 -3.4 -0.3 -2.9],[  -2 -103   -2 -107],-0.35,-52.5,0.1732050807568877,58.33523806414096,-0.35,[-0.2 -0.5 -0.2 -0.5],[-101   -2 -105   -2],-1.4249999999999998,-51.5,1.2685293322058684,61.7980582219215,-1.2,-50.5,[-0.3 -3.  -0.5 -1.9],[   2 -103    2 -107],-0.2499999999999999,-50.0,0.1732050807568877,61.22635598062869,-0.2,-49.5,[-0.2 -0.5 -0.2 -0.1],[-101    2 -105    4],E,1,[0.11101565 0.17280309 0.14194684 0.17141004 0.19091873],True,Beta
675726,176,179,labels,4,1-p,4m5y,L,['S' 'Y' 'L' 'S'],0.87745,-0.079575,-0.0124669997021555,0.14498927,0.008634959,0.0045339127122489,[0.7718 0.7416 0.9519 1.0445],[-0.0872 -0.0827 -0.0812 -0.0672],[-0.010063 -0.011286 -0.019162 -0.009357],[0.34479073 0.40155546 0.44597364 0.40233729],[0.45042556 0.46021279 0.47439718 0.45226952],[0.48273057 0.4774939  0.47788611 0.48141943],0.3986642807722092,0.4593262622753779,0.479882503549258,0.0414824687674251,0.0109077754572623,0.002592593672334,['-136.5' '-121.5' '-115.9' '-92.4'],['137.5' '136.4' '118.5' '127.3'],['E' 'E' 'E' 'E'],['E' 'E' 'E' 'E'],-2.425,-31.5,0.206155281280883,14.617341299520463,-2.4,-2.0,[-2.4 -2.7 -2.2 -2.4],[-42 -17 -46 -21],-0.4,-2.0,0.0816496580927726,0.0,-0.4,[-0.3 -0.4 -0.4 -0.5],[-2 -2 -2 -2],-2.2,-25.75,1.2987173159185437,22.51480994071828,-2.65,-29.5,[-3.2 -2.5 -2.8 -0.3],[-42 -17 -46   2],-0.3999999999999999,-10.5,0.1414213562373095,25.0,-0.45,2.0,[-0.4 -0.5 -0.5 -0.2],[  2   2   2 -48],E,1,[0.1385462  0.23778693 0.17479105 0.2111603  0.23771551],True,Beta
676684,42,45,labels,4,1-p,2g5g,X,['I' 'L' 'L' 'G'],1.036475,-0.0655,-0.0140909999608993,0.07214208,0.008246211,0.0024307516873026,[1.1333 1.0049 1.0433 0.9644],[-0.0569 -0.0617 -0.0673 -0.0761],[-0.0143   -0.015466 -0.015995 -0.010603],[0.42688374 0.51821225 0.49070133 0.39738567],[0.57808512 0.50645394 0.49283692 0.46468089],[0.48895666 0.47457723 0.4766311  0.48031666],0.4582957463959853,0.5105142196019491,0.4801204130053521,0.0557878743642356,0.0482890393506368,0.00635137628507,['-115.3' '-94.9' '-119.5' '-93.7'],['116.6' '129.9' '109.5' '135.9'],['E' 'E' 'E' 'E'],['E' 'E' 'E' 'E'],-2.75,184.0,0.3696845502136471,16.165807537309522,-2.6,-2.0,[-2.5 -3.3 -2.6 -2.6],[170 198 170 198],-0.5,-2.0,0.0816496580927725,0.0,-0.5,[-0.4 -0.6 -0.5 -0.5],[-2 -2 -2 -2],-2.6,186.0,0.668331255192114,16.165807537309522,-2.45,186.0,[-2.7 -3.5 -2.  -2.2],[172 200 172 200],-0.425,2.0,0.0957427107756338,0.0,-0.45,2.0,[-0.5 -0.5 -0.4 -0.3],[2 2 2 2],E,1,[0.10100953 0.15695347 0.11829987 0.14123499 0.16233703],True,Beta
679329,4,7,labels,4,1-p,8i55,A,['L' 'V' 'L' 'V'],1.0285,-0.074975,-0.0143130000215023,0.101617545,0.008408872,0.0050617716100969,[1.0598 1.0615 1.1122 0.8805],[-0.087  -0.0674 -0.0724 -0.0731],[-0.017734 -0.014485 -0.017933 -0.0071  ],[0.44100573 0.5266822  0.49747726 0.4020604 ],[0.46170216 0.47744683 0.48730499 0.45418441],[0.47339222 0.47213777 0.47804555 0.47670999],0.4668063980837663,0.4701595976948738,0.4750713830192884,0.055927130359425,0.0149866935763986,0.0027662495730697,['-105.8' '-112.6' '-92.5' '-118.0'],['121.5' '114.9' '125.6' '135.2'],['E' 'E' 'E' 'E'],['E' 'E' 'E' 'E'],-2.725,45.0,0.4349329450233296,16.165807537309522,-2.65,-2.0,[-2.5 -3.3 -2.8 -2.3],[31 59 31 59],-0.475,-2.0,0.1258305739211791,0.0,-0.5,[-0.3 -0.5 -0.6 -0.5],[-2 -2 -2 -2],-2.55,47.0,0.3,16.165807537309522,-2.4,47.0,[-2.4 -2.4 -2.4 -3. ],[33 61 33 61],-0.425,2.0,0.1707825127659933,0.0,-0.45,2.0,[-0.6 -0.5 -0.4 -0.2],[2 2 2 2],E,1,[0.11544463 0.18897711 0.13560989 0.16189667 0.18641306],True,Beta
680583,35,38,labels,4,1-p,8z39,L,['W' 'Y' 'Q' 'Q'],0.901725,-0.084375,-0.0133037497289478,0.16149133,0.005087483,0.0018731332111016,[0.9336 0.6785 0.93   1.0648],[-0.0789 -0.0884 -0.089  -0.0812],[-0.013127 -0.011383 -0.01587  -0.012835],[0.39492612 0.41406487 0.43543512 0.4257273 ],[0.48574469 0.45652484 0.45489364 0.42035463],[0.4799439  0.47756667 0.47772889 0.46281056],0.4175383523106576,0.4543794517715772,0.4745125050346057,0.0174234616943089,0.0267477957838238,0.0078763093756311,['-112.1' '-117.0' '-114.2' '-116.9'],['127.8' '153.2' '123.8' '102.3'],['E' 'E' 'E' 'E'],['E' 'E' 'E' 'E'],-2.825,29.75,0.3201562118716424,22.381167678802345,-2.85,-2.0,[-2.5 -3.1 -2.6 -3.1],[13 51  8 47],-0.375,-2.0,0.0957427107756338,0.0,-0.35,[-0.3 -0.4 -0.3 -0.5],[-2 -2 -2 -2],-2.25,29.5,0.3415650255319866,22.63478149515328,-2.3,29.5,[-2.6 -2.2 -1.8 -2.4],[12 51  8 47],-0.7000000000000001,5.0,0.6377042156569664,5.354126134736337,-0.55,2.5,[-1.6 -0.5 -0.6 -0.1],[13  2  2  3],E,1,[0.13262976 0.22342906 0.16522528 0.1981025  0.22295317],True,Beta
681597,99,102,labels,4,1-p,5o15,A,['L' 'Q' 'V' 'T'],0.860625,-0.0696,-0.010563499876298,0.18074702,0.009020347,0.0037120067140655,[0.6736 0.7683 1.0883 0.9123],[-0.0822 -0.061  -0.0689 -0.0663],[-0.009074 -0.006044 -0.014133 -0.013003],[0.3796477  0.41212657 0.45100673 0.45869481],[0.44794329 0.48787237 0.49914895 0.47787237],[0.47417    0.48374944 0.48156667 0.47752222],0.4253689522544543,0.478209247191747,0.4792520826061567,0.0366683404121761,0.0219695925365584,0.0042584622088887,['-116.0' '-145.3' '-114.9' '-100.6'],['153.0' '133.0' '121.8' '137.1'],['E' 'E' 'E' 'E'],['E' 'E' 'E' 'E'],-2.425,-24.0,0.2217355782608345,45.09249752822894,-2.4,-2.0,[-2.5 -2.3 -2.7 -2.2],[-61  17 -65  13],-0.375,-2.0,0.0957427107756338,0.0,-0.35,[-0.4 -0.3 -0.3 -0.5],[-2 -2 -2 -2],-2.375,-24.0,0.5560275772537424,45.09249752822894,-2.4,-24.0,[-1.8 -2.8 -2.9 -2. ],[-61  17 -65  13],-0.4,2.0,0.0816496580927726,0.0,-0.4,2.0,[-0.3 -0.5 -0.4 -0.4],[2 2 2 2],E,1,[0.13659004 0.23139672 0.17376686 0.20888303 0.23353598],True,Beta
681770,18,23,labels,6,1-p,7q0g,A,['V' 'K' 'V' 'S' 'C' 'K'],0.8911,-0.08286667,-0.0135406667056183,0.16516186,0.007876463,0.002633050069033,[0.6747 1.0258 0.9089 0.6971 1.0098 1.0303],[-0.0917 -0.0788 -0.0881 -0.0884 -0.0794 -0.0708],[-0.011157 -0.012676 -0.014406 -0.011028 -0.013845 -0.018132],[0.38489252 0.42502689 0.42867546 0.42606934 0.44584333 0.4733217 ],[0.43014187 0.45489364 0.45723406 0.45680853 0.46907802 0.50326242],[0.47559388 0.47875611 0.47882778 0.47817834 0.47610834 0.47555834],0.4306382073296442,0.4619030902783076,0.477170467376709,0.0289895060817439,0.0239488455278444,0.0015804713653439,['-140.9' '-127.3' '-101.7' '-106.0' '-150.3' '-91.1'],['141.2' '112.3' '136.9' '161.8' '102.8' '122.8'],['E' 'E' 'E' 'E' 'E' 'E'],['E' 'E' 'E' 'E' 'E' 'E'],-1.65,26.83333333333333,1.0894952959971878,37.96533506590804,-1.85,-2.0,[-2.  -0.3 -2.8 -0.4 -1.7 -2.7],[ 65  -2  61  -2  57 -18],-0.2833333333333333,19.0,0.1169045194450012,32.55764119219941,-0.25,[-0.3 -0.2 -0.5 -0.2 -0.2 -0.3],[-2 63 -2 59 -2 -2],-1.9166666666666667,25.5,0.863519928355256,39.54111783953509,-2.3,29.5,[-2.4 -0.4 -2.4 -1.4 -2.7 -2.2],[ 65   2  61 -14  57 -18],-0.35,12.166666666666666,0.1378404875209022,24.903145718295647,-0.35,2.0,[-0.5 -0.2 -0.2 -0.3 -0.5 -0.4],[ 2 63  2  2  2  2],E,1,[0.13613155 0.2314205  0.17049548 0.20482426 0.23012411],True,Beta
683789,1865,1868,labels,4,1-p,6ojd,C,['V' 'S' 'L' 'L'],1.025125,-0.081325,-0.0153725002892315,0.1942115,0.0067401165,0.0054843560781615,[0.7546 1.0589 1.07   1.217 ],[-0.0803 -0.0805 -0.0741 -0.0904],[-0.008222 -0.014058 -0.018725 -0.020485],[0.44115232 0.46967314 0.54499024 0.47731236],[0.42226952 0.47170215 0.46453902 0.44666669],[0.46785666 0.47721944 0.47040666 0.47150221],0.4832820147275925,0.4512943451603254,0.4717462435364724,0.043983536507628,0.0220284315455597,0.0039555375716039,['-128.2' '-113.1' '-104.7' '-85.4'],['133.3' '119.7' '111.9' '126.9'],['E' 'E' 'E' 'E'],['E' 'E' 'E' 'E'],-2.75,-20.0,0.2081665999466132,50.80682368868707,-2.75,-2.0,[-2.8 -3.  -2.5 -2.7],[ 24 -64  24 -64],-0.425,-2.0,0.1707825127659933,0.0,-0.45,[-0.2 -0.4 -0.5 -0.6],[-2 -2 -2 -2],-2.7,-18.0,0.2160246899469286,50.80682368868707,-2.6500000000000004,-18.0,[-2.6 -3.  -2.5 -2.7],[ 26 -62  26 -62],-0.5,2.0,0.0816496580927725,0.0,-0.5,2.0,[-0.5 -0.6 -0.5 -0.4],[2 2 2 2],E,1,[0.11830629 0.19447533 0.13934974 0.16568003 0.18995497],True,Beta
684035,28,32,labels,5,1-p,2fcb,A,['T' 'L' 'T' 'C' 'R'],0.9350201,-0.06942,-0.0102085999213159,0.12435546,0.008621021,0.0038001809171676,[0.9595 1.0112 0.7428 1.0654 0.8962],[-0.0618 -0.0726 -0.0791 -0.0746 -0.059 ],[-0.009245 -0.010341 -0.012968 -0.01411  -0.004379],[0.46221308 0.44198301 0.45923232 0.44050078 0.39890046],[0.49921987 0.48687945 0.47780143 0.48744683 0.47106385],[0.485495   0.48191445 0.47921168 0.48252389 0.47801112],0.4405659298102062,0.4844822883605958,0.4814312279224396,0.0252737859501408,0.0106819897584663,0.002939608548476,['-122.4' '-111.2' '-125.6' '-105.7' '-113.7'],['124.8' '136.4' '132.7' '122.0' '133.6'],['E' 'E' 'E' 'E' 'E'],['E' 'E' 'E' 'E' 'E'],-2.78,1.0,0.2489979919597746,24.84954727957836,-2.7,-2.0,[-2.6 -2.8 -2.6 -2.7 -3.2],[-13  30 -17  26 -21],-0.4600000000000001,-2.0,0.0894427190999915,0.0,-0.4,[-0.4 -0.5 -0.4 -0.4 -0.6],[-2 -2 -2 -2 -2],-2.3400000000000003,-3.8,1.1148990985734988,20.80144225768973,-2.7,-13.0,[-2.7 -3.2 -2.5 -0.4 -2.9],[-13  30 -17   2 -21],-0.3399999999999999,6.0,0.1949358868961792,22.594247055390007,-0.4,2.0,[-0.4 -0.4 -0.6 -0.2 -0.1],[  2   2   2 -19  43],E,1,[0.1351454  0.23210789 0.16561961 0.19904266 0.22652345],True,Beta
684645,245,248,labels,4,1-p,5ims,A,['V' 'L' 'V' 'D'],0.885275,-0.097975,-0.0168992497492581,0.15658511,0.0043964926,0.0059102811819661,[0.7515 0.749  1.0026 1.038 ],[-0.0997 -0.0935 -0.0954 -0.1033],[-0.011129 -0.012837 -0.019991 -0.02364 ],[0.33876406 0.40771243 0.45437841 0.46882613],[0.40907804 0.43361704 0.43106384 0.42283689],[0.47920389 0.47557945 0.46862888 0.46365611],0.4174202556411426,0.4241489519675573,0.4717670828104019,0.058564799040003,0.0110501001059162,0.006963630763224,['-130.8' '-131.1' '-121.7' '-88.7'],['157.8' '132.5' '115.1' '127.9'],['E' 'E' 'E' 'E'],['E' 'E' 'E' 'E'],-2.325,-45.5,0.7632168761236874,17.897858344878397,-2.45,-2.0,[-2.  -1.4 -3.  -2.9],[-61 -30 -61 -30],-0.35,-9.25,0.1290994448735805,14.5,-0.35,[-0.2 -0.3 -0.4 -0.5],[-31  -2  -2  -2],-2.2,-43.5,0.6582805886043833,17.897858344878397,-2.2,-43.5,[-2.6 -1.5 -1.8 -2.9],[-59 -28 -59 -28],-0.375,-13.25,0.1258305739211791,30.5,-0.4,2.0,[-0.4 -0.5 -0.4 -0.2],[  2   2   2 -59],E,1,[0.1077791  0.16713922 0.13539835 0.16308961 0.18324179],True,Beta
686755,251,255,labels,5,1-p,9dd2,A,['V' 'T' 'I' 'V' 'V'],1.0109,-0.061160006,-0.0122451998293399,0.04887925,0.007526155,0.0026361062656441,[1.0202 0.9667 0.9546 1.0662 1.0468],[-0.049  -0.064  -0.0667 -0.0671 -0.059 ],[-0.014396 -0.01294  -0.011952 -0.014079 -0.007859],[0.43398547 0.47912034 0.48661297 0.49965989 0.47340316],[0.60000002 0.51085109 0.4980142  0.50156032 0.49695039],[0.49862834 0.47817333 0.47834944 0.48117221 0.47315556],0.4745563646157583,0.5214752038319906,0.4818957746028901,0.0247169251750833,0.0442365998024254,0.0097893659644566,['-111.9' '-118.1' '-116.3' '-106.1' '-112.5'],['135.5' '126.4' '120.6' '123.9' '119.8'],['E' 'E' 'E' 'E' 'E'],['E' 'E' 'E' 'E' 'E'],-2.94,-27.0,0.3507135583350036,16.73320053068151,-2.9,-2.0,[-2.6 -2.9 -2.7 -3.  -3.5],[-35  -7 -39 -11 -43],-0.4599999999999999,-2.0,0.0547722557505166,0.0,-0.5,[-0.4 -0.4 -0.5 -0.5 -0.5],[-2 -2 -2 -2 -2],-2.5,-27.0,0.4123105625617659,16.73320053068151,-2.2,-35.0,[-3.  -2.2 -2.9 -2.2 -2.2],[-35  -7 -39 -11 -43],-0.5,2.0,0.0,0.0,-0.5,2.0,[-0.5 -0.5 -0.5 -0.5 -0.5],[2 2 2 2 2],E,1,[0.11427518 0.18567669 0.13527531 0.16179304 0.18578486],True,Beta
687203,47,51,labels,5,1-p,1u0k,A,['S' 'I' 'F' 'L' 'L'],0.86562,-0.090940006,-0.0170968001708388,0.110850826,0.009104286,0.0029033827509483,[0.9076 0.7365 0.8968 0.7749 1.0123],[-0.08   -0.0858 -0.1044 -0.0916 -0.0929],[-0.015226 -0.016234 -0.017664 -0.014519 -0.021841],[0.31972304 0.41386941 0.39225484 0.43717798 0.42492918],[0.54914898 0.44666669 0.43843974 0.43340427 0.44453903],[0.47828498 0.47270887 0.47310165 0.46998666 0.47279166],0.3975908895333609,0.4624397397041321,0.4733747641245524,0.0465601367316701,0.0487513466139025,0.003018590352148,['-116.4' '-124.7' '-121.0' '-102.8' '-122.4'],['148.9' '139.6' '122.6' '140.4' '105.5'],['E' 'E' 'E' 'E' 'E'],['E' 'E' 'E' 'E' 'E'],-2.5,-2.6,0.264575131106459,21.547621678505493,-2.6,-2.0,[-2.1 -2.4 -2.6 -2.8 -2.6],[ 17 -26  13 -26   9],-0.38,-2.0,0.0836660026534075,0.0,-0.4,[-0.3 -0.3 -0.4 -0.5 -0.4],[-2 -2 -2 -2 -2],-2.38,-1.6,0.4604345773288535,20.19405853215247,-2.4,9.0,[-2.4 -2.6 -1.8 -3.  -2.1],[ 17 -24  13 -23   9],-0.32,-8.2,0.1643167672515498,14.007141035914502,-0.4,2.0,[-0.4 -0.5 -0.4 -0.2 -0.1],[  2   2   2 -22 -25],E,1,[0.12990077 0.21535481 0.16478654 0.19775069 0.22078238],True,Beta
688649,20,23,labels,4,1-p,1rhh,B,['Q' 'V' 'S' 'C'],0.90082496,-0.08845,-0.0130670000799,0.1412566,0.0025683986,0.0032175982073191,[0.9442 1.0241 0.6973 0.9377],[-0.0886 -0.0898 -0.0848 -0.0906],[-0.015267 -0.01634  -0.010845 -0.009816],[0.4291641  0.43418091 0.43312217 0.39450262],[0.43815605 0.45163122 0.45021279 0.45021279],[0.47538278 0.47641555 0.4794439  0.47649223],0.4227424487471581,0.4475532099604607,0.4769336134195328,0.0189499553396153,0.0063003569009031,0.0017483167982045,['-122.8' '-105.5' '-105.1' '-140.7'],['119.8' '127.1' '155.0' '115.7'],['E' 'E' 'E' 'E'],['E' 'E' 'E' 'E'],-1.45,28.5,1.161895003862225,35.25620512760839,-1.4,28.5,[-0.4 -2.6 -0.5 -2.3],[-2 61 -2 57],-0.3,29.5,0.1414213562373095,36.40970566575164,-0.25,[-0.2 -0.5 -0.2 -0.3],[63 -2 59 -2],-1.7,26.5,1.2110601416389966,38.12698082285912,-1.5,29.5,[-0.5 -1.9 -1.1 -3.3],[  2  61 -14  57],-0.35,17.25,0.1290994448735805,30.5,-0.35,2.0,[-0.2 -0.3 -0.4 -0.5],[63  2  2  2],E,1,[0.12747643 0.21263593 0.15886744 0.19113672 0.21641595],True,Beta
689926,756,759,labels,4,1-p,6b9o,A,['E' 'F' 'S' 'V'],0.885925,-0.049425,-0.0097495000227354,0.13537437,0.007515485,0.0053210671865631,[0.9407 1.016  0.6987 0.8883],[-0.0459 -0.0478 -0.0436 -0.0604],[-0.016283 -0.011361 -0.003876 -0.007478],[0.36238209 0.43251952 0.42398445 0.38899718],[0.62269507 0.54092201 0.53063832 0.49773052],[0.47861388 0.48248888 0.48738055 0.48592834],0.4019708074629307,0.5479964787761371,0.4836029137174289,0.0324212154330145,0.0530970793956055,0.0039076700410855,['-130.0' '-109.8' '-123.3' '-128.8'],['118.6' '121.2' '139.0' '127.0'],['E' 'E' 'E' 'E'],['E' 'E' 'E' 'E'],-2.25,25.5,0.3109126351029606,39.90405159045048,-2.1500000000000004,-2.0,[-2.  -2.2 -2.1 -2.7],[ 62  -7  58 -11],-0.4,-2.0,0.0816496580927726,0.0,-0.4,[-0.3 -0.4 -0.5 -0.4],[-2 -2 -2 -2],-2.125,25.5,0.3403429642777022,39.90405159045048,-2.2,25.5,[-2.  -2.4 -1.7 -2.4],[ 62  -7  58 -11],-0.425,2.0,0.0499999999999999,0.0,-0.4,2.0,[-0.5 -0.4 -0.4 -0.4],[2 2 2 2],E,1,[0.12210905 0.19804708 0.15330244 0.18370643 0.20573045],True,Beta
691730,384,388,labels,5,1-p,1tqy,D,['A' 'L' 'V' 'L' 'A'],0.83074,-0.05086,-0.0085880001541227,0.14416541,0.009589212,0.0053386279014005,[0.7291 1.0004 0.975  0.743  0.7062],[-0.0449 -0.0634 -0.0563 -0.0388 -0.0509],[-0.00891  -0.015772 -0.011463 -0.003664 -0.003131],[0.36000399 0.44051706 0.44278113 0.39486096 0.34646843],[0.61099291 0.52156029 0.52588654 0.53475179 0.49971634],[0.49741224 0.47991946 0.48283391 0.48985668 0.48867724],0.3969263136386872,0.5385815739631653,0.4877399086952209,0.0444869058589166,0.0424837114122384,0.006784938579066,['-124.9' '-110.4' '-111.7' '-113.7' '-156.4'],['142.2' '125.4' '127.2' '154.2' '133.4'],['E' 'E' 'E' 'E' 'E'],['E' 'E' 'E' 'E' 'E'],-2.7,-29.6,0.3535533905932737,57.03332359244024,-2.8,-2.0,[-2.9 -2.5 -3.1 -2.8 -2.2],[ 16 -92  12 -92   8],-0.42,-2.0,0.0836660026534075,0.0,-0.4,[-0.4 -0.4 -0.5 -0.5 -0.3],[-2 -2 -2 -2 -2],-2.16,-10.4,1.1907980517283356,44.79732134849136,-2.1,8.0,[-3.1 -3.3 -2.1 -0.3 -2. ],[ 16 -90  12   2   8],-0.38,3.6,0.1303840481040529,3.577708763999664,-0.4,2.0,[-0.5 -0.5 -0.3 -0.2 -0.4],[ 2  2  2 10  2],E,1,[0.10121256 0.14988538 0.13050799 0.15560511 0.17087998],True,Beta
695131,26,29,labels,4,1-p,6fm6,A,['M' 'A' 'V' 'A'],0.88259995,-0.0355,-0.0064384998986497,0.11192335,0.00980306,0.0017755175946903,[0.7204 0.9727 0.902  0.9353],[-0.0214 -0.0387 -0.0378 -0.0441],[-0.004847 -0.0089   -0.00551  -0.006497],[0.32487014 0.42269766 0.45770122 0.44133149],[0.62404259 0.56886528 0.55276601 0.54992912],[0.49518114 0.48930168 0.48838501 0.48696888],0.4116501261790594,0.573900749286016,0.4899591803550721,0.059594463363836,0.0344522689616024,0.0036111436532987,['-143.6' '-114.2' '-115.5' '-124.9'],['133.2' '127.0' '134.3' '133.4'],['E' 'E' 'E' 'E'],['E' 'E' 'E' 'E'],-2.6,160.0,0.1414213562373096,169.7566886262021,-2.6500000000000004,-2.0,[-2.6 -2.7 -2.7 -2.4],[ 15 309  11 305],-0.375,-2.0,0.0957427107756338,0.0,-0.35,[-0.3 -0.3 -0.5 -0.4],[-2 -2 -2 -2],-2.7,160.0,0.2160246899469286,169.7566886262021,-2.75,160.0,[-2.4 -2.9 -2.7 -2.8],[ 15 309  11 305],-0.425,2.0,0.0499999999999999,0.0,-0.4,2.0,[-0.5 -0.4 -0.4 -0.4],[2 2 2 2],E,1,[0.09623224 0.1424515  0.12102545 0.14527657 0.16254512],True,Beta
695222,48,51,labels,4,1-p,4zt8,A,['L' 'L' 'M' 'H'],1.02615,-0.08405,-0.0210022497922182,0.12550493,0.0060302024,0.0037520075800682,[0.9715 0.9188 1.0081 1.2062],[-0.0831 -0.0912 -0.0853 -0.0766],[-0.024879 -0.023062 -0.019668 -0.0164  ],[0.38352431 0.47210009 0.51032872 0.49824281],[0.57049649 0.45418443 0.45879436 0.47496457],[0.48273223 0.46243944 0.46714999 0.47632332],0.4660489819943905,0.4896099617083868,0.4721612433592478,0.0572831396346746,0.0546555505311991,0.0091048462146918,['-89.6' '-101.6' '-106.0' '-93.9'],['139.1' '124.4' '120.2' '114.5'],['E' 'E' 'E' 'E'],['E' 'E' 'E' 'E'],-2.5,-5.75,1.4165686240583852,29.848227194703988,-3.05,-2.0,[-3.5 -0.4 -3.  -3.1],[ 16  -2  12 -49],-0.4499999999999999,2.0,0.1732050807568877,8.0,-0.5,[-0.5 -0.2 -0.5 -0.6],[-2 14 -2 -2],-2.6,-16.5,0.621825270205921,35.25620512760839,-2.6,-17.5,[-3.3 -1.9 -2.9 -2.3],[ 16 -47  12 -47],-0.55,2.0,0.1290994448735805,0.0,-0.55,2.0,[-0.5 -0.6 -0.7 -0.4],[2 2 2 2],E,1,[0.11006322 0.17594713 0.12955773 0.15447407 0.17704127],True,Beta
695860,26,29,labels,4,1-p,1brt,A,['V' 'V' 'L' 'I'],0.98475,-0.08175,-0.0157547502312809,0.063747026,0.0032542283,0.0027951272673323,[1.0423 1.0279 0.9656 0.9032],[-0.0831 -0.0855 -0.078  -0.0804],[-0.013623 -0.019866 -0.014892 -0.014638],[0.46446087 0.49448021 0.47182319 0.40574155],[0.44290783 0.46340428 0.46531918 0.45184401],[0.46512668 0.47312166 0.47255776 0.47372999],0.4591264550884565,0.4558688228329023,0.4711340243617694,0.0378131323510289,0.0104925171135894,0.0040333986039291,['-123.0' '-103.8' '-104.7' '-118.4'],['116.6' '121.5' '123.0' '114.0'],['E' 'E' 'E' 'E'],['E' 'E' 'E' 'E'],-2.825,46.0,0.2629955639676584,23.094010767585036,-2.75,-2.0,[-2.6 -3.2 -2.7 -2.8],[26 66 26 66],-0.475,-2.0,0.1258305739211791,0.0,-0.5,[-0.3 -0.5 -0.6 -0.5],[-2 -2 -2 -2],-2.15,48.0,0.9746794344808964,23.094010767585036,-2.4000000000000004,48.0,[-2.7 -3.  -0.8 -2.1],[28 68 28 68],-0.45,19.25,0.1732050807568877,34.5,-0.5,2.0,[-0.6 -0.5 -0.5 -0.2],[ 2  2  2 71],E,1,[0.11878281 0.19583625 0.14216786 0.17023363 0.19558182],True,Beta
698447,737,740,labels,4,1-p,6se7,A,['V' 'I' 'T' 'V'],0.87520003,-0.082399994,-0.013751000049524,0.094897166,0.009304839,0.0051969208441215,[0.7365 0.9516 0.9071 0.9056],[-0.0913 -0.0857 -0.0832 -0.0694],[-0.012748 -0.016862 -0.018533 -0.006861],[0.35752818 0.42271397 0.45025748 0.39132641],[0.42212767 0.45375889 0.4692908  0.45992911],[0.4756211  0.47325389 0.47652444 0.47789723],0.4054565094411373,0.4512766177455585,0.475824164847533,0.0400072111448049,0.0204548204374954,0.0019523952855844,['-127.7' '-111.9' '-105.3' '-114.6'],['128.1' '129.9' '130.8' '131.1'],['E' 'E' 'E' 'E'],['E' 'E' 'E' 'E'],-2.325,0.5,0.5123475382979799,33.04037933599835,-2.45,-2.0,[-1.6 -2.4 -2.8 -2.5],[ 32 -26  26 -30],-0.425,-2.0,0.0957427107756338,0.0,-0.45,[-0.3 -0.4 -0.5 -0.5],[-2 -2 -2 -2],-2.2,0.0,1.0033277962194942,32.41398874971525,-2.45,0.0,[-0.8 -3.1 -2.7 -2.2],[ 30 -26  26 -30],-0.425,2.0,0.0957427107756338,0.0,-0.45,2.0,[-0.5 -0.5 -0.4 -0.3],[2 2 2 2],E,1,[0.13831833 0.23766848 0.17471761 0.21111798 0.23817761],True,Beta
699406,360,363,labels,4,1-p,7ebb,A,['A' 'I' 'I' 'Y'],0.92315,-0.063250005,-0.0085777498316019,0.12888263,0.0046378886,0.0026109279162801,[1.0478 0.7439 0.9321 0.9688],[-0.0581 -0.0608 -0.0683 -0.0658],[-0.009058 -0.007546 -0.011936 -0.005771],[0.43647757 0.44366071 0.43079296 0.40870602],[0.50290781 0.50553192 0.50007092 0.46872342],[0.4832239  0.48414444 0.48597055 0.47991443],0.4299093137184779,0.4943085163831712,0.4833133270343145,0.0150842448750291,0.0172018918791836,0.0025371956511661,['-109.3' '-132.1' '-108.5' '-113.2'],['135.5' '129.3' '132.9' '130.7'],['E' 'E' 'E' 'E'],['E' 'E' 'E' 'E'],-2.975,-33.0,0.1892969448600091,22.06052281036573,-3.05,-2.0,[-3.1 -2.7 -3.  -3.1],[-50 -12 -54 -16],-0.425,-2.0,0.0499999999999999,0.0,-0.4,[-0.5 -0.4 -0.4 -0.4],[-2 -2 -2 -2],-2.6499999999999995,-33.0,0.7681145747868608,22.06052281036573,-2.3,-33.0,[-3.8 -2.3 -2.3 -2.2],[-50 -12 -54 -16],-0.4,2.0,0.0,0.0,-0.4,2.0,[-0.4 -0.4 -0.4 -0.4],[2 2 2 2],E,1,[0.1275608  0.21162626 0.15728667 0.18791789 0.21160071],True,Beta
699974,176,179,labels,4,1-p,4kte,L,['S' 'Y' 'L' 'S'],0.883,-0.078999996,-0.0129324998706579,0.14631055,0.009215568,0.0045606126313307,[0.7428 0.7725 0.9868 1.0299],[-0.089  -0.0808 -0.0795 -0.0667],[-0.010617 -0.011527 -0.019699 -0.009887],[0.34506763 0.40754955 0.45431326 0.40582299],[0.45226953 0.4614894  0.477305   0.45496457],[0.48252834 0.47675389 0.47715943 0.48081944],0.4031883577505747,0.4615071266889573,0.4793152759472529,0.0447874079300971,0.0112206871188157,0.0028163012841937,['-139.6' '-125.1' '-114.3' '-92.0'],['140.5' '131.2' '117.6' '128.3'],['E' 'E' 'E' 'E'],['E' 'E' 'E' 'E'],-2.475,-31.5,0.2629955639676583,14.617341299520463,-2.55,-2.0,[-2.5 -2.7 -2.1 -2.6],[-42 -17 -46 -21],-0.425,-2.0,0.1258305739211791,0.0,-0.4,[-0.3 -0.4 -0.4 -0.6],[-2 -2 -2 -2],-2.075,-25.75,1.228481447424692,22.51480994071828,-2.45,-29.5,[-3.1 -2.3 -2.6 -0.3],[-42 -17 -46   2],-0.425,-10.5,0.1707825127659933,25.0,-0.45,2.0,[-0.4 -0.6 -0.5 -0.2],[  2   2   2 -48],E,1,[0.13542403 0.23023805 0.17033828 0.20528326 0.231107  ],True,Beta
701365,36,41,labels,6,1-p,7sjq,A,['M' 'T' 'I' 'E' 'C' 'K'],0.8626167,-0.07693333,-0.0110131665909041,0.19798529,0.00831184,0.0045280579998118,[0.6621 1.0859 1.0308 0.6547 1.002  0.7402],[-0.0784 -0.0772 -0.0917 -0.0748 -0.0668 -0.0727],[-0.008136 -0.013785 -0.019033 -0.008441 -0.009164 -0.00752 ],[0.4165244  0.45261926 0.45141392 0.43774804 0.39041425 0.36897886],[0.43801422 0.46290783 0.46546102 0.4728369  0.48631209 0.45290784],[0.47322389 0.47724777 0.47707833 0.47964555 0.48604168 0.48045001],0.4196164558331172,0.4630733165476058,0.4789478729168575,0.0342213812245996,0.0165673897022055,0.0042945236303447,['-125.4' '-121.7' '-106.3' '-107.9' '-146.2' '-100.8'],['147.5' '112.7' '132.3' '146.0' '116.2' '146.5'],['E' 'E' 'E' 'E' 'E' 'E'],['E' 'E' 'E' 'E' 'E' 'E'],-1.7166666666666668,26.666666666666668,1.4190372323045883,38.20296672598434,-1.7,-2.0,[-2.8 -0.3 -2.9 -0.4 -0.6 -3.3],[ 65  -2  61  -2  57 -19],-0.3,19.0,0.0894427190999916,32.55764119219941,-0.3,[-0.4 -0.2 -0.4 -0.2 -0.3 -0.3],[-2 63 -2 59 -2 -2],-1.883333333333333,28.0,1.260819839099412,37.04051835490427,-2.25,29.5,[-2.8 -0.4 -2.5 -0.3 -3.3 -2. ],[ 65   2  61   2  57 -19],-0.3,18.33333333333333,0.0632455532033676,32.20351947639678,-0.3,2.0,[-0.4 -0.3 -0.3 -0.3 -0.3 -0.2],[  2  63   2 -14   2  55],E,1,[0.13865188 0.23649257 0.17619973 0.21172097 0.23693485],True,Beta
705784,97,104,labels,8,1-p,8cpn,A,['L' 'K' 'K' 'Q' 'D' 'E' 'V' 'V'],0.8477875,-0.058675,-0.0092560001357924,0.19006045,0.009623594,0.0052081491858112,[1.1659 0.9508 0.6804 0.7161 0.7632 0.7205 0.7079 1.0775],[-0.062  -0.0482 -0.0425 -0.0546 -0.0677 -0.067  -0.0686 -0.0588],"[-0.019214 -0.010618 -0.002402 -0.004863 -0.009199 -0.006207 -0.012856
 -0.008689]","[0.4556489  0.45560004 0.38233527 0.35177841 0.35831    0.35697437
 0.4081685  0.38279134]","[0.53099293 0.53000001 0.53524824 0.52141846 0.50404258 0.49411349
 0.50042556 0.50446812]","[0.35603555 0.48209221 0.490065   0.49085334 0.48873946 0.48429889
 0.48458224 0.48575833]",0.3939508547385534,0.5150886736810207,0.4703031284734607,0.0422322068044122,0.0160870178731417,0.0462716205648785,['-103.9' '-99.2' '-130.9' '-140.6' '-132.5' '-137.6' '-137.1' '-110.5'],['116.7' '140.3' '155.1' '154.1' '155.5' '142.4' '143.9' '124.0'],['E' 'E' 'E' 'E' 'E' 'E' 'E' 'E'],['E' 'E' 'E' 'E' 'E' 'E' 'E' 'E'],-1.6625,-7.0,1.4549791358346984,6.324555320336759,-1.4,-5.0,[-3.5 -0.6 -3.6 -0.3 -2.5 -0.3 -2.2 -0.3],[ -6  -2 -10  -2 -14  -2 -18  -2],-0.3,-8.0,0.1195228609334393,7.250615737399726,-0.25,[-0.5 -0.2 -0.4 -0.2 -0.3 -0.2 -0.4 -0.2],[ -2  -8  -2 -12  -2 -16  -2 -20],-1.8625,-17.0,1.3340994822618846,32.05352666132966,-2.35,-8.0,[-2.2 -0.3 -2.5 -0.3 -3.1 -0.3 -3.2 -3. ],[ -6   2 -10   2 -14   2 -18 -94],-0.325,-3.25,0.1035098339013531,7.55456342692472,-0.3,2.0,[-0.4 -0.3 -0.3 -0.2 -0.4 -0.2 -0.5 -0.3],[  2  -8   2 -12   2 -16   2   2],E,1,[0.11877653 0.1892576  0.15209901 0.1828531  0.20316084],True,Beta
705865,174,177,labels,4,1-p,6gxx,H,['S' 'S' 'V' 'T'],0.83345,-0.075224996,-0.0095287499716505,0.14792028,0.008517579,0.002889299384211,[0.7737 0.7741 0.7326 1.0534],[-0.0875 -0.073  -0.0678 -0.0726],[-0.012513 -0.008049 -0.011308 -0.006245],[0.35699068 0.37143839 0.41699677 0.36296847],[0.45482272 0.476383   0.48695038 0.45631208],[0.48170499 0.48229443 0.48577666 0.48453277],0.3770985764761767,0.468617044389248,0.4835772141814232,0.0272512439951344,0.0156856275710195,0.0019062550954084,['-134.7' '-114.0' '-137.8' '-114.1'],['135.1' '149.3' '137.7' '122.0'],['E' 'E' 'E' 'E'],['E' 'E' 'E' 'E'],-2.375,-29.5,0.7632168761236874,13.47837774610382,-2.35,-2.0,[-2.1 -3.3 -2.6 -1.5],[-39 -16 -43 -20],-0.35,-2.0,0.0577350269189625,0.0,-0.35,[-0.3 -0.4 -0.3 -0.4],[-2 -2 -2 -2],-2.05,-35.75,1.2871156384205216,13.400870618483465,-2.45,-41.0,[-2.2 -2.7 -3.1 -0.2],[-39 -16 -43 -45],-0.3,1.0,0.2160246899469286,2.0,-0.35,2.0,[-0.3 -0.4 -0.5 -0. ],[ 2  2  2 -2],E,1,[0.12521565 0.20232992 0.16142313 0.19331554 0.21326447],True,Beta
706743,182,185,labels,4,1-p,4wcy,H,['S' 'S' 'V' 'T'],0.77915,-0.07335,-0.0086987500544637,0.08572105,0.0063981763,0.0025914837434093,[0.7426 0.7245 0.7424 0.9071],[-0.0822 -0.0739 -0.0687 -0.0686],[-0.01097  -0.007214 -0.010803 -0.005808],[0.34697337 0.35988998 0.38668424 0.33402417],[0.46680855 0.47886529 0.48851067 0.45489365],[0.48409721 0.4838961  0.48676387 0.4853811 ],0.3568929396569729,0.4722695375482242,0.4850345700979233,0.0224935728895698,0.014594772450115,0.0013273201298181,['-139.5' '-112.0' '-140.1' '-121.0'],['136.7' '154.9' '143.7' '125.1'],['E' 'E' 'E' 'E'],['E' 'E' 'E' 'E'],-2.125,-29.5,0.7088723439378913,13.47837774610382,-2.4000000000000004,-2.0,[-2.2 -2.6 -2.6 -1.1],[-39 -16 -43 -20],-0.325,-2.0,0.05,0.0,-0.3,[-0.3 -0.4 -0.3 -0.3],[-2 -2 -2 -2],-1.975,-35.75,1.1954775893619531,13.400870618483465,-2.45,-41.0,[-2.5 -2.4 -2.8 -0.2],[-39 -16 -43 -45],-0.275,1.0,0.206155281280883,2.0,-0.3,2.0,[-0.3 -0.3 -0.5 -0. ],[ 2  2  2 -2],E,1,[0.09362532 0.13447684 0.12466019 0.1500216  0.16412027],True,Beta
707868,211,215,labels,5,1-p,4ou9,D,['T' 'L' 'T' 'L' 'L'],0.88901997,-0.05514,-0.0083957998082041,0.1423901,0.007989869,0.0044954669983984,[0.8802 0.8886 0.9303 1.0715 0.6745],[-0.0494 -0.046  -0.061  -0.0653 -0.054 ],[-0.005718 -0.005583 -0.013261 -0.013285 -0.004132],[0.38362204 0.43963751 0.470797   0.43592376 0.4283334 ],[0.49829789 0.5273759  0.5160993  0.51042556 0.4912057 ],[0.48615168 0.48635447 0.48215056 0.48295667 0.48464721],0.4316627422968547,0.5086808701356252,0.4844521184762319,0.0313537758555222,0.0143245321514914,0.0018761011149757,['-128.1' '-118.5' '-117.0' '-94.8' '-132.0'],['123.7' '124.6' '120.9' '132.2' '138.7'],['E' 'E' 'E' 'E' 'E'],['E' 'E' 'E' 'E' 'E'],-3.1000000000000005,0.0,0.2738612787525831,14.053469322555197,-3.1,-2.0,[-3.2 -3.1 -2.8 -3.5 -2.9],[ -6  17 -10  13 -14],-0.44,-2.0,0.0547722557505166,0.0,-0.4,[-0.4 -0.4 -0.5 -0.5 -0.4],[-2 -2 -2 -2 -2],-2.54,0.0,0.3577708763999662,14.053469322555197,-2.8,-6.0,[-2.8 -2.8 -2.1 -2.2 -2.8],[ -6  17 -10  13 -14],-0.4399999999999999,2.0,0.0547722557505166,0.0,-0.4,2.0,[-0.5 -0.5 -0.4 -0.4 -0.4],[2 2 2 2 2],E,1,[0.13464395 0.22854942 0.16883183 0.20338704 0.22914339],True,Beta
708109,91,94,labels,4,1-p,4yl7,A,['S' 'A' 'A' 'W'],0.83587503,-0.067825,-0.0081269999500364,0.1662153,0.009007174,0.0031151946431975,[0.6603 0.8872 0.7536 1.0424],[-0.0606 -0.0803 -0.0685 -0.0619],[-0.004502 -0.01134  -0.010001 -0.006665],[0.39653866 0.37481006 0.43704765 0.43862762],[0.48780145 0.48978727 0.48886529 0.48574471],[0.483155   0.48564278 0.48444112 0.46935335],0.4117559989293416,0.4880496809879939,0.4806480631232261,0.0314023425411043,0.0017377107812631,0.0075980223164617,['-141.6' '-122.8' '-129.7' '-105.3'],['144.6' '141.6' '127.1' '119.7'],['E' 'E' 'E' 'E'],['E' 'E' 'E' 'E'],-2.325,139.5,0.8301606270274848,149.55155186980397,-2.45,-2.0,[-2.5 -1.2 -2.4 -3.2],[ 12 271   8 267],-0.35,-2.0,0.0577350269189625,0.0,-0.35,[-0.3 -0.3 -0.4 -0.4],[-2 -2 -2 -2],-2.575,139.5,0.3862210075418822,149.55155186980397,-2.5,139.5,[-3.1 -2.4 -2.6 -2.2],[ 12 271   8 267],-0.5249999999999999,2.0,0.1499999999999999,0.0,-0.5,2.0,[-0.4 -0.4 -0.6 -0.7],[2 2 2 2],E,1,[0.12160624 0.19430671 0.15649859 0.18680871 0.20637308],True,Beta
708911,125,128,labels,4,1-p,5hd6,D,['V' 'T' 'Y' 'R'],0.95362496,-0.063575,-0.0117012498667463,0.1234834,0.007914281,0.0035116547802107,[1.0351 0.7698 0.9986 1.011 ],[-0.0693 -0.0673 -0.0658 -0.0519],[-0.01518  -0.013332 -0.011289 -0.007004],[0.34084895 0.45664248 0.45271702 0.46547076],[0.56269508 0.4947518  0.50709223 0.51617024],[0.47770722 0.47788833 0.48243055 0.48607944],0.4289198021094004,0.5201773370305698,0.4810263837377231,0.0589556368207483,0.0296731803720387,0.0040153610454983,['-104.9' '-115.1' '-110.7' '-125.5'],['133.1' '136.8' '130.9' '123.5'],['E' 'E' 'E' 'E'],['E' 'E' 'E' 'E'],-2.575,-23.5,0.206155281280883,51.43604443060009,-2.55,-2.0,[-2.8 -2.4 -2.7 -2.4],[-66  23 -70  19],-0.4,-2.0,0.0,0.0,-0.4,[-0.4 -0.4 -0.4 -0.4],[-2 -2 -2 -2],-2.45,-23.5,0.3316624790355398,51.43604443060009,-2.35,-23.5,[-2.5 -2.9 -2.2 -2.2],[-66  23 -70  19],-0.425,2.0,0.0499999999999999,0.0,-0.4,2.0,[-0.4 -0.4 -0.4 -0.5],[2 2 2 2],E,1,[0.13183738 0.22417497 0.16020053 0.19200425 0.21845991],True,Beta
709334,668,671,labels,4,1-p,8uxt,A,['I' 'R' 'F' 'A'],0.84592503,-0.078875,-0.0097862500697374,0.17527191,0.007288518,0.0023060782836857,[1.1084 0.7591 0.7704 0.7458],[-0.0808 -0.0721 -0.0743 -0.0883],[-0.013009 -0.009882 -0.007965 -0.008289],[0.44377473 0.42966906 0.37060769 0.33612535],[0.47106386 0.47716316 0.47184402 0.41226954],[0.47635387 0.48285776 0.48547999 0.48221444],0.3950442100564639,0.4580851445595423,0.4817265172799428,0.0504715064274268,0.0306637331645651,0.0038501795721864,['-107.3' '-117.0' '-123.1' '-130.4'],['128.0' '142.1' '142.0' '146.3'],['E' 'E' 'E' 'E'],['E' 'E' 'E' 'E'],-2.9000000000000004,0.5,0.5830951894845301,12.342339054382412,-2.95,-2.0,[-3.4 -2.5 -3.4 -2.3],[ -8  13 -12   9],-0.4499999999999999,-2.0,0.0577350269189625,0.0,-0.45,[-0.5 -0.5 -0.4 -0.4],[-2 -2 -2 -2],-1.925,3.75,1.2120918557051137,9.03234926989282,-2.25,5.0,[-2.9 -2.8 -0.3 -1.7],[-8 13  2  8],-0.65,6.0,0.6403124237432849,4.69041575982343,-0.4,5.5,[-0.4 -0.4 -0.2 -1.6],[ 2  2 11  9],E,1,[0.14745662 0.23786815 0.18344066 0.21073182 0.22050276],True,Beta
709399,1227,1230,labels,4,l3(10),8uxt,A,['T' 'K' 'H' 'Y'],0.849275,-0.08945,-0.0158227500505745,0.030273559,0.008438207,0.0027558681954676,[0.8504 0.8072 0.8781 0.8614],[-0.0856 -0.0849 -0.1021 -0.0852],[-0.014362 -0.013587 -0.019771 -0.015571],[0.34853704 0.41302241 0.41481412 0.441983  ],[0.50787238 0.44496458 0.44524827 0.43893619],[0.48436722 0.47348888 0.47281722 0.47383723],0.4045891438921293,0.459255355099837,0.4761276369293531,0.039647654794752,0.0325418118704213,0.0055093445700419,['-129.4' '-116.0' '-105.5' '-111.3'],['130.9' '133.0' '138.2' '126.0'],['E' 'E' 'E' 'E'],['E' 'E' 'E' 'E'],-3.525,1.5,0.8616843969807043,16.901676445449624,-3.55,-2.0,[-2.6 -3.  -4.4 -4.1],[ 18 -11  14 -15],-0.375,-2.0,0.05,0.0,-0.4,[-0.3 -0.4 -0.4 -0.4],[-2 -2 -2 -2],-1.675,5.75,0.8261355820929154,13.073510112692254,-1.95,8.0,[-1.7 -2.3 -2.2 -0.5],[ 18 -11  14   2],-0.375,4.5,0.1258305739211791,5.0,-0.4,2.0,[-0.4 -0.4 -0.5 -0.2],[ 2  2  2 12],E,1,[0.13808949 0.23423589 0.17677128 0.21339265 0.23751068],True,Beta
710234,160,163,labels,4,1-p,1ty2,A,['L' 'E' 'I' 'A'],0.9522,-0.082499996,-0.0148764997720718,0.12136298,0.008824967,0.0050461705255255,[1.0513 0.7753 0.9959 0.9863],[-0.0804 -0.0716 -0.0926 -0.0854],[-0.014239 -0.009647 -0.021774 -0.013846],[0.39836294 0.45973726 0.44914987 0.42628109],[0.4811348  0.46482274 0.46127663 0.42617023],[0.47932888 0.47463333 0.47485166 0.46937111],0.4333827917774518,0.4583511004845302,0.4745462437470754,0.0272028339103349,0.0231311213610245,0.0040725292997034,['-112.5' '-121.1' '-113.4' '-91.9'],['125.8' '135.1' '117.4' '123.9'],['E' 'E' 'E' 'E'],['E' 'E' 'E' 'E'],-2.6,26.0,0.3559026084010438,18.618986725025252,-2.5,-2.0,[-2.6 -2.4 -2.3 -3.1],[12 44  8 40],-0.475,-2.0,0.0957427107756337,0.0,-0.45,[-0.4 -0.5 -0.4 -0.6],[-2 -2 -2 -2],-2.625,25.75,0.3862210075418821,18.373440976946405,-2.65,25.5,[-2.4 -2.2 -2.9 -3. ],[12 44  8 39],-0.625,11.5,0.2629955639676583,19.0,-0.55,2.0,[-0.4 -0.6 -0.5 -1. ],[ 2  2  2 40],E,1,[0.12886167 0.21679413 0.15670685 0.18775867 0.21332626],True,Beta
710663,45,48,labels,4,1-p,5cr6,D,['V' 'I' 'E' 'R'],0.9863,-0.053200003,-0.0077055001165717,0.10067543,0.009486483,0.0033230676188286,[1.1297 0.9759 0.8987 0.9409],[-0.0662 -0.0479 -0.0447 -0.054 ],[-0.012152 -0.007855 -0.006585 -0.00423 ],[0.47268646 0.48934939 0.45859708 0.38772668],[0.51113478 0.52567381 0.5343263  0.50283692],[0.48077501 0.48522668 0.48962779 0.48604056],0.4520899032553037,0.5184929519891739,0.4854175100723903,0.0447118718812059,0.014159959052003,0.0036379423697759,['-102.9' '-108.8' '-131.2' '-111.9'],['119.7' '132.8' '117.5' '132.6'],['E' 'E' 'E' 'E'],['E' 'E' 'E' 'E'],-2.7,146.5,0.1414213562373094,184.18921430601372,-2.6500000000000004,-2.0,[-2.9 -2.6 -2.6 -2.7],[308 -11 304 -15],-0.5,-2.0,0.1154700538379251,0.0,-0.5,[-0.6 -0.6 -0.4 -0.4],[-2 -2 -2 -2],-2.05,146.5,0.7325753658611971,184.18921430601372,-2.25,146.5,[-2.3 -2.2 -2.7 -1. ],[308 -11 304 -15],-0.425,2.0,0.0499999999999999,0.0,-0.4,2.0,[-0.4 -0.4 -0.5 -0.4],[2 2 2 2],E,1,[0.11023721 0.17501833 0.13205489 0.15714383 0.17916212],True,Beta
710680,192,195,labels,4,1-p,5cr6,D,['I' 'V' 'N' 'F'],0.976975,-0.066025,-0.0108429997926577,0.14821091,0.009796385,0.0028291514167288,[1.0028 0.7732 1.1287 1.0032],[-0.0774 -0.0659 -0.0673 -0.0535],[-0.013927 -0.009485 -0.012343 -0.007617],[0.42416361 0.47312623 0.4731914  0.4771006 ],[0.48446812 0.48893621 0.50588656 0.5153192 ],[0.47996999 0.48013611 0.48364167 0.48497779],0.4618954608837764,0.4986525227626165,0.4821813901265463,0.0252231200361643,0.0144419928316188,0.0025183178779574,['-105.4' '-128.1' '-98.2' '-114.6'],['133.6' '121.9' '123.9' '123.0'],['E' 'E' 'E' 'E'],['E' 'E' 'E' 'E'],-2.6,6.0,0.2449489742783178,54.320039273427135,-2.55,-2.0,[-2.9 -2.4 -2.4 -2.7],[-39  55 -43  51],-0.45,-2.0,0.0999999999999999,0.0,-0.4,[-0.4 -0.4 -0.4 -0.6],[-2 -2 -2 -2],-2.3,6.0,0.2581988897471611,54.320039273427135,-2.3,6.0,[-2.  -2.6 -2.2 -2.4],[-39  55 -43  51],-0.475,2.0,0.0957427107756337,0.0,-0.45,2.0,[-0.4 -0.6 -0.5 -0.4],[2 2 2 2],E,1,[0.12292856 0.20414644 0.14778186 0.17672319 0.20186627],True,Beta
712833,710,714,labels,5,1-p,7vl5,A,['K' 'V' 'I' 'K' 'E'],0.87097996,-0.072799996,-0.0132405998185277,0.11268347,0.007338936,0.003376006071891,[0.7699 0.9333 0.9492 0.9733 0.7292],[-0.0778 -0.064  -0.066  -0.0758 -0.0804],[-0.011827 -0.009992 -0.012271 -0.013207 -0.018906],[0.3622518  0.43203087 0.46516126 0.43191684 0.41502588],[0.46936172 0.490922   0.49234045 0.48070926 0.47446812],[0.48315835 0.48106113 0.48029447 0.47534224 0.47165612],0.4212773303190867,0.4815603117148083,0.4783024628957113,0.037675361508758,0.0100459143886957,0.0046929384232513,['-130.4' '-120.2' '-109.4' '-102.3' '-120.5'],['142.3' '126.5' '127.6' '134.7' '137.5'],['E' 'E' 'E' 'E' 'E'],['E' 'E' 'E' 'E' 'E'],-1.66,-21.2,1.1970797801316335,17.75387281693772,-2.0,-2.0,[-2.  -0.3 -2.6 -0.5 -2.9],[-30  -2 -34  -2 -38],-0.3,-14.8,0.1,17.584083712266615,-0.3,[-0.3 -0.2 -0.4 -0.2 -0.4],[ -2 -32  -2 -36  -2],-1.88,-19.6,1.3827508813954883,19.91983935678197,-2.1,-30.0,[-3.3 -0.5 -3.1 -0.4 -2.1],[-30   2 -34   2 -38],-0.36,-12.4,0.1673320053068151,19.76866206904251,-0.4,2.0,[-0.4 -0.2 -0.4 -0.2 -0.6],[  2 -32   2 -36   2],E,1,[0.13935202 0.23730423 0.17626137 0.21142077 0.23566162],True,Beta
715006,958,962,labels,5,1-p,9bz0,b,['T' 'V' 'Y' 'R' 'L'],0.97648,-0.07728,-0.0142350001260638,0.07904523,0.008177224,0.0050992604727267,[1.0914 0.9015 0.9218 1.023  0.9447],[-0.0816 -0.0674 -0.0737 -0.0888 -0.0749],[-0.013621 -0.010156 -0.011482 -0.023042 -0.012874],[0.45950923 0.47475509 0.46361388 0.47065042 0.41608462],[0.46879434 0.48035462 0.47524825 0.4699291  0.46198586],[0.47422165 0.48041166 0.47517777 0.47366777 0.47463499],0.4569226483503977,0.4712624311447143,0.4756227672100067,0.023588426761454,0.006936834379074,0.0027336954525106,['-106.0' '-112.5' '-110.9' '-102.2' '-89.6'],['126.4' '124.4' '127.1' '122.0' '134.7'],['E' 'E' 'E' 'E' 'E'],['E' 'E' 'E' 'E' 'E'],-2.74,-98.2,0.618869937870632,92.0173896608679,-2.6,-2.0,[-1.9 -3.4 -3.3 -2.6 -2.5],[ -31 -199  -31 -199  -31],-0.5,-2.0,0.0,0.0,-0.5,[-0.5 -0.5 -0.5 -0.5 -0.5],[-2 -2 -2 -2 -2],-2.22,-90.0,1.0756393447619883,98.49365461794989,-2.7,-29.0,[-2.6 -2.7 -2.7 -2.8 -0.3],[ -29 -197  -29 -197    2],-0.42,-37.8,0.1303840481040529,88.99550550449162,-0.5,2.0,[-0.5 -0.5 -0.5 -0.4 -0.2],[   2    2    2    2 -197],E,1,[0.12489159 0.20676848 0.15037278 0.17879734 0.20253581],True,Beta
715022,33,36,labels,4,1-p,7s8j,A,['W' 'Y' 'R' 'Q'],0.818325,-0.082425,-0.0106349999550729,0.11480155,0.006348427,0.0033947021584484,[0.9004 0.6851 0.9268 0.761 ],[-0.0804 -0.0773 -0.0917 -0.0803],[-0.010125 -0.009519 -0.015432 -0.007464],[0.36689396 0.40921097 0.38650508 0.37497296],[0.46411351 0.46141847 0.46148938 0.40907804],[0.48038777 0.48051331 0.48199166 0.46945   ],0.3843957409262658,0.449024851123492,0.4780856842796008,0.0183969757031825,0.0266607174584911,0.0058030079769217,['-116.7' '-123.7' '-112.8' '-128.6'],['134.2' '149.5' '139.0' '130.3'],['E' 'E' 'E' 'E'],['E' 'E' 'E' 'E'],-2.65,30.75,0.1732050807568876,23.52835169180649,-2.6,-2.0,[-2.5 -2.9 -2.6 -2.6],[13 53  8 49],-0.375,-2.0,0.05,0.0,-0.4,[-0.4 -0.4 -0.3 -0.4],[-2 -2 -2 -2],-2.975,30.5,0.45,23.78374795247096,-2.85,30.5,[-3.6 -2.6 -3.  -2.7],[12 53  8 49],-0.45,5.5,0.3316624790355399,5.196152422706632,-0.4,3.5,[-0.9 -0.4 -0.4 -0.1],[13  2  2  5],E,1,[0.11360173 0.17648728 0.14771707 0.17709249 0.19511907],True,Beta
716208,225,228,labels,4,1-p,6cmk,A,['F' 'A' 'L' 'S'],0.8379,-0.061149996,-0.0110042500309646,0.16027983,0.0074469224,0.0037676465932359,[0.9647 0.6657 0.9837 0.7375],[-0.0527 -0.0598 -0.0708 -0.0613],[-0.013689 -0.007281 -0.014762 -0.008285],[0.35829373 0.42579245 0.38878544 0.34850447],[0.61177309 0.5082979  0.50219862 0.46177307],[0.50085443 0.48014887 0.48315111 0.48173722],0.3803440220654011,0.5210106695691745,0.4864729071656863,0.0348175684773393,0.0639333478828763,0.0096657956175471,['-112.9' '-120.8' '-123.4' '-103.5'],['140.5' '138.8' '131.5' '149.1'],['E' 'E' 'E' 'E'],['E' 'E' 'E' 'E'],-2.325,0.0,0.6849574196011505,10.64581294844754,-2.1500000000000004,-2.0,[-2.2 -3.3 -2.1 -1.7],[ 11  -7   7 -11],-0.4,-2.0,0.0,0.0,-0.4,[-0.4 -0.4 -0.4 -0.4],[-2 -2 -2 -2],-2.7,-0.25,0.5715476066494083,10.996211468804455,-2.85,0.0,[-2.7 -1.9 -3.2 -3. ],[ 11  -7   7 -12],-0.325,2.0,0.0957427107756338,0.0,-0.35,2.0,[-0.4 -0.4 -0.3 -0.2],[2 2 2 2],E,1,[0.11259262 0.1753686  0.1449788  0.17505644 0.1938999 ],True,Beta
718330,34,37,labels,4,1-p,4pjh,E,['W' 'Y' 'Q' 'Q'],0.85897505,-0.0845,-0.0117385000921785,0.12609777,0.0066598314,0.0024722426179238,[0.9174 0.6733 0.9519 0.8933],[-0.076  -0.0838 -0.0921 -0.0861],[-0.008502 -0.012153 -0.014511 -0.011788],[0.36054152 0.41414632 0.41022084 0.41440693],[0.47141846 0.45964541 0.45248229 0.40652486],[0.48349999 0.48046334 0.47863778 0.457815  ],0.3998289033770562,0.4475177551309268,0.4751040289799373,0.0262614923148628,0.0284217526343154,0.0116991780537476,['-120.9' '-126.2' '-104.6' '-135.3'],['137.6' '147.4' '136.8' '104.3'],['E' 'E' 'E' 'E'],['E' 'E' 'E' 'E'],-2.7,30.25,0.3915780041490245,22.954665466232928,-2.65,-2.0,[-2.3 -2.5 -2.8 -3.2],[13 52  8 48],-0.35,-2.0,0.0577350269189625,0.0,-0.35,[-0.3 -0.4 -0.3 -0.4],[-2 -2 -2 -2],-2.575,30.0,0.25,23.20919358070561,-2.55,30.0,[-2.9 -2.5 -2.3 -2.6],[12 52  8 48],-0.65,5.0,0.714142842854285,5.354126134736337,-0.4,2.5,[-1.7 -0.4 -0.4 -0.1],[13  2  2  3],E,1,[0.13888007 0.23591186 0.17677233 0.2122055  0.23623024],True,Beta
718917,177,180,labels,4,1-p,9mid,L,['S' 'Y' 'L' 'S'],0.88077503,-0.079375,-0.0124724998604506,0.17376857,0.008576856,0.0050570778030112,[0.7662 0.7075 0.9699 1.0795],[-0.0843 -0.0844 -0.0822 -0.0666],[-0.009271 -0.011006 -0.019975 -0.009638],[0.34700593 0.39802089 0.44905214 0.41452094],[0.45780145 0.46035465 0.47290783 0.45517734],[0.48339166 0.47763778 0.47743388 0.48034721],0.4021499752998352,0.4615603163838386,0.479702631632487,0.0424686865329922,0.0078547486402661,0.0027949525642712,['-137.8' '-124.2' '-120.1' '-88.9'],['139.4' '140.1' '114.2' '128.6'],['E' 'E' 'E' 'E'],['E' 'E' 'E' 'E'],-2.4,-31.5,0.1632993161855451,14.617341299520463,-2.4,-2.0,[-2.4 -2.6 -2.2 -2.4],[-42 -17 -46 -21],-0.4,-2.0,0.0816496580927726,0.0,-0.4,[-0.3 -0.4 -0.4 -0.5],[-2 -2 -2 -2],-1.95,-25.75,1.161895003862225,22.51480994071828,-2.25,-29.5,[-3.  -2.1 -2.4 -0.3],[-42 -17 -46   2],-0.3999999999999999,-10.5,0.1414213562373095,25.0,-0.45,2.0,[-0.4 -0.5 -0.5 -0.2],[  2   2   2 -48],E,1,[0.1345901  0.22826674 0.16949802 0.20486613 0.23052532],True,Beta
719804,52,56,labels,5,1-p,4kgd,A,['H' 'Y' 'I' 'Q' 'V'],0.92420006,-0.0999,-0.0228915996849536,0.18253735,0.00572931,0.0023525102179739,[0.7649 0.9659 1.0173 1.1569 0.716 ],[-0.1071 -0.0939 -0.0942 -0.1028 -0.1015],[-0.022811 -0.019109 -0.025471 -0.023949 -0.023118],[0.35378188 0.44761877 0.51146891 0.47076445 0.44349784],[0.5024823  0.4289362  0.43198586 0.42659578 0.49177309],[0.46921222 0.46256055 0.46192833 0.45970111 0.45711667],0.4454263687133789,0.4563546458880106,0.4621037781238556,0.0579026630194645,0.0374614009589145,0.0045114702322329,['-118.2' '-83.0' '-110.8' '-82.6' '-88.9'],['110.4' '128.8' '110.3' '112.6' '173.6'],['E' 'E' 'E' 'E' ''],['E' 'E' 'E' 'E' 'P'],-1.5399999999999998,-15.8,1.1304866208850064,12.597618822618822,-1.0,-2.0,[-2.5 -0.6 -3.  -0.6 -1. ],[-25  -2 -25  -2 -25],-0.36,-11.2,0.2073644135332771,12.597618822618822,-0.3,[-0.3 -0.2 -0.4 -0.2 -0.7],[ -2 -25  -2 -25  -2],-0.8399999999999999,-12.8,0.7700649323271382,13.971399357258385,-0.6,-23.0,[-1.8 -0.6 -1.5 -0.2 -0.1],[-23   2 -23 -23   3],-0.28,76.6,0.2774887385102321,181.10991137980272,-0.2,2.0,[-0.4 -0.2 -0.7 -0.1 -0. ],[  2 -23   2   2 400],E,1,[0.0975646  0.14641638 0.12023361 0.14408689 0.1626314 ],True,Beta
720026,96,99,labels,4,1-p,1gt9,2,['A' 'V' 'Y' 'F'],1.008325,-0.075825006,-0.0138312499038875,0.04183977,0.009643089,0.0066531319325855,[1.0586 1.0263 0.9802 0.9682],[-0.079  -0.0852 -0.0767 -0.0624],[-0.012886 -0.019697 -0.017905 -0.004837],[0.47884342 0.49925266 0.48452804 0.38582096],[0.46170215 0.46744683 0.47921989 0.44815607],[0.47294499 0.47195111 0.47642277 0.48376611],0.4621112706760566,0.464131236076355,0.476271244386832,0.0515822020278356,0.012906938898384,0.0053517434192806,['-115.5' '-105.0' '-98.3' '-101.0'],['120.4' '116.2' '117.1' '131.6'],['E' 'E' 'E' 'E'],['E' 'E' 'E' 'E'],-2.825,-54.0,0.3862210075418822,16.165807537309522,-2.85,-2.0,[-2.4 -3.2 -3.1 -2.6],[-68 -40 -68 -40],-0.55,-2.0,0.0577350269189625,0.0,-0.55,[-0.5 -0.5 -0.6 -0.6],[-2 -2 -2 -2],-2.775,-52.0,0.2217355782608344,16.165807537309522,-2.8,-52.0,[-2.7 -2.9 -3.  -2.5],[-66 -38 -66 -38],-0.5,-7.25,0.1414213562373095,18.5,-0.55,2.0,[-0.6 -0.6 -0.5 -0.3],[  2   2   2 -35],E,1,[0.12609783 0.21275699 0.14948312 0.17815983 0.20448675],True,Beta
